{"type": "FeatureCollection", "features": [{"type": "Feature", "properties": {"category": "lycian_way", "name": "Likya Yolu", "ref": "", "relation_id": 51855, "role": ""}, "geometry": {"type": "LineString", "coordinates": [[29.4241253, 36.2578914], [29.4243745, 36.2574097], [29.4245943, 36.2570558], [29.4246623, 36.2567973], [29.4246138, 36.2566647], [29.425455, 36.2557294], [29.4258, 36.2552987], [29.4261576, 36.2549908]]}}, {"type": "Feature", "properties": {"category": "lycian_way", "name": "Likya Yolu", "ref": "", "relation_id": 51855, "role": ""}, "geometry": {"type": "LineString", "coordinates": [[29.4190012, 36.2662496], [29.4191915, 36.2663815], [29.4194386, 36.2664678], [29.4198526, 36.2663664], [29.4201838, 36.2662655], [29.4205066, 36.2660798], [29.4206541, 36.2659612], [29.4207863, 36.2656338], [29.4207456, 36.2653455], [29.4207562, 36.2649089], [29.4207888, 36.2645184], [29.4208363, 36.2641142], [29.4209532, 36.2637444], [29.4209786, 36.263351], [29.420968, 36.262956], [29.4210793, 36.2626102], [29.4211451, 36.2622505], [29.4211495, 36.261881], [29.4212385, 36.2615617], [29.4213905, 36.2615068], [29.4214055, 36.2614827], [29.4217234, 36.2609721], [29.4219877, 36.2604179], [29.4222862, 36.2598976], [29.4223828, 36.2596586], [29.4228063, 36.2593552], [29.4232259, 36.2591869], [29.423474, 36.2588792], [29.4237209, 36.2584165], [29.4237286, 36.2582662], [29.424019, 36.258079], [29.4241253, 36.2578914]]}}, {"type": "Feature", "properties": {"category": "lycian_way", "name": "Likya Yolu", "ref": "", "relation_id": 51855, "role": ""}, "geometry": {"type": "LineString", "coordinates": [[29.418959, 36.266093], [29.4190012, 36.2662496]]}}, {"type": "Feature", "properties": {"category": "lycian_way", "name": "Likya Yolu", "ref": "", "relation_id": 51855, "role": ""}, "geometry": {"type": "LineString", "coordinates": [[29.4183874, 36.2657625], [29.4187491, 36.2659716], [29.418959, 36.266093]]}}, {"type": "Feature", "properties": {"category": "lycian_way", "name": "Likya Yolu", "ref": "", "relation_id": 51855, "role": ""}, "geometry": {"type": "LineString", "coordinates": [[29.417514, 36.2654222], [29.4181984, 36.2656887], [29.4183874, 36.2657625]]}}, {"type": "Feature", "properties": {"category": "lycian_way", "name": "Likya Yolu", "ref": "", "relation_id": 51855, "role": ""}, "geometry": {"type": "LineString", "coordinates": [[29.417514, 36.2654222], [29.4174219, 36.2655993]]}}, {"type": "Feature", "properties": {"category": "lycian_way", "name": "Likya Yolu", "ref": "", "relation_id": 51855, "role": ""}, "geometry": {"type": "LineString", "coordinates": [[29.4174017, 36.2655534], [29.4173889, 36.26559], [29.4174219, 36.2655993]]}}, {"type": "Feature", "properties": {"category": "lycian_way", "name": "Likya Yolu", "ref": "", "relation_id": 51855, "role": ""}, "geometry": {"type": "LineString", "coordinates": [[29.4170449, 36.2654663], [29.4174017, 36.2655534]]}}, {"type": "Feature", "properties": {"category": "lycian_way", "name": "Likya Yolu", "ref": "", "relation_id": 51855, "role": ""}, "geometry": {"type": "LineString", "coordinates": [[29.417082, 36.2654024], [29.4170715, 36.2654015], [29.4170449, 36.2654663]]}}, {"type": "Feature", "properties": {"category": "lycian_way", "name": "Likya Yolu", "ref": "", "relation_id": 51855, "role": ""}, "geometry": {"type": "LineString", "coordinates": [[29.4171333, 36.265299], [29.417082, 36.2654024]]}}, {"type": "Feature", "properties": {"category": "lycian_way", "name": "Likya Yolu", "ref": "", "relation_id": 51855, "role": ""}, "geometry": {"type": "LineString", "coordinates": [[29.4170077, 36.2652795], [29.4171333, 36.265299]]}}, {"type": "Feature", "properties": {"category": "lycian_way", "name": "Likya Yolu", "ref": "", "relation_id": 51855, "role": ""}, "geometry": {"type": "LineString", "coordinates": [[29.4170077, 36.2652795], [29.4162847, 36.2648282]]}}, {"type": "Feature", "properties": {"category": "lycian_way", "name": "Likya Yolu", "ref": "", "relation_id": 51855, "role": ""}, "geometry": {"type": "LineString", "coordinates": [[29.4147186, 36.2655349], [29.4150049, 36.2655357], [29.4152095, 36.2654898], [29.4156921, 36.2651589], [29.4158604, 36.2650531], [29.4160392, 36.2649446], [29.4162847, 36.2648282]]}}, {"type": "Feature", "properties": {"category": "lycian_way", "name": "Likya Yolu", "ref": "", "relation_id": 51855, "role": ""}, "geometry": {"type": "LineString", "coordinates": [[29.4147186, 36.2655349], [29.4147161, 36.2655569], [29.4147047, 36.265577], [29.4146857, 36.2655929], [29.4146613, 36.265603], [29.4146341, 36.265606], [29.4146073, 36.2656016], [29.4145837, 36.2655904], [29.414566, 36.2655735]]}}, {"type": "Feature", "properties": {"category": "lycian_way", "name": "Likya Yolu", "ref": "", "relation_id": 51855, "role": ""}, "geometry": {"type": "LineString", "coordinates": [[29.414566, 36.2655735], [29.4142013, 36.2658205], [29.4140413, 36.2659764], [29.4138337, 36.2661097]]}}, {"type": "Feature", "properties": {"category": "lycian_way", "name": "Likya Yolu", "ref": "", "relation_id": 51855, "role": ""}, "geometry": {"type": "LineString", "coordinates": [[29.4137266, 36.2660966], [29.4137481, 36.2660886], [29.4137714, 36.2660859], [29.4137948, 36.2660888], [29.4138161, 36.266097], [29.4138337, 36.2661097]]}}, {"type": "Feature", "properties": {"category": "lycian_way", "name": "Likya Yolu", "ref": "", "relation_id": 51855, "role": ""}, "geometry": {"type": "LineString", "coordinates": [[29.4137266, 36.2660966], [29.4132049, 36.2660065], [29.4125072, 36.2659169], [29.412111, 36.2658423], [29.4119043, 36.2658089], [29.4113543, 36.2657064], [29.4111967, 36.2656743], [29.4108202, 36.2656035], [29.4103928, 36.2655323], [29.4103496, 36.2655239], [29.4102518, 36.2655039], [29.4093705, 36.2653329], [29.4086888, 36.2652304], [29.4080703, 36.2651546], [29.4077772, 36.2651202], [29.4073984, 36.2650683], [29.4068472, 36.2652212], [29.406687, 36.2652676], [29.4065578, 36.2653039], [29.4063427, 36.2653272], [29.4058393, 36.2653226], [29.4053928, 36.2653131], [29.4052684, 36.2653911], [29.4050715, 36.2655145], [29.404833, 36.2656805], [29.4042831, 36.2658988], [29.4042342, 36.2658927], [29.403865, 36.2658467], [29.403544, 36.2658101], [29.4033278, 36.2658672], [29.4028985, 36.2659755], [29.4024896, 36.2660663], [29.4018903, 36.2660339], [29.4013794, 36.2659589], [29.4007253, 36.2658177], [29.4006821, 36.2658055], [29.3996969, 36.2655684], [29.3992116, 36.2658028], [29.3985301, 36.2662495], [29.398208, 36.2657045], [29.398151, 36.265609], [29.3979821, 36.2653368], [29.3978731, 36.2651738], [29.3977467, 36.2649564], [29.3975405, 36.2647886]]}}, {"type": "Feature", "properties": {"category": "lycian_way", "name": "Likya Yolu", "ref": "", "relation_id": 51855, "role": ""}, "geometry": {"type": "LineString", "coordinates": [[29.4261576, 36.2549908], [29.426244, 36.2546552], [29.4266023, 36.2544196], [29.4266789, 36.254104], [29.427238, 36.2538442], [29.4274221, 36.2536626]]}}, {"type": "Feature", "properties": {"category": "lycian_way", "name": "Likya Yolu", "ref": "", "relation_id": 51855, "role": ""}, "geometry": {"type": "LineString", "coordinates": [[29.4274221, 36.2536626], [29.4276339, 36.2534538], [29.4277134, 36.253342], [29.4277713, 36.2533239], [29.4278195, 36.2531779], [29.4279212, 36.2531315]]}}, {"type": "Feature", "properties": {"category": "lycian_way", "name": "Likya Yolu", "ref": "", "relation_id": 51855, "role": ""}, "geometry": {"type": "LineString", "coordinates": [[29.4279212, 36.2531315], [29.4280226, 36.253007], [29.4280786, 36.2528699], [29.4281957, 36.2527944], [29.4282589, 36.2527536], [29.428281, 36.2526917], [29.4283622, 36.2524645], [29.4285694, 36.2521928], [29.4288386, 36.2519248], [29.4290493, 36.2518053], [29.4291335, 36.2516499], [29.42933, 36.2515657], [29.4294086, 36.2512631], [29.4295054, 36.2509998], [29.4295872, 36.250815], [29.4294652, 36.2507034]]}}, {"type": "Feature", "properties": {"category": "lycian_way", "name": "Likya Yolu", "ref": "", "relation_id": 51855, "role": ""}, "geometry": {"type": "LineString", "coordinates": [[29.4294652, 36.2507034], [29.4295814, 36.2506278], [29.4296976, 36.2505521], [29.4299568, 36.2502998]]}}, {"type": "Feature", "properties": {"category": "lycian_way", "name": "Likya Yolu", "ref": "", "relation_id": 51855, "role": ""}, "geometry": {"type": "LineString", "coordinates": [[29.4299568, 36.2502998], [29.4305079, 36.250618], [29.4305581, 36.2506518], [29.431136, 36.2510417]]}}, {"type": "Feature", "properties": {"category": "lycian_way", "name": "Likya Yolu", "ref": "", "relation_id": 51855, "role": ""}, "geometry": {"type": "LineString", "coordinates": [[29.431136, 36.2510417], [29.4313251, 36.2509438], [29.4313998, 36.2508364], [29.4316684, 36.2506707], [29.4317804, 36.25049], [29.4318411, 36.2503977], [29.4318365, 36.2502847], [29.4320396, 36.2500004], [29.4322241, 36.2497725], [29.4322941, 36.2496784], [29.4323782, 36.2496991], [29.4324179, 36.2495127], [29.4324102, 36.2493508]]}}, {"type": "Feature", "properties": {"category": "lycian_way", "name": "Likya Yolu", "ref": "", "relation_id": 51855, "role": ""}, "geometry": {"type": "LineString", "coordinates": [[29.4324102, 36.2493508], [29.4326594, 36.2493801], [29.4327434, 36.2494389], [29.4328102, 36.2493687], [29.4329173, 36.2494334], [29.4330431, 36.2492953], [29.4330564, 36.249455], [29.4331516, 36.2494321], [29.4332057, 36.2494817], [29.4332964, 36.249449], [29.4333818, 36.2496246], [29.4334286, 36.2498535], [29.4334755, 36.2499393], [29.4335569, 36.2499583], [29.4336284, 36.2499284], [29.4337474, 36.2497287], [29.43396, 36.2495325], [29.4340429, 36.2493885], [29.434285, 36.2493147], [29.434136, 36.2497313], [29.4340751, 36.2499937], [29.4341226, 36.250171], [29.434272, 36.2503313], [29.4343611, 36.2504319], [29.4346424, 36.2504919], [29.4346328, 36.2507301], [29.4344571, 36.2511714], [29.4348114, 36.251497], [29.4349766, 36.251513], [29.4352954, 36.251425], [29.4358062, 36.2511476], [29.4358087, 36.2510342], [29.4359292, 36.2509035], [29.4359375, 36.2507728], [29.4359164, 36.2506031], [29.4360037, 36.2505022], [29.4360126, 36.2502528], [29.4360234, 36.2501144], [29.4360498, 36.250007], [29.4362965, 36.2501108], [29.4368059, 36.2503972], [29.4372211, 36.2507171], [29.4374701, 36.2507842], [29.4376949, 36.250817], [29.4379678, 36.2509426]]}}, {"type": "Feature", "properties": {"category": "lycian_way", "name": "Likya Yolu", "ref": "", "relation_id": 51855, "role": ""}, "geometry": {"type": "LineString", "coordinates": [[29.4379678, 36.2509426], [29.4379353, 36.251018], [29.43771, 36.2513898], [29.4369753, 36.252489], [29.4367188, 36.2527352], [29.4362801, 36.2530498], [29.4359516, 36.2534919], [29.4358324, 36.2536784], [29.4357498, 36.2538094], [29.4355046, 36.2542071], [29.435393, 36.2544412], [29.4353946, 36.2544952], [29.435396, 36.2545451], [29.4354027, 36.2547775], [29.4352449, 36.2550367]]}}, {"type": "Feature", "properties": {"category": "lycian_way", "name": "Likya Yolu", "ref": "", "relation_id": 51855, "role": ""}, "geometry": {"type": "LineString", "coordinates": [[29.4352449, 36.2550367], [29.4354019, 36.2551624], [29.4355036, 36.2556207], [29.4356093, 36.2558654], [29.4356775, 36.2562971], [29.4356836, 36.2567498]]}}, {"type": "Feature", "properties": {"category": "lycian_way", "name": "Likya Yolu", "ref": "", "relation_id": 51855, "role": ""}, "geometry": {"type": "LineString", "coordinates": [[29.4356836, 36.2567498], [29.4356152, 36.2570308], [29.4355609, 36.2572332], [29.4354605, 36.2575327], [29.4354866, 36.2577626], [29.435492, 36.2582031], [29.4354931, 36.2584929], [29.4353911, 36.2586507], [29.4353794, 36.2589263], [29.435282, 36.2591648], [29.4352514, 36.259521]]}}, {"type": "Feature", "properties": {"category": "lycian_way", "name": "Likya Yolu", "ref": "", "relation_id": 51855, "role": ""}, "geometry": {"type": "LineString", "coordinates": [[29.4352514, 36.259521], [29.4359619, 36.2590783], [29.4360321, 36.2589229], [29.4362913, 36.2586672], [29.4364663, 36.2585286], [29.4370344, 36.2581071], [29.4374419, 36.257823], [29.4374464, 36.2579258], [29.4374066, 36.2581386], [29.4372293, 36.2583695], [29.4371247, 36.2588498], [29.4369565, 36.2590294], [29.4369974, 36.2590761], [29.4371577, 36.2590129], [29.4373311, 36.2589481], [29.4375171, 36.2588026], [29.4375085, 36.2588572], [29.4374339, 36.2589881], [29.4373136, 36.2592318], [29.437137, 36.2593766], [29.4369122, 36.2596672], [29.4368499, 36.260082], [29.4369277, 36.2603526], [29.4367768, 36.2606874], [29.4363441, 36.2610297], [29.4360461, 36.2611382], [29.4358956, 36.2613175], [29.4358931, 36.2616939], [29.4359906, 36.2620973], [29.4359425, 36.2623301], [29.4358933, 36.2625226], [29.4356403, 36.2629472], [29.4354338, 36.2634295], [29.4353914, 36.263695], [29.4353096, 36.2639205], [29.4353492, 36.2643097], [29.4353198, 36.2645748], [29.4353198, 36.2648332], [29.4353497, 36.2649664], [29.4354892, 36.2650259], [29.4355346, 36.2652759], [29.4354801, 36.2656333], [29.4353539, 36.2659054], [29.4353081, 36.2660545], [29.4353331, 36.2661879], [29.4354426, 36.2662123], [29.4356472, 36.2661694], [29.4357658, 36.2660508], [29.4359506, 36.2659687], [29.4360461, 36.2658752], [29.4369658, 36.2654207], [29.4368444, 36.2656812], [29.4367945, 36.2659702], [29.4367216, 36.2662113], [29.4368427, 36.2665504], [29.4367485, 36.2667989], [29.4366598, 36.2669721], [29.436683, 36.2670367], [29.4367398, 36.2670428], [29.4369325, 36.2669563], [29.437307, 36.2667485], [29.437607, 36.2665317], [29.4377572, 36.2664147], [29.4379732, 36.2662787], [29.438241, 36.2661543], [29.438162, 36.2662488], [29.4381284, 36.2664142], [29.437976, 36.2666807], [29.4378669, 36.2668017], [29.4378192, 36.2670711], [29.4376452, 36.2675047], [29.4375672, 36.2679141], [29.4373021, 36.2686662], [29.4371272, 36.268907], [29.4368917, 36.2692019], [29.4367248, 36.2693662], [29.4364791, 36.2695425], [29.4363973, 36.269636], [29.4364253, 36.2697744], [29.4365399, 36.2699345], [29.4367046, 36.270089], [29.4368745, 36.2701401], [29.4370008, 36.2701143], [29.4373029, 36.2700298], [29.437541, 36.2699622], [29.4378942, 36.2700456], [29.4380913, 36.2700942], [29.4385045, 36.2701776], [29.4388603, 36.2703547], [29.4391796, 36.2705569], [29.4397165, 36.2708575], [29.4400971, 36.2710029], [29.4404071, 36.271082], [29.4409711, 36.2714242], [29.441202, 36.2717086], [29.4415861, 36.2720112], [29.4418154, 36.2722366], [29.4420703, 36.2723858], [29.4421722, 36.2724824], [29.4422718, 36.272632]]}}, {"type": "Feature", "properties": {"category": "lycian_way", "name": "Likya Yolu", "ref": "", "relation_id": 51855, "role": ""}, "geometry": {"type": "LineString", "coordinates": [[29.4422718, 36.272632], [29.4424764, 36.2728187], [29.4434811, 36.2733501], [29.4438371, 36.2737091], [29.4440391, 36.2738215], [29.4441444, 36.2739804], [29.4443852, 36.2741283], [29.4444767, 36.2742376], [29.4452752, 36.2745764], [29.4458217, 36.274864], [29.44681, 36.2751785], [29.4478007, 36.2754377], [29.4480671, 36.2754286]]}}, {"type": "Feature", "properties": {"category": "lycian_way", "name": "Likya Yolu", "ref": "", "relation_id": 51855, "role": ""}, "geometry": {"type": "LineString", "coordinates": [[29.4480671, 36.2754286], [29.4480848, 36.2753545], [29.4501267, 36.275241], [29.4502709, 36.2752251], [29.450649, 36.2753144], [29.4508775, 36.2754525], [29.4509943, 36.2756043], [29.4513322, 36.2756713], [29.4544418, 36.2755596], [29.4569877, 36.2756626], [29.4575914, 36.2757703], [29.4581814, 36.2756718], [29.4590055, 36.275692], [29.4594979, 36.2755977], [29.46005, 36.2755885], [29.4608139, 36.2754344], [29.4610515, 36.2756047], [29.4613031, 36.2756584], [29.462102, 36.2755569], [29.462192, 36.2753994], [29.4625752, 36.2753042], [29.4625221, 36.2744844], [29.4623548, 36.2742809], [29.4622467, 36.2740067], [29.4622338, 36.2737161], [29.4621778, 36.2732311], [29.4621023, 36.2728502], [29.4620195, 36.2725867], [29.4620651, 36.2723315], [29.4620235, 36.2719931], [29.4620962, 36.2718781], [29.4626683, 36.2717927], [29.4632562, 36.2716952]]}}, {"type": "Feature", "properties": {"category": "lycian_way", "name": "Likya Yolu", "ref": "", "relation_id": 51855, "role": ""}, "geometry": {"type": "LineString", "coordinates": [[29.4632562, 36.2716952], [29.4634156, 36.2717109], [29.4636959, 36.2709194], [29.4637916, 36.2708371], [29.4642514, 36.2706932], [29.4642871, 36.2703112]]}}, {"type": "Feature", "properties": {"category": "lycian_way", "name": "Likya Yolu", "ref": "", "relation_id": 51855, "role": ""}, "geometry": {"type": "LineString", "coordinates": [[29.4642871, 36.2703112], [29.4640757, 36.2699416], [29.4638918, 36.2691533], [29.463711, 36.2686586], [29.4635778, 36.2685352], [29.4635559, 36.2684423], [29.4636339, 36.2684587], [29.463775, 36.2685655], [29.4638622, 36.2687061], [29.4639225, 36.2687883]]}}, {"type": "Feature", "properties": {"category": "lycian_way", "name": "Likya Yolu", "ref": "", "relation_id": 51855, "role": ""}, "geometry": {"type": "LineString", "coordinates": [[29.4639225, 36.2687883], [29.4639667, 36.268771], [29.463889, 36.2685212], [29.4638193, 36.2684272], [29.4638354, 36.2684089], [29.4639234, 36.2683126], [29.4640231, 36.2683341], [29.4640969, 36.2684228], [29.4642396, 36.2684374], [29.4645475, 36.2678292], [29.464927, 36.2676594], [29.4650558, 36.2676627], [29.4650665, 36.2675783], [29.4652194, 36.2674702], [29.465383, 36.2672053], [29.4654809, 36.2671577], [29.4654675, 36.2669609], [29.4656984, 36.2666046], [29.4656984, 36.2663227], [29.4656333, 36.2662523], [29.465739, 36.2661451], [29.4657834, 36.2660379]]}}, {"type": "Feature", "properties": {"category": "lycian_way", "name": "Likya Yolu", "ref": "", "relation_id": 51855, "role": ""}, "geometry": {"type": "LineString", "coordinates": [[29.4657834, 36.2660379], [29.465722, 36.2659636], [29.4655822, 36.2659087], [29.4654663, 36.2659087], [29.4652583, 36.2659884], [29.4648571, 36.2662388], [29.4648196, 36.266181], [29.464881, 36.2660766], [29.4650739, 36.2658834], [29.4652651, 36.2656233], [29.4654927, 36.2651141], [29.4654991, 36.2649386], [29.4653641, 36.2645537], [29.4654007, 36.2643674], [29.4656002, 36.2645009]]}}, {"type": "Feature", "properties": {"category": "lycian_way", "name": "Likya Yolu", "ref": "", "relation_id": 51855, "role": ""}, "geometry": {"type": "LineString", "coordinates": [[29.4656002, 36.2645009], [29.4658765, 36.2651713], [29.4665471, 36.2661402], [29.4667804, 36.2665271]]}}, {"type": "Feature", "properties": {"category": "lycian_way", "name": "Likya Yolu", "ref": "", "relation_id": 51855, "role": ""}, "geometry": {"type": "LineString", "coordinates": [[29.4667804, 36.2665271], [29.4669011, 36.2665446], [29.4669802, 36.2666192], [29.4670468, 36.2666002], [29.4675161, 36.2668224], [29.4678208, 36.2666882], [29.4682084, 36.2667159], [29.4683697, 36.2668267], [29.4687171, 36.2668253], [29.4692756, 36.2666773], [29.4699871, 36.2668466], [29.4704592, 36.2671369], [29.4707881, 36.2670749], [29.4708438, 36.2669631], [29.4706701, 36.2668288], [29.471205, 36.2663303], [29.4710747, 36.2660964], [29.4712257, 36.2658106], [29.4710312, 36.2653949], [29.4710241, 36.2652424], [29.4710485, 36.2651431], [29.4710511, 36.2649722], [29.4711674, 36.2647943], [29.4710627, 36.2645897], [29.4713721, 36.2644326], [29.471115, 36.2640656], [29.4718337, 36.2644793], [29.4722754, 36.2645706], [29.4728775, 36.2648562], [29.4734431, 36.2650416]]}}, {"type": "Feature", "properties": {"category": "lycian_way", "name": "Likya Yolu", "ref": "", "relation_id": 51855, "role": ""}, "geometry": {"type": "LineString", "coordinates": [[29.4736384, 36.2651286], [29.4734431, 36.2650416]]}}, {"type": "Feature", "properties": {"category": "lycian_way", "name": "Likya Yolu", "ref": "", "relation_id": 51855, "role": ""}, "geometry": {"type": "LineString", "coordinates": [[29.4736384, 36.2651286], [29.4737539, 36.2649499], [29.4736291, 36.2647712], [29.4736111, 36.2646058], [29.4734176, 36.2644492], [29.4740264, 36.2638746], [29.4742825, 36.2637906]]}}, {"type": "Feature", "properties": {"category": "lycian_way", "name": "Likya Yolu", "ref": "", "relation_id": 51855, "role": ""}, "geometry": {"type": "LineString", "coordinates": [[29.473427, 36.2629265], [29.4738735, 36.2633635], [29.4742825, 36.2637906]]}}, {"type": "Feature", "properties": {"category": "lycian_way", "name": "Likya Yolu", "ref": "", "relation_id": 51855, "role": ""}, "geometry": {"type": "LineString", "coordinates": [[29.473427, 36.2629265], [29.4737808, 36.2627018], [29.4739224, 36.2626016], [29.4740799, 36.2625786], [29.4745395, 36.2623592], [29.4747996, 36.2620726]]}}, {"type": "Feature", "properties": {"category": "lycian_way", "name": "Likya Yolu", "ref": "", "relation_id": 51855, "role": ""}, "geometry": {"type": "LineString", "coordinates": [[29.4747996, 36.2620726], [29.4753665, 36.2620711], [29.4759438, 36.2617419], [29.4763406, 36.261425], [29.4766052, 36.2613022], [29.4764959, 36.2608045], [29.4767726, 36.260608], [29.4766473, 36.2602009], [29.4767405, 36.2598657], [29.4766085, 36.2596573], [29.4763641, 36.259619]]}}, {"type": "Feature", "properties": {"category": "lycian_way", "name": "Likya Yolu", "ref": "", "relation_id": 51855, "role": ""}, "geometry": {"type": "LineString", "coordinates": [[29.4763641, 36.259619], [29.4765954, 36.2595448], [29.4768013, 36.2595343]]}}, {"type": "Feature", "properties": {"category": "lycian_way", "name": "Likya Yolu", "ref": "", "relation_id": 51855, "role": ""}, "geometry": {"type": "LineString", "coordinates": [[29.4768013, 36.2595343], [29.4774365, 36.2598077], [29.4779629, 36.259894]]}}, {"type": "Feature", "properties": {"category": "lycian_way", "name": "Likya Yolu", "ref": "", "relation_id": 51855, "role": ""}, "geometry": {"type": "LineString", "coordinates": [[29.4779629, 36.259894], [29.4779784, 36.2600267], [29.4785753, 36.2605989], [29.4791894, 36.2609078], [29.4793701, 36.2609347], [29.4797049, 36.2609221]]}}, {"type": "Feature", "properties": {"category": "lycian_way", "name": "Likya Yolu", "ref": "", "relation_id": 51855, "role": ""}, "geometry": {"type": "LineString", "coordinates": [[29.4797049, 36.2609221], [29.4798119, 36.2609212]]}}, {"type": "Feature", "properties": {"category": "lycian_way", "name": "Likya Yolu", "ref": "", "relation_id": 51855, "role": ""}, "geometry": {"type": "LineString", "coordinates": [[29.4798119, 36.2609212], [29.4799832, 36.2609833], [29.4800766, 36.2610771], [29.4801818, 36.2613]]}}, {"type": "Feature", "properties": {"category": "lycian_way", "name": "Likya Yolu", "ref": "", "relation_id": 51855, "role": ""}, "geometry": {"type": "LineString", "coordinates": [[29.4801818, 36.2613], [29.4804756, 36.2614103], [29.4807492, 36.2614733], [29.4809134, 36.2614033], [29.4810091, 36.2612239], [29.4811793, 36.2612148], [29.4811787, 36.2609677], [29.4811328, 36.260895], [29.4812011, 36.2606794], [29.4811789, 36.2604067], [29.4812595, 36.2602506], [29.4813201, 36.2598225], [29.4815245, 36.2595526], [29.4816286, 36.2592678], [29.4820873, 36.2585407], [29.4826403, 36.2580327], [29.4832196, 36.2577136], [29.48332, 36.2575662], [29.4841067, 36.257222], [29.4842468, 36.2570517]]}}, {"type": "Feature", "properties": {"category": "lycian_way", "name": "Likya Yolu", "ref": "", "relation_id": 51855, "role": ""}, "geometry": {"type": "LineString", "coordinates": [[29.4842468, 36.2570517], [29.4841963, 36.2569724]]}}, {"type": "Feature", "properties": {"category": "lycian_way", "name": "Likya Yolu", "ref": "", "relation_id": 51855, "role": ""}, "geometry": {"type": "LineString", "coordinates": [[29.4841963, 36.2569724], [29.4840553, 36.2569831], [29.4838479, 36.2569445], [29.4837756, 36.256903], [29.4838452, 36.2568244], [29.48404, 36.2567834], [29.484142, 36.2567232], [29.4842344, 36.2566521], [29.4843178, 36.2565612]]}}, {"type": "Feature", "properties": {"category": "lycian_way", "name": "Likya Yolu", "ref": "", "relation_id": 51855, "role": ""}, "geometry": {"type": "LineString", "coordinates": [[29.4843178, 36.2565612], [29.484579, 36.2565381], [29.4847308, 36.2565089], [29.484973, 36.2565708], [29.4854553, 36.2567887], [29.485831, 36.2568841], [29.4861741, 36.2569681], [29.4869591, 36.2572179]]}}, {"type": "Feature", "properties": {"category": "lycian_way", "name": "Likya Yolu", "ref": "", "relation_id": 51855, "role": ""}, "geometry": {"type": "LineString", "coordinates": [[29.4869591, 36.2572179], [29.4869269, 36.2570971], [29.4869636, 36.2569748], [29.4868584, 36.2569577], [29.4869122, 36.2569014], [29.4869, 36.2567962], [29.4864865, 36.2566225], [29.4864327, 36.2563582], [29.4860755, 36.2560279], [29.4859091, 36.2557906], [29.4858112, 36.255705], [29.4858161, 36.2556658], [29.4856277, 36.2555508], [29.4855983, 36.2554603], [29.4856913, 36.25536], [29.4856302, 36.2553428], [29.4856571, 36.2552817], [29.4855837, 36.2552009], [29.4856277, 36.2550321], [29.4857696, 36.254807], [29.4857696, 36.2546847], [29.485892, 36.254577], [29.4858577, 36.2544963], [29.4859678, 36.2544571], [29.4858993, 36.2543715], [29.4859702, 36.2542957], [29.4861048, 36.2542687], [29.4862859, 36.2541366], [29.486347, 36.2541317], [29.4864449, 36.2540706], [29.4865305, 36.2540681], [29.4868021, 36.2539311], [29.4869196, 36.2537916], [29.4870321, 36.2537794], [29.4870248, 36.2538357], [29.4870566, 36.2538504], [29.4872181, 36.2536913], [29.4872915, 36.2536668], [29.4873208, 36.2536032], [29.4873551, 36.2536106], [29.4874065, 36.2535616], [29.4873967, 36.2535249], [29.487289, 36.2534638], [29.4872719, 36.2533341], [29.4876316, 36.2531481], [29.4876732, 36.2530136], [29.4877637, 36.2529402], [29.4877833, 36.252835], [29.4878567, 36.2527762], [29.4879374, 36.2527616], [29.4878567, 36.2526857], [29.4875484, 36.2525463], [29.4875215, 36.2524459], [29.4872964, 36.2522698], [29.487059, 36.2522502], [29.4868951, 36.2520594], [29.4867508, 36.2517731], [29.4865354, 36.2516605], [29.4860975, 36.2515578], [29.4859751, 36.251477], [29.4858479, 36.2514893], [29.4856864, 36.2514526], [29.4853708, 36.2514673], [29.4852436, 36.2514061], [29.4849255, 36.2513302], [29.4846977, 36.2513204], [29.4845903, 36.251247], [29.4841304, 36.2511891], [29.4835619, 36.2510243], [29.4829511, 36.2510117], [29.4828701, 36.2509563], [29.4823561, 36.2510058], [29.4821507, 36.2508893], [29.4821713, 36.2508207], [29.4821361, 36.2507639], [29.4819111, 36.2506452], [29.4816958, 36.2507234], [29.4815197, 36.2507088], [29.4810744, 36.2505081], [29.4809031, 36.2504788], [29.480771, 36.2503809], [29.4806707, 36.2504078], [29.4804994, 36.250332], [29.4803575, 36.2503515], [29.4802449, 36.2503148], [29.4800835, 36.2502023], [29.4798951, 36.2501558], [29.4796811, 36.2501926]]}}, {"type": "Feature", "properties": {"category": "lycian_way", "name": "Likya Yolu", "ref": "", "relation_id": 51855, "role": ""}, "geometry": {"type": "LineString", "coordinates": [[29.4796811, 36.2501926], [29.4796674, 36.2499388], [29.4795643, 36.2497365], [29.4793431, 36.2494756], [29.478906, 36.24921], [29.4786675, 36.2489506], [29.4783382, 36.2487785], [29.4770286, 36.2483459], [29.4762651, 36.2478821], [29.4758059, 36.247715], [29.4752363, 36.2474331], [29.4746338, 36.2472522], [29.4739271, 36.2468685], [29.4736661, 36.2466437], [29.4732496, 36.2464586], [29.4728712, 36.2461679], [29.4726149, 36.245786], [29.4725384, 36.2442677], [29.4726695, 36.2438936], [29.4732393, 36.2433545], [29.4735258, 36.2431941], [29.4741826, 36.2429202], [29.4746501, 36.2428068], [29.4747754, 36.242649], [29.4748014, 36.2424941], [29.4747773, 36.2423415], [29.4748309, 36.2420468], [29.4749675, 36.2419189], [29.4752611, 36.2417732], [29.4754744, 36.2415471], [29.4757846, 36.240988], [29.4758944, 36.2407633], [29.4761324, 36.2405223], [29.4761992, 36.2398285], [29.4761871, 36.2397122], [29.4760253, 36.2395025], [29.4755002, 36.2392114], [29.4755058, 36.2388277], [29.4753412, 36.2385293], [29.4755461, 36.2381538], [29.4754782, 36.2379672], [29.4751161, 36.2377101], [29.474858, 36.2374473], [29.4748745, 36.2372702], [29.4749773, 36.2371022], [29.475403, 36.2365886], [29.4755378, 36.2365155], [29.4768019, 36.2361499], [29.477504, 36.2362502], [29.4776264, 36.2360824], [29.4783298, 36.235675], [29.4784929, 36.2354929], [29.4791127, 36.2351344]]}}, {"type": "Feature", "properties": {"category": "lycian_way", "name": "Likya Yolu", "ref": "", "relation_id": 51855, "role": ""}, "geometry": {"type": "LineString", "coordinates": [[29.4791127, 36.2351344], [29.4794119, 36.2351602], [29.4806636, 36.2352853], [29.4810818, 36.235283], [29.4816827, 36.2352582], [29.4829503, 36.2350743], [29.48342, 36.2350861], [29.4840086, 36.2352692], [29.484237, 36.2352844], [29.4849707, 36.2351035], [29.4851581, 36.2351492], [29.4856182, 36.2350839], [29.4866739, 36.2350509], [29.4872032, 36.2349642], [29.4874916, 36.2350841], [29.487817, 36.2351165], [29.4881119, 36.2352774], [29.4879654, 36.2355257], [29.4881039, 36.235585], [29.4881082, 36.2356411], [29.4878838, 36.235941], [29.4880064, 36.2360255], [29.4880234, 36.2361232]]}}, {"type": "Feature", "properties": {"category": "lycian_way", "name": "Likya Yolu", "ref": "", "relation_id": 51855, "role": ""}, "geometry": {"type": "LineString", "coordinates": [[29.4880234, 36.2361232], [29.4882663, 36.2361737], [29.4883951, 36.2362212], [29.488616, 36.2364555], [29.4892001, 36.2366917], [29.4899004, 36.2370885], [29.4901248, 36.2374192], [29.4904169, 36.2375412], [29.4903968, 36.2377846], [29.4902176, 36.2380018], [29.4898128, 36.2385886], [29.489892, 36.2387956], [29.4912861, 36.2399692], [29.4914727, 36.2398971], [29.4917217, 36.2399573], [29.4919304, 36.2402344]]}}, {"type": "Feature", "properties": {"category": "lycian_way", "name": "Likya Yolu", "ref": "", "relation_id": 51855, "role": ""}, "geometry": {"type": "LineString", "coordinates": [[29.4919304, 36.2402344], [29.4923426, 36.2404449], [29.4926566, 36.2404602], [29.4936856, 36.2401645], [29.4938083, 36.2400736], [29.4942744, 36.239909], [29.495303, 36.2397476], [29.4970062, 36.2396741], [29.497363, 36.2396178], [29.4977084, 36.2396948], [29.4985265, 36.2398065], [29.4986598, 36.2399123], [29.4991519, 36.2401435], [29.4994832, 36.2402035], [29.5003228, 36.2401227], [29.5008394, 36.2401697], [29.5013454, 36.2400227], [29.5015692, 36.2398737], [29.5019864, 36.2397922], [29.5021671, 36.239657], [29.5022898, 36.2394839], [29.5026337, 36.2394135], [29.5030813, 36.2393885], [29.5033554, 36.2392802], [29.5042799, 36.2392684], [29.505272, 36.2394053], [29.5059229, 36.2393069], [29.5060245, 36.2393503], [29.5066217, 36.2391338], [29.506862, 36.2388413], [29.5073591, 36.2386517], [29.5080361, 36.2386401], [29.508573, 36.2385505], [29.509674, 36.2386328], [29.509932, 36.2385962], [29.5107043, 36.238645], [29.5115903, 36.2384941], [29.511905, 36.2384749], [29.5120963, 36.2385397], [29.5124847, 36.2384558], [29.5129227, 36.2384579], [29.5133461, 36.2383749], [29.5134902, 36.2382561], [29.5137845, 36.2378316], [29.513964, 36.2378031], [29.5142295, 36.2375852], [29.51443, 36.2376268], [29.5145247, 36.2377801], [29.515077, 36.2378482], [29.51609, 36.2378272], [29.5161702, 36.2377475], [29.516837, 36.2378048], [29.5170767, 36.2379336], [29.5174246, 36.2380418], [29.51753, 36.2380293], [29.5177771, 36.238185], [29.5185472, 36.2382243], [29.5188397, 36.2382961], [29.5191903, 36.2382659], [29.5194798, 36.2383113], [29.5196138, 36.2384878], [29.5205179, 36.238501], [29.5209794, 36.238553], [29.521302, 36.2387544], [29.5217338, 36.2391539], [29.5224801, 36.2395341], [29.5226557, 36.2397743], [29.5229473, 36.239944], [29.5233819, 36.2401503], [29.5241062, 36.2405965], [29.5249459, 36.2409906], [29.5252248, 36.2411684], [29.5257831, 36.2416587], [29.5258893, 36.2418243], [29.5265205, 36.242368], [29.5266526, 36.2425324], [29.5271622, 36.242833], [29.5272776, 36.2428588], [29.5274047, 36.2428106], [29.5275521, 36.2428262], [29.527848, 36.2430602], [29.5283298, 36.242982], [29.5290038, 36.2429445], [29.5299677, 36.2429581], [29.5301528, 36.24287], [29.530386, 36.2428474], [29.5306043, 36.2428543], [29.5307108, 36.242735], [29.531113, 36.2426086], [29.5315536, 36.2426571], [29.5317247, 36.2427433], [29.5319351, 36.2426231], [29.5321035, 36.2424125], [29.5323062, 36.2423291], [29.5324566, 36.2421257], [29.5326066, 36.2421173], [29.5326439, 36.242003], [29.5328116, 36.2420137], [29.5330829, 36.2419203], [29.5332477, 36.2418072], [29.5334951, 36.2417456], [29.5338146, 36.2418054], [29.5338709, 36.2417101], [29.5347116, 36.2412141], [29.5348263, 36.2410907], [29.5352846, 36.2407919], [29.5354552, 36.2407751], [29.5358085, 36.2406102], [29.5362359, 36.2406473], [29.5366731, 36.2403376], [29.5369137, 36.2399555], [29.5369193, 36.2398331], [29.5368621, 36.2397924], [29.5370061, 36.2397429], [29.5369444, 36.2396878], [29.5370002, 36.2396625], [29.5369734, 36.2395827], [29.5370463, 36.2394845], [29.537222, 36.2394162], [29.5377565, 36.2397295], [29.5384328, 36.2399697], [29.5386177, 36.2401319], [29.5388704, 36.2402672], [29.5392448, 36.2403422], [29.5393924, 36.2403489], [29.540306, 36.239936], [29.5405149, 36.2400689]]}}, {"type": "Feature", "properties": {"category": "lycian_way", "name": "Likya Yolu", "ref": "", "relation_id": 51855, "role": ""}, "geometry": {"type": "LineString", "coordinates": [[29.5405149, 36.2400689], [29.5406754, 36.2400988], [29.540933, 36.2400303], [29.5411873, 36.2400175], [29.5414429, 36.2400053], [29.5415925, 36.2400706], [29.5420423, 36.240511], [29.542275, 36.2406998], [29.5426491, 36.2411293]]}}, {"type": "Feature", "properties": {"category": "lycian_way", "name": "Likya Yolu", "ref": "", "relation_id": 51855, "role": ""}, "geometry": {"type": "LineString", "coordinates": [[29.5456872, 36.2393982], [29.5455985, 36.239497], [29.5454325, 36.2395111], [29.5452671, 36.2394578], [29.5451372, 36.2393987], [29.5449473, 36.2393503], [29.5447775, 36.239353], [29.5447344, 36.2393686], [29.5446101, 36.2394135], [29.5444137, 36.2395469], [29.5439628, 36.239891], [29.5432037, 36.2404278], [29.5428471, 36.2407227], [29.542669, 36.240991], [29.5426491, 36.2411293]]}}, {"type": "Feature", "properties": {"category": "lycian_way", "name": "Likya Yolu", "ref": "", "relation_id": 51855, "role": ""}, "geometry": {"type": "LineString", "coordinates": [[29.5456872, 36.2393982], [29.5458128, 36.2396107], [29.5459314, 36.2398294], [29.5460399, 36.2400727], [29.5461382, 36.2403596], [29.5461754, 36.2406111], [29.5461754, 36.2409145], [29.5463144, 36.2412616], [29.5466266, 36.2413771], [29.5469508, 36.2417162], [29.5471086, 36.2418385], [29.5475142, 36.242278], [29.547862, 36.2427273], [29.547897, 36.2428752], [29.5481647, 36.2431857]]}}, {"type": "Feature", "properties": {"category": "lycian_way", "name": "Likya Yolu", "ref": "", "relation_id": 51855, "role": ""}, "geometry": {"type": "LineString", "coordinates": [[29.5481647, 36.2431857], [29.5484866, 36.2435684], [29.5487306, 36.2438526], [29.5489644, 36.2441696], [29.549205, 36.2443774], [29.5494829, 36.2446889], [29.5497099, 36.244954], [29.550103, 36.2452929], [29.5505775, 36.2456646], [29.5508249, 36.2457931], [29.5511536, 36.2460555], [29.5516721, 36.2464326], [29.5517703, 36.2465611], [29.5518923, 36.246766], [29.5521872, 36.2470366], [29.5526921, 36.2474247], [29.5530479, 36.247728], [29.5532377, 36.2480669], [29.5533699, 36.2483457], [29.5534681, 36.2484441], [29.5537426, 36.248537], [29.5540171, 36.248649], [29.5541357, 36.2487502], [29.5542137, 36.2489223], [29.5542103, 36.2491437], [29.5543153, 36.2493131], [29.5544882, 36.2494767], [29.554658, 36.2495745], [29.5544217, 36.2499691], [29.55428, 36.2502198]]}}, {"type": "Feature", "properties": {"category": "lycian_way", "name": "Likya Yolu", "ref": "", "relation_id": 51855, "role": ""}, "geometry": {"type": "LineString", "coordinates": [[29.55428, 36.2502198], [29.5546218, 36.2503577], [29.5551906, 36.2508342], [29.5556916, 36.2515996], [29.5559311, 36.2518829], [29.5565452, 36.2524498], [29.5568146, 36.2527049], [29.5573915, 36.2532682], [29.5576135, 36.2533948], [29.5578345, 36.2536964], [29.5580564, 36.2539895], [29.558323, 36.2542757], [29.558505, 36.2547229], [29.5585625, 36.2550589], [29.5587301, 36.2553455], [29.5587523, 36.2555691], [29.5588823, 36.2557571], [29.5590161, 36.2559613], [29.5592012, 36.2561677], [29.559334, 36.2563781], [29.5596323, 36.2564882], [29.559957, 36.2567019], [29.5603532, 36.2568027], [29.5606375, 36.2568897], [29.5609273, 36.2569401], [29.5612918, 36.2571234], [29.561399, 36.2574237], [29.5614836, 36.2575949], [29.5614747, 36.2578147], [29.5615694, 36.2579394], [29.5618642, 36.2580101], [29.5621121, 36.2581739]]}}, {"type": "Feature", "properties": {"category": "lycian_way", "name": "Likya Yolu", "ref": "", "relation_id": 51855, "role": ""}, "geometry": {"type": "LineString", "coordinates": [[29.5621121, 36.2581739], [29.5622775, 36.2583643], [29.5628615, 36.2586589], [29.5634032, 36.2589015], [29.5637566, 36.2591018], [29.5638939, 36.259213], [29.5640686, 36.2592761], [29.5644134, 36.2593682], [29.5650203, 36.2594449], [29.5654465, 36.2597166], [29.5657823, 36.2600054], [29.5661716, 36.2601183], [29.566149, 36.260186], [29.5660962, 36.2603174]]}}, {"type": "Feature", "properties": {"category": "lycian_way", "name": "Likya Yolu", "ref": "", "relation_id": 51855, "role": ""}, "geometry": {"type": "LineString", "coordinates": [[29.5660962, 36.2603174], [29.5665166, 36.260467], [29.567484, 36.2610276], [29.5677889, 36.2612511], [29.5678722, 36.2613777], [29.5679876, 36.261618], [29.5682223, 36.2618029], [29.5685515, 36.2618996], [29.5690578, 36.2619384], [29.5696391, 36.2620037], [29.5702363, 36.2622438], [29.5707631, 36.2625434], [29.571336, 36.2629506], [29.5716944, 36.2633381], [29.5721409, 36.2636678], [29.5726946, 36.2640027], [29.5729303, 36.2641118], [29.573279, 36.2641019], [29.5736482, 36.2640605], [29.5740945, 36.2640753], [29.5744274, 36.2641226], [29.5749068, 36.2642424], [29.575884, 36.2645725], [29.5765627, 36.2646455], [29.5770165, 36.2646413], [29.5773036, 36.2646682], [29.5776394, 36.2646186], [29.5779236, 36.2646023], [29.5782213, 36.2646145]]}}, {"type": "Feature", "properties": {"category": "lycian_way", "name": "Likya Yolu", "ref": "", "relation_id": 51855, "role": ""}, "geometry": {"type": "LineString", "coordinates": [[29.5782213, 36.2646145], [29.5784638, 36.2643768]]}}, {"type": "Feature", "properties": {"category": "lycian_way", "name": "Likya Yolu", "ref": "", "relation_id": 51855, "role": ""}, "geometry": {"type": "LineString", "coordinates": [[29.5784638, 36.2643768], [29.5785071, 36.2642368], [29.5786272, 36.2641697], [29.5787198, 36.2642125], [29.5788869, 36.2642547], [29.5791107, 36.2643494], [29.5792934, 36.264476], [29.5795335, 36.2646907], [29.5796779, 36.2649307], [29.5798317, 36.2650805], [29.5800049, 36.2652076], [29.580338, 36.2652795], [29.5809019, 36.2653725], [29.5816494, 36.2654983], [29.5820618, 36.2655301], [29.5824867, 36.2655257], [29.5826899, 36.2654965], [29.5829398, 36.2655301], [29.5832908, 36.2656644], [29.5834845, 36.2657988], [29.5837088, 36.2659434], [29.5839363, 36.2659848], [29.5842952, 36.2660442], [29.5849104, 36.2663284]]}}, {"type": "Feature", "properties": {"category": "lycian_way", "name": "Likya Yolu", "ref": "", "relation_id": 51855, "role": ""}, "geometry": {"type": "LineString", "coordinates": [[29.5849104, 36.2663284], [29.5850954, 36.2664465], [29.5853846, 36.2665402], [29.5856121, 36.2665712], [29.5858653, 36.2665041], [29.5860511, 36.2664937], [29.5861779, 36.2665287], [29.5863812, 36.2666358], [29.586599, 36.2668115], [29.5868394, 36.2669923], [29.5870669, 36.2671267], [29.5872783, 36.2672016], [29.5875514, 36.2674092], [29.5877205, 36.2674987], [29.5879196, 36.2675574], [29.589124, 36.2674884], [29.5894796, 36.2675736], [29.5897328, 36.2677209], [29.5899571, 36.2677648], [29.5901653, 36.2677622], [29.5903766, 36.2678138], [29.5905659, 36.2677803], [29.5907677, 36.2677286], [29.5910914, 36.267925], [29.5914707, 36.2681767], [29.5917034, 36.2683073], [29.5920815, 36.2685036], [29.592341, 36.2688033], [29.5925156, 36.2690032], [29.5926967, 36.2690927], [29.5928697, 36.2692348], [29.5931068, 36.2694414], [29.5933439, 36.2694931], [29.5936104, 36.2695883], [29.5938374, 36.2697928], [29.5940072, 36.269971], [29.5942379, 36.2701493], [29.5944334, 36.2704283], [29.5947794, 36.2706634], [29.5951511, 36.2709708], [29.5957086, 36.2714017], [29.5959778, 36.2715598]]}}, {"type": "Feature", "properties": {"category": "lycian_way", "name": "Likya Yolu", "ref": "", "relation_id": 51855, "role": ""}, "geometry": {"type": "LineString", "coordinates": [[29.5959778, 36.2715598], [29.5963228, 36.2716385], [29.5968153, 36.2717617], [29.5972229, 36.2718905], [29.5975151, 36.272052], [29.5977698, 36.2722218], [29.5980756, 36.2726162], [29.5984866, 36.2731804], [29.598918, 36.2737144], [29.599149, 36.2738705], [29.5992781, 36.2740485], [29.5995634, 36.2742073], [29.6001205, 36.2743936], [29.6005655, 36.2744292], [29.6009154, 36.2747003], [29.6014589, 36.2749385], [29.6018937, 36.27507], [29.6025323, 36.2754342], [29.6033306, 36.2759518], [29.6037314, 36.2763571], [29.6039964, 36.2765926], [29.6043904, 36.276787], [29.6048728, 36.277028], [29.6049781, 36.2771704], [29.6050494, 36.2773402], [29.6049883, 36.2775867], [29.6048932, 36.2777592], [29.6046653, 36.2780701], [29.6044517, 36.2783615]]}}, {"type": "Feature", "properties": {"category": "lycian_way", "name": "Likya Yolu", "ref": "", "relation_id": 51855, "role": ""}, "geometry": {"type": "LineString", "coordinates": [[29.6044517, 36.2783615], [29.6044299, 36.2784764], [29.6043886, 36.2787689], [29.6044244, 36.2789362], [29.6046563, 36.2792262], [29.6048972, 36.2794671], [29.6050805, 36.2795911], [29.6053068, 36.2797279], [29.6054199, 36.2798925], [29.6054262, 36.2801307], [29.6054451, 36.2805056], [29.6055142, 36.2807716], [29.6056336, 36.2809388], [29.6058945, 36.2811086], [29.6059762, 36.2811998], [29.6059926, 36.281308]]}}, {"type": "Feature", "properties": {"category": "lycian_way", "name": "Likya Yolu", "ref": "", "relation_id": 51855, "role": ""}, "geometry": {"type": "LineString", "coordinates": [[29.6064452, 36.2812785], [29.6061974, 36.2813217], [29.606138, 36.2813321], [29.6060897, 36.2813241], [29.6059926, 36.281308]]}}, {"type": "Feature", "properties": {"category": "lycian_way", "name": "Likya Yolu", "ref": "", "relation_id": 51855, "role": ""}, "geometry": {"type": "LineString", "coordinates": [[29.6237261, 36.2794347], [29.6234436, 36.2794733], [29.623159, 36.2795073], [29.6228042, 36.279595], [29.6224668, 36.2796184], [29.6221799, 36.2796828], [29.6218686, 36.2796678], [29.6216996, 36.2795675], [29.6214909, 36.2793961], [29.6213912, 36.279239], [29.6212798, 36.2791411], [29.6208869, 36.2791905], [29.6206911, 36.2792062], [29.6202997, 36.2792628], [29.620035, 36.2792435], [29.6197695, 36.2791808], [29.6196524, 36.2792011], [29.6195815, 36.2792984], [29.6195073, 36.2794035], [29.6193754, 36.2796881], [29.6191239, 36.2798747], [29.6188662, 36.2798677], [29.6185206, 36.2798224], [29.6181354, 36.2798026], [29.617877, 36.2798144], [29.6176122, 36.2797819], [29.6173215, 36.2796319], [29.6170345, 36.2795931], [29.6167489, 36.2797523], [29.6163527, 36.2798396], [29.6161924, 36.2799129], [29.6160322, 36.2798644], [29.6158546, 36.279869], [29.6152642, 36.2797332], [29.6147639, 36.2796705], [29.6145367, 36.279577], [29.6143241, 36.2795696], [29.6139425, 36.2794958], [29.6137583, 36.2793626], [29.6136182, 36.2792451], [29.6133702, 36.2792808], [29.6128631, 36.2794278], [29.612362, 36.2793171], [29.6120764, 36.2794646], [29.6115955, 36.279453], [29.6108893, 36.2794328], [29.610345, 36.2796373], [29.6099987, 36.2797267], [29.6095504, 36.279983], [29.6092215, 36.2799886], [29.6090672, 36.2800438], [29.6089462, 36.2801859], [29.6083382, 36.2801913], [29.6082533, 36.2803803], [29.6079057, 36.2805241], [29.6076043, 36.2807621], [29.6072248, 36.2809782], [29.6069341, 36.281037], [29.6069359, 36.2811295], [29.6066697, 36.2811895], [29.6064452, 36.2812785]]}}, {"type": "Feature", "properties": {"category": "lycian_way", "name": "Likya Yolu", "ref": "", "relation_id": 51855, "role": ""}, "geometry": {"type": "LineString", "coordinates": [[29.6246323, 36.2596247], [29.6247518, 36.2596608], [29.6250312, 36.2597169], [29.625117, 36.2599195], [29.6255022, 36.2603978], [29.6256169, 36.2604458], [29.6257983, 36.2605954], [29.626001, 36.2605827], [29.6260897, 36.260632], [29.6262417, 36.2607794], [29.6263518, 36.2609101], [29.6263302, 36.2610753], [29.6261142, 36.2613401], [29.6259478, 36.2613888], [29.625844, 36.261594], [29.6258756, 36.2618417], [29.6261865, 36.262124], [29.6263154, 36.2621957], [29.6266175, 36.2622226], [29.6267932, 36.2623321], [29.6268332, 36.262458], [29.6270539, 36.2626155], [29.6271735, 36.26286], [29.6272742, 36.2630642], [29.6272529, 36.2634066], [29.6273186, 36.2636723], [29.6273353, 36.2638044], [29.6273037, 36.2641976], [29.6271868, 36.2643734], [29.6272255, 36.264487], [29.6268193, 36.2650018], [29.6268652, 36.2651663], [29.6272272, 36.2657738], [29.6272209, 36.2658753], [29.6271596, 36.2659673], [29.6271935, 36.2661103], [29.6270806, 36.2661686], [29.627032, 36.2662698], [29.6267375, 36.2665625], [29.6266406, 36.2669413], [29.6265438, 36.2673376], [29.6263367, 36.2679227], [29.6262432, 36.2681698], [29.6262104, 36.2684707], [29.6261607, 36.268638], [29.6260923, 36.2686821], [29.6260938, 36.2688002], [29.6261734, 36.2689263], [29.626274, 36.2688981], [29.6263325, 36.2689878], [29.6264765, 36.2690633], [29.6265136, 36.2691812], [29.6266846, 36.2692225], [29.626906, 36.2692874], [29.6272434, 36.2694987], [29.6275307, 36.269797], [29.6274657, 36.2699433], [29.6273912, 36.2703554], [29.6274088, 36.2705571], [29.6274109, 36.2707901], [29.6274641, 36.2709321], [29.6275871, 36.2710791], [29.6276178, 36.2712129], [29.6276312, 36.2714366], [29.6276711, 36.2715714], [29.6277038, 36.2716573], [29.6276522, 36.2717539], [29.6276104, 36.2717618], [29.6275331, 36.2718102], [29.6274203, 36.2718813], [29.6273459, 36.2719779], [29.6273393, 36.272005], [29.6274775, 36.2720947], [29.6277129, 36.2722006], [29.6279048, 36.2723106], [29.6283541, 36.2724865], [29.6284395, 36.2725543], [29.6285133, 36.2726773], [29.6285317, 36.2729102], [29.6285948, 36.2730918], [29.6287698, 36.2734781], [29.6286855, 36.2736464], [29.6287674, 36.2739384], [29.6288942, 36.274117], [29.6289351, 36.2741901], [29.6290541, 36.2744794], [29.6289745, 36.2748134], [29.6289701, 36.2750562], [29.6290311, 36.2752888], [29.6287463, 36.2755452], [29.6286217, 36.2761225], [29.6283492, 36.2763302], [29.6282397, 36.2764767], [29.6281544, 36.2766368], [29.6280625, 36.2767774], [29.627882, 36.2769066], [29.6275945, 36.2769941], [29.6271704, 36.2771495], [29.6269705, 36.2772503], [29.6267427, 36.2772791], [29.6266645, 36.2773685], [29.6264825, 36.277608], [29.626186, 36.2776098], [29.626064, 36.277656], [29.625996, 36.2777337], [29.6258755, 36.2777098], [29.6256937, 36.2780975], [29.6253775, 36.2781661], [29.6251111, 36.2781298], [29.6249774, 36.278149], [29.6248418, 36.2781981], [29.6248214, 36.2783161], [29.6247443, 36.2785199], [29.6246514, 36.2787688], [29.6246673, 36.2789174], [29.6244885, 36.279064], [29.6242758, 36.2790964], [29.6240808, 36.2791431], [29.6238597, 36.2791336], [29.6236106, 36.2791334], [29.6236994, 36.2792181], [29.6238967, 36.2792579], [29.6241063, 36.2792902], [29.6241649, 36.2793299], [29.6240447, 36.2793722], [29.6237261, 36.2794347]]}}, {"type": "Feature", "properties": {"category": "lycian_way", "name": "Likya Yolu", "ref": "", "relation_id": 51855, "role": ""}, "geometry": {"type": "LineString", "coordinates": [[29.6235883, 36.2586481], [29.6241495, 36.2590791], [29.6246323, 36.2596247]]}}, {"type": "Feature", "properties": {"category": "lycian_way", "name": "Likya Yolu", "ref": "", "relation_id": 51855, "role": ""}, "geometry": {"type": "LineString", "coordinates": [[29.6207137, 36.2550115], [29.6207355, 36.2552457], [29.6207938, 36.2553608], [29.6208751, 36.2554356], [29.6209597, 36.2555175], [29.6211072, 36.2555612], [29.6212592, 36.2556449], [29.6212643, 36.2556651], [29.6213385, 36.2559587], [29.6213938, 36.256112], [29.6214876, 36.2562384], [29.6217027, 36.2564664], [29.6218815, 36.2566788], [29.622141, 36.2571371], [29.6222971, 36.2573276], [29.6226329, 36.2575867], [29.6227513, 36.2577387], [29.6228408, 36.2579784], [29.6230846, 36.2582473], [29.6235883, 36.2586481]]}}, {"type": "Feature", "properties": {"category": "lycian_way", "name": "Likya Yolu", "ref": "", "relation_id": 51855, "role": ""}, "geometry": {"type": "LineString", "coordinates": [[29.6209702, 36.2541887], [29.620935, 36.2542798], [29.6207754, 36.2543814], [29.6206526, 36.2545402], [29.6207517, 36.2547631], [29.6207137, 36.2550115]]}}, {"type": "Feature", "properties": {"category": "lycian_way", "name": "Likya Yolu", "ref": "", "relation_id": 51855, "role": ""}, "geometry": {"type": "LineString", "coordinates": [[29.6278049, 36.2498013], [29.6277507, 36.249892], [29.6275187, 36.2499524], [29.6271632, 36.2499916], [29.6267783, 36.2501577], [29.62647, 36.2503987], [29.6262791, 36.2505292], [29.6260013, 36.2506111], [29.6257167, 36.2507601], [29.6253221, 36.2509677], [29.6248871, 36.2511061], [29.6244377, 36.2511082], [29.6242034, 36.2513105], [29.6240874, 36.2515583], [29.6238991, 36.2518205], [29.6235755, 36.2521192], [29.623134, 36.2522294], [29.6228606, 36.2522704], [29.62266, 36.252392], [29.6223501, 36.2526567], [29.6220953, 36.2528498], [29.6218616, 36.2529733], [29.6217406, 36.2531444], [29.6215117, 36.2532766], [29.6212686, 36.253407], [29.6211002, 36.2535749], [29.6210679, 36.25372], [29.6209801, 36.2539724], [29.6209702, 36.2541887]]}}, {"type": "Feature", "properties": {"category": "lycian_way", "name": "Likya Yolu", "ref": "", "relation_id": 51855, "role": ""}, "geometry": {"type": "LineString", "coordinates": [[29.6408736, 36.2475163], [29.6408765, 36.2474522], [29.6408066, 36.2473727], [29.6407356, 36.2473307], [29.6406238, 36.2473123], [29.6404916, 36.2473338], [29.6401526, 36.2474912], [29.6397194, 36.2477421], [29.6389335, 36.2481876], [29.6385368, 36.2485351], [29.6382789, 36.2487097], [29.6379243, 36.2488647], [29.6373828, 36.2489605], [29.6369745, 36.2489164], [29.6364941, 36.2488351], [29.6361312, 36.2488799], [29.6358387, 36.2490354], [29.6356683, 36.249071], [29.6352647, 36.2490172], [29.6346722, 36.2488819], [29.6343516, 36.2487207], [29.6341843, 36.2486039], [29.6340574, 36.2484817], [29.6337647, 36.2484677], [29.6334775, 36.2483996], [29.6332591, 36.2483925], [29.6330631, 36.2484346], [29.6328266, 36.2485519], [29.6326571, 36.248591], [29.6324825, 36.2485711], [29.6323282, 36.2485275], [29.6319258, 36.2486391], [29.6314201, 36.2487383], [29.6310173, 36.2488888], [29.6305456, 36.2491269], [29.6300168, 36.2493451], [29.6296089, 36.2494994], [29.6294489, 36.249549], [29.6292496, 36.2495881], [29.629114, 36.2496004], [29.6290525, 36.249615], [29.6287644, 36.2496064], [29.6284838, 36.2496675], [29.6282642, 36.2496908], [29.6280341, 36.249678], [29.6278049, 36.2498013]]}}, {"type": "Feature", "properties": {"category": "lycian_way", "name": "Likya Yolu", "ref": "", "relation_id": 51855, "role": ""}, "geometry": {"type": "LineString", "coordinates": [[29.6594779, 36.2419503], [29.6592164, 36.2420493], [29.6589764, 36.2419978], [29.6587848, 36.2420228], [29.6588042, 36.2421368], [29.6585042, 36.2421758], [29.658539, 36.2422585], [29.6582773, 36.2422634], [29.6580222, 36.2422737], [29.6578287, 36.2422074], [29.6575722, 36.2421684], [29.6573206, 36.2421781], [29.6570742, 36.2421063], [29.6568803, 36.242102], [29.6566773, 36.2422098], [29.6562392, 36.2425742], [29.6559785, 36.2426166], [29.6556222, 36.2425723], [29.6549424, 36.2425528], [29.654588, 36.2426074], [29.6542722, 36.2428767], [29.6537806, 36.2430962], [29.6533799, 36.2432014], [29.6526587, 36.2431935], [29.6517441, 36.2434592], [29.6511987, 36.2435861], [29.6503204, 36.243724], [29.6499011, 36.2438558], [29.6494904, 36.2439013], [29.6493772, 36.2440505], [29.6491989, 36.2441059], [29.6488444, 36.2441388], [29.6483767, 36.2443075], [29.6479215, 36.244509], [29.6475892, 36.2445936], [29.6472645, 36.2446319], [29.6471715, 36.2445951], [29.6471684, 36.2445399], [29.6472245, 36.244417], [29.6472801, 36.2443216], [29.647189, 36.2443092], [29.6471735, 36.2442421], [29.6472755, 36.244159], [29.6471527, 36.2441655], [29.6470148, 36.2442234], [29.6469819, 36.2443202], [29.6468183, 36.2445385], [29.646583, 36.2446655], [29.6464496, 36.2448837], [29.6461156, 36.2449127], [29.6458303, 36.2451896], [29.6447447, 36.24544], [29.6444599, 36.245544], [29.644249, 36.2456782], [29.6440594, 36.2457491], [29.6438541, 36.2457485], [29.643631, 36.2457175], [29.6432549, 36.2458152], [29.6427494, 36.2463109], [29.6424832, 36.2465359], [29.6422, 36.246743], [29.6415508, 36.2472706], [29.6410051, 36.2475201], [29.6408736, 36.2475163]]}}, {"type": "Feature", "properties": {"category": "lycian_way", "name": "Likya Yolu", "ref": "", "relation_id": 51855, "role": ""}, "geometry": {"type": "LineString", "coordinates": [[29.6594779, 36.2419503], [29.6596668, 36.2419108], [29.6599344, 36.2418853], [29.6601823, 36.2418065], [29.6603869, 36.241828], [29.6606927, 36.2418599], [29.6608712, 36.2419809], [29.6610878, 36.2420192], [29.6612981, 36.2420765], [29.6615339, 36.2419937], [29.6618271, 36.2420638], [29.6620437, 36.2420956], [29.6624452, 36.2423314]]}}, {"type": "Feature", "properties": {"category": "lycian_way", "name": "Likya Yolu", "ref": "", "relation_id": 51855, "role": ""}, "geometry": {"type": "LineString", "coordinates": [[29.6706135, 36.2400934], [29.6704618, 36.2401034], [29.6700635, 36.2402883], [29.6700468, 36.2403369], [29.67012, 36.2404079], [29.6702951, 36.2404739], [29.6706052, 36.2405211], [29.6706662, 36.2406317], [29.6708359, 36.2407848], [29.6710553, 36.2408945], [29.6722719, 36.2410957], [29.6728219, 36.2413724], [29.6729191, 36.2415021], [29.6733259, 36.2416829], [29.6733991, 36.2417569], [29.6734085, 36.2418191], [29.673348, 36.2418593], [29.6728082, 36.2419192], [29.6728195, 36.241961], [29.6731679, 36.2421168], [29.6731823, 36.242164], [29.6730352, 36.242169], [29.6730142, 36.2422092], [29.6732931, 36.2423899], [29.6725494, 36.2425867], [29.6725127, 36.2426176], [29.6726082, 36.2426692], [29.6720607, 36.2428826], [29.6718012, 36.2430503], [29.6717994, 36.2431032], [29.671939, 36.2431466], [29.6719903, 36.2432106], [29.6721561, 36.2432666], [29.6723545, 36.2434057], [29.672273, 36.243539], [29.6718727, 36.2436716], [29.6723867, 36.243947], [29.6723713, 36.2443629], [29.6725283, 36.2445407], [29.6724922, 36.2445942], [29.6724275, 36.244661], [29.6722283, 36.2446873], [29.671704, 36.2446147], [29.6715921, 36.2445644], [29.6710274, 36.2445139], [29.6701608, 36.2441676], [29.6696612, 36.2440524], [29.6692961, 36.2440396], [29.6686254, 36.2438649], [29.6683136, 36.2439097], [29.6679749, 36.2437901], [29.6678496, 36.2438374], [29.6676634, 36.24384], [29.6674701, 36.2439122], [29.6671059, 36.243849], [29.6668702, 36.2437667], [29.6664024, 36.2437434], [29.6657582, 36.2432679], [29.6656524, 36.2432792], [29.6653335, 36.2431506], [29.6652162, 36.243173], [29.6650001, 36.2431365], [29.6648813, 36.2431606], [29.664848, 36.243248], [29.6647874, 36.2432263], [29.6647884, 36.2431343], [29.6647319, 36.2431003], [29.6646833, 36.2429437], [29.6645418, 36.2428285], [29.6641913, 36.2426564], [29.6637834, 36.2426182], [29.6635285, 36.2426309], [29.6624452, 36.2423314]]}}, {"type": "Feature", "properties": {"category": "lycian_way", "name": "Likya Yolu", "ref": "", "relation_id": 51855, "role": ""}, "geometry": {"type": "LineString", "coordinates": [[29.6685054, 36.2347071], [29.6682607, 36.2353001], [29.6681816, 36.2356236], [29.6680648, 36.2357391], [29.6680382, 36.2358094], [29.6680535, 36.235887], [29.6681843, 36.2360943], [29.6684406, 36.2365582], [29.6685298, 36.2367359], [29.6686077, 36.2368729], [29.668627, 36.2370477], [29.6686516, 36.2371213], [29.6687932, 36.2373189], [29.6690405, 36.2375432], [29.6691244, 36.2377049], [29.669187, 36.237921], [29.6691732, 36.238053], [29.669196, 36.2381498], [29.6692449, 36.2383032], [29.6692541, 36.2384433], [29.6692372, 36.2386898], [29.669259, 36.2388599], [29.6693012, 36.2390148], [29.6693631, 36.2390897], [29.6694732, 36.2391748], [29.6696834, 36.2393134], [29.6700315, 36.2395044], [29.6702452, 36.2396385], [29.6704102, 36.2397761], [29.6705564, 36.2398758], [29.670694, 36.2399548], [29.670852, 36.2400172], [29.6710378, 36.2400609], [29.6711385, 36.2401014]]}}, {"type": "Feature", "properties": {"category": "lycian_way", "name": "Likya Yolu", "ref": "", "relation_id": 51855, "role": ""}, "geometry": {"type": "LineString", "coordinates": [[29.6685054, 36.2347071], [29.6683912, 36.2346941], [29.6682692, 36.2347101], [29.668028, 36.2347796], [29.6677704, 36.2347759]]}}, {"type": "Feature", "properties": {"category": "lycian_way", "name": "Likya Yolu", "ref": "", "relation_id": 51855, "role": ""}, "geometry": {"type": "LineString", "coordinates": [[29.6677704, 36.2347759], [29.6676983, 36.2347249]]}}, {"type": "Feature", "properties": {"category": "lycian_way", "name": "Likya Yolu", "ref": "", "relation_id": 51855, "role": ""}, "geometry": {"type": "LineString", "coordinates": [[29.6676983, 36.2347249], [29.6675632, 36.2347003], [29.6673444, 36.2347478], [29.6671242, 36.2347289]]}}, {"type": "Feature", "properties": {"category": "lycian_way", "name": "Likya Yolu", "ref": "", "relation_id": 51855, "role": ""}, "geometry": {"type": "LineString", "coordinates": [[29.6671242, 36.2347289], [29.6669942, 36.2348323], [29.6669164, 36.2349204], [29.666794, 36.235026], [29.666623, 36.235125], [29.6664055, 36.2351853], [29.666109, 36.2352653], [29.6657928, 36.2353299], [29.6652784, 36.2353843], [29.6647657, 36.2354774], [29.6641481, 36.2356026], [29.6636979, 36.2358124], [29.6631836, 36.2359322], [29.6627778, 36.2359906], [29.6625292, 36.2359757], [29.6621795, 36.2358911], [29.6617276, 36.2357893], [29.6612007, 36.2356219]]}}, {"type": "Feature", "properties": {"category": "lycian_way", "name": "Likya Yolu", "ref": "", "relation_id": 51855, "role": ""}, "geometry": {"type": "LineString", "coordinates": [[29.6612007, 36.2356219], [29.6611854, 36.2355578], [29.6611279, 36.235509], [29.6610988, 36.2353885], [29.6604878, 36.2350347], [29.6605597, 36.2347728], [29.6606699, 36.2346614], [29.6608966, 36.2344817], [29.6609914, 36.2342471], [29.6609507, 36.2340475], [29.6608801, 36.2339536]]}}, {"type": "Feature", "properties": {"category": "lycian_way", "name": "Likya Yolu", "ref": "", "relation_id": 51855, "role": ""}, "geometry": {"type": "LineString", "coordinates": [[29.6608801, 36.2339536], [29.6608231, 36.2338777], [29.6606235, 36.2337703]]}}, {"type": "Feature", "properties": {"category": "lycian_way", "name": "Likya Yolu", "ref": "", "relation_id": 51855, "role": ""}, "geometry": {"type": "LineString", "coordinates": [[29.6606235, 36.2337703], [29.6603025, 36.233689], [29.6602613, 36.2336242], [29.6602842, 36.2335288], [29.6604157, 36.2333388], [29.6604611, 36.2331644], [29.6604984, 36.2329495], [29.6604557, 36.2326638]]}}, {"type": "Feature", "properties": {"category": "lycian_way", "name": "Likya Yolu", "ref": "", "relation_id": 51855, "role": ""}, "geometry": {"type": "LineString", "coordinates": [[29.6604557, 36.2326638], [29.6604609, 36.2324774], [29.6605178, 36.2322341], [29.6604788, 36.2318487], [29.6605951, 36.2316222], [29.660807, 36.2314558], [29.6609548, 36.2312956], [29.6613122, 36.2310591], [29.6614342, 36.2309155], [29.6615459, 36.2307106], [29.6616392, 36.2305344], [29.6616206, 36.2304039], [29.6613754, 36.2301307], [29.6612324, 36.2299409], [29.6612452, 36.22985], [29.6612819, 36.2297657], [29.6612494, 36.2296565], [29.6610362, 36.2293384], [29.6610057, 36.2292183], [29.6605746, 36.2287197], [29.6605239, 36.228598], [29.6602041, 36.228139], [29.6600767, 36.2280026], [29.6598406, 36.2279141], [29.6594423, 36.2275351], [29.6589738, 36.2270032], [29.6586753, 36.2268918], [29.6580861, 36.2265197]]}}, {"type": "Feature", "properties": {"category": "lycian_way", "name": "Likya Yolu", "ref": "", "relation_id": 51855, "role": ""}, "geometry": {"type": "LineString", "coordinates": [[29.6580861, 36.2265197], [29.6580532, 36.2263734], [29.6581381, 36.2259571], [29.6581566, 36.2256314], [29.6580419, 36.2254031], [29.657701, 36.2251541], [29.6576329, 36.2250291], [29.6576923, 36.224582], [29.6577311, 36.2242322], [29.6576568, 36.2240143], [29.6571896, 36.2237119], [29.6569505, 36.2234429]]}}, {"type": "Feature", "properties": {"category": "lycian_way", "name": "Likya Yolu", "ref": "", "relation_id": 51855, "role": ""}, "geometry": {"type": "LineString", "coordinates": [[29.6569505, 36.2234429], [29.6570284, 36.2231437], [29.6574732, 36.2227494], [29.6576072, 36.222574], [29.6576154, 36.2223845], [29.6570161, 36.2217309], [29.6566558, 36.2211272], [29.6550043, 36.219033]]}}, {"type": "Feature", "properties": {"category": "lycian_way", "name": "Likya Yolu", "ref": "", "relation_id": 51855, "role": ""}, "geometry": {"type": "LineString", "coordinates": [[29.6550043, 36.219033], [29.6545833, 36.2185703], [29.6541363, 36.2180923], [29.6540023, 36.2180489]]}}, {"type": "Feature", "properties": {"category": "lycian_way", "name": "Likya Yolu", "ref": "", "relation_id": 51855, "role": ""}, "geometry": {"type": "LineString", "coordinates": [[29.6540023, 36.2180489], [29.6533815, 36.2178477], [29.6528371, 36.2175531], [29.6503409, 36.2161338], [29.6499749, 36.2156019], [29.6499635, 36.2154268], [29.6485735, 36.214281], [29.6478543, 36.2140141], [29.6475851, 36.2137813], [29.6475157, 36.2135995], [29.6466922, 36.2123599], [29.6459671, 36.2115858], [29.6458174, 36.2113566], [29.6456921, 36.210969], [29.6454871, 36.2106552], [29.6451899, 36.2103694], [29.6452554, 36.2099612], [29.6456203, 36.2097327], [29.6456773, 36.2095961]]}}, {"type": "Feature", "properties": {"category": "lycian_way", "name": "Likya Yolu", "ref": "", "relation_id": 51855, "role": ""}, "geometry": {"type": "LineString", "coordinates": [[29.6456773, 36.2095961], [29.6455782, 36.2093894], [29.6454483, 36.2092754], [29.645416, 36.2088302], [29.6455196, 36.2085557]]}}, {"type": "Feature", "properties": {"category": "lycian_way", "name": "Likya Yolu", "ref": "", "relation_id": 51855, "role": ""}, "geometry": {"type": "LineString", "coordinates": [[29.6455196, 36.2085557], [29.6456549, 36.2085873], [29.6458473, 36.2084631], [29.6459105, 36.2083866], [29.6458779, 36.2083364], [29.6456934, 36.2084301], [29.6456346, 36.2084253], [29.6456012, 36.2083943], [29.6459217, 36.2081503], [29.6459998, 36.2080632], [29.6460108, 36.2080283], [29.6459888, 36.2080082], [29.6459341, 36.2080274], [29.6459103, 36.2080133], [29.6459436, 36.2079576], [29.6459396, 36.2079362], [29.6459032, 36.207941], [29.6458807, 36.207984], [29.6458231, 36.2080043], [29.6458239, 36.2079468], [29.6457859, 36.2079436], [29.6457341, 36.2080144], [29.6456757, 36.208028], [29.6456292, 36.2080177], [29.645544, 36.20787], [29.6456705, 36.2076862], [29.6456696, 36.2076218], [29.6448352, 36.2079162], [29.6448055, 36.207886], [29.6449704, 36.2076742], [29.6449779, 36.2076326], [29.6448364, 36.2076752], [29.6449941, 36.2073011], [29.6452463, 36.2068938], [29.6455813, 36.2065393], [29.6457366, 36.2063389], [29.6457184, 36.2063271], [29.6456273, 36.20637], [29.6456267, 36.2063431], [29.6456845, 36.2062534], [29.6456488, 36.2062321], [29.6453104, 36.2063596], [29.645296, 36.2063241], [29.6453165, 36.2062696], [29.6456552, 36.2059632], [29.6456393, 36.2059345], [29.6455982, 36.2059472], [29.6455454, 36.2059351], [29.6455625, 36.2058985], [29.6455906, 36.2058797], [29.6456063, 36.2058691], [29.6455897, 36.2058414], [29.6453472, 36.2059334], [29.645279, 36.2059373], [29.6452981, 36.2059004], [29.6453319, 36.2058573], [29.6453046, 36.2058294], [29.6452205, 36.2058528], [29.6451179, 36.2058432], [29.6450075, 36.2059359], [29.6449987, 36.2058833], [29.6450183, 36.2058371], [29.645126, 36.2057582], [29.6451459, 36.2057065], [29.6451277, 36.2056668], [29.6450799, 36.2056519], [29.6449465, 36.2057145], [29.6445212, 36.2058548], [29.6442813, 36.2058855], [29.6444016, 36.2057794], [29.6443422, 36.2057814], [29.6443949, 36.205728], [29.6443122, 36.2057476], [29.6444346, 36.2056114], [29.6443206, 36.2055925], [29.6440103, 36.2057171], [29.6428917, 36.2064231], [29.6428054, 36.2064375], [29.6428128, 36.2063809], [29.6428503, 36.206308], [29.6427823, 36.2062764], [29.6425563, 36.2064065], [29.6425117, 36.206362], [29.6425957, 36.2061874], [29.6425861, 36.2061103], [29.6428562, 36.2052458], [29.6429692, 36.2051602], [29.6429479, 36.2051372], [29.6428711, 36.2051301], [29.642862, 36.2050927]]}}, {"type": "Feature", "properties": {"category": "lycian_way", "name": "Likya Yolu", "ref": "", "relation_id": 51855, "role": ""}, "geometry": {"type": "LineString", "coordinates": [[29.642862, 36.2050927], [29.6429673, 36.2049513], [29.6430854, 36.2047634], [29.6431004, 36.2047291]]}}, {"type": "Feature", "properties": {"category": "lycian_way", "name": "Likya Yolu", "ref": "", "relation_id": 51855, "role": ""}, "geometry": {"type": "LineString", "coordinates": [[29.6431004, 36.2047291], [29.6430279, 36.204702], [29.6428608, 36.2047532], [29.641724, 36.2049193], [29.640904, 36.2054393], [29.6408958, 36.2055242], [29.6407841, 36.2055551], [29.6407137, 36.205525]]}}, {"type": "Feature", "properties": {"category": "lycian_way", "name": "Likya Yolu", "ref": "", "relation_id": 51855, "role": ""}, "geometry": {"type": "LineString", "coordinates": [[29.6407137, 36.205525], [29.6407651, 36.205433], [29.6407484, 36.2053277], [29.6407048, 36.2052595]]}}, {"type": "Feature", "properties": {"category": "lycian_way", "name": "Likya Yolu", "ref": "", "relation_id": 51855, "role": ""}, "geometry": {"type": "LineString", "coordinates": [[29.6407048, 36.2052595], [29.6407188, 36.2051569], [29.6407248, 36.2051126], [29.6410983, 36.2047705], [29.6414383, 36.2044143], [29.6416726, 36.2041224], [29.6419608, 36.2038191], [29.6422213, 36.2035594], [29.6422822, 36.2034859], [29.6422592, 36.2034189], [29.6421794, 36.2034108], [29.642036, 36.2035056], [29.6418856, 36.2036303], [29.6416726, 36.2037988], [29.6412145, 36.2040878], [29.6409835, 36.2042204], [29.6408467, 36.2043419], [29.640748, 36.2044182], [29.6406394, 36.204479], [29.6405729, 36.2044772], [29.6405186, 36.2044508], [29.6405164, 36.2043833], [29.6405678, 36.204288], [29.6406567, 36.2042162], [29.6408124, 36.2041003], [29.6409818, 36.2039871], [29.6411564, 36.2038794], [29.6412047, 36.2037978], [29.6411986, 36.2037336], [29.641115, 36.2036904], [29.6410315, 36.2037178], [29.6409081, 36.2037623], [29.6408062, 36.2038319], [29.6406013, 36.2039546], [29.6404313, 36.2040767]]}}, {"type": "Feature", "properties": {"category": "lycian_way", "name": "Likya Yolu", "ref": "", "relation_id": 51855, "role": ""}, "geometry": {"type": "LineString", "coordinates": [[29.6404313, 36.2040767], [29.640453, 36.20395], [29.6404899, 36.2037056], [29.6405554, 36.2034971], [29.6406169, 36.203267], [29.6406693, 36.2030186], [29.6406808, 36.2028806]]}}, {"type": "Feature", "properties": {"category": "lycian_way", "name": "Likya Yolu", "ref": "", "relation_id": 51855, "role": ""}, "geometry": {"type": "LineString", "coordinates": [[29.6406808, 36.2028806], [29.6406446, 36.2027782], [29.6404496, 36.2023438], [29.6403736, 36.2021523], [29.6403274, 36.2020816], [29.6403079, 36.2020022], [29.640308, 36.2018919]]}}, {"type": "Feature", "properties": {"category": "lycian_way", "name": "Likya Yolu", "ref": "", "relation_id": 51855, "role": ""}, "geometry": {"type": "LineString", "coordinates": [[29.640308, 36.2018919], [29.6403619, 36.2016791]]}}, {"type": "Feature", "properties": {"category": "lycian_way", "name": "Likya Yolu", "ref": "", "relation_id": 51855, "role": ""}, "geometry": {"type": "LineString", "coordinates": [[29.6403619, 36.2016791], [29.6401301, 36.201652]]}}, {"type": "Feature", "properties": {"category": "lycian_way", "name": "Likya Yolu", "ref": "", "relation_id": 51855, "role": ""}, "geometry": {"type": "LineString", "coordinates": [[29.6406559, 36.2004455], [29.6405674, 36.2008024], [29.6404872, 36.2009886], [29.6404008, 36.2011554], [29.6402354, 36.201367], [29.6401301, 36.201652]]}}, {"type": "Feature", "properties": {"category": "lycian_way", "name": "Likya Yolu", "ref": "", "relation_id": 51855, "role": ""}, "geometry": {"type": "LineString", "coordinates": [[29.6404741, 36.2002712], [29.640618, 36.200293], [29.6406381, 36.2003738], [29.6406559, 36.2004455]]}}, {"type": "Feature", "properties": {"category": "lycian_way", "name": "Likya Yolu", "ref": "", "relation_id": 51855, "role": ""}, "geometry": {"type": "LineString", "coordinates": [[29.6404741, 36.2002712], [29.6404996, 36.2002447]]}}, {"type": "Feature", "properties": {"category": "lycian_way", "name": "Likya Yolu", "ref": "", "relation_id": 51855, "role": ""}, "geometry": {"type": "LineString", "coordinates": [[29.6404996, 36.2002447], [29.6405569, 36.2000409], [29.6405895, 36.1997778], [29.6406072, 36.1996799]]}}, {"type": "Feature", "properties": {"category": "lycian_way", "name": "Likya Yolu", "ref": "", "relation_id": 51855, "role": ""}, "geometry": {"type": "LineString", "coordinates": [[29.6406316, 36.1995351], [29.6406072, 36.1996799]]}}, {"type": "Feature", "properties": {"category": "lycian_way", "name": "Likya Yolu", "ref": "", "relation_id": 51855, "role": ""}, "geometry": {"type": "LineString", "coordinates": [[29.6406316, 36.1995351], [29.6406973, 36.1995198], [29.6407428, 36.1995092], [29.6410757, 36.1994408], [29.6413131, 36.1994256], [29.6414486, 36.1992503], [29.6414694, 36.1992278], [29.6416976, 36.1989854], [29.6418178, 36.1989083]]}}, {"type": "Feature", "properties": {"category": "lycian_way", "name": "Likya Yolu", "ref": "", "relation_id": 51855, "role": ""}, "geometry": {"type": "LineString", "coordinates": [[29.6418178, 36.1989083], [29.641901, 36.1988087]]}}, {"type": "Feature", "properties": {"category": "lycian_way", "name": "Likya Yolu", "ref": "", "relation_id": 51855, "role": ""}, "geometry": {"type": "LineString", "coordinates": [[29.641901, 36.1988087], [29.6420617, 36.198716], [29.6423508, 36.1985253], [29.6427327, 36.1983028], [29.6427852, 36.1982787], [29.6428439, 36.1982517], [29.6432944, 36.1980938]]}}, {"type": "Feature", "properties": {"category": "lycian_way", "name": "Likya Yolu", "ref": "", "relation_id": 51855, "role": ""}, "geometry": {"type": "LineString", "coordinates": [[29.6432944, 36.1980938], [29.6433946, 36.1980587], [29.643453, 36.1980491], [29.6436922, 36.1980199]]}}, {"type": "Feature", "properties": {"category": "lycian_way", "name": "Likya Yolu", "ref": "", "relation_id": 51855, "role": ""}, "geometry": {"type": "LineString", "coordinates": [[29.6436922, 36.1980199], [29.6438086, 36.1979802], [29.6439365, 36.1979499], [29.6439876, 36.1979378], [29.6441307, 36.1978078], [29.6443026, 36.1975883], [29.6446406, 36.1972211], [29.6449064, 36.197046], [29.6453555, 36.1967319], [29.645695, 36.1964124], [29.6461336, 36.1960343]]}}, {"type": "Feature", "properties": {"category": "lycian_way", "name": "Likya Yolu", "ref": "", "relation_id": 51855, "role": ""}, "geometry": {"type": "LineString", "coordinates": [[29.6461336, 36.1960343], [29.6464233, 36.1957967], [29.6465896, 36.1955667], [29.6467204, 36.1953584], [29.6468014, 36.1951419], [29.6468345, 36.1949808], [29.6469721, 36.1948295], [29.6471168, 36.1947243], [29.647259, 36.1946154], [29.6474135, 36.1945527], [29.6477373, 36.1944554], [29.647885, 36.1944339], [29.6480025, 36.1944168], [29.648237, 36.1943117], [29.6483908, 36.1941835], [29.6485987, 36.1939076], [29.6491115, 36.1933868], [29.6492827, 36.1931588]]}}, {"type": "Feature", "properties": {"category": "lycian_way", "name": "Likya Yolu", "ref": "", "relation_id": 51855, "role": ""}, "geometry": {"type": "LineString", "coordinates": [[29.6492827, 36.1931588], [29.6494339, 36.1930199], [29.6495915, 36.192948], [29.6498398, 36.1929309], [29.6500056, 36.1929167], [29.6500463, 36.1928727], [29.6501329, 36.1926884], [29.6502847, 36.1925375], [29.6504491, 36.1924039], [29.6506047, 36.1922884], [29.6506787, 36.1922591], [29.6507465, 36.1922429], [29.650818, 36.1922408], [29.6512351, 36.1922646], [29.6514376, 36.192233], [29.6516193, 36.1922016], [29.6517859, 36.1922024], [29.6519938, 36.1922279], [29.65218, 36.1922249], [29.6523719, 36.1921695], [29.6524693, 36.1920634], [29.6525345, 36.1919593], [29.6526244, 36.191785], [29.6526545, 36.1916984], [29.652678, 36.1916306], [29.6526887, 36.1916214], [29.6528527, 36.1914793]]}}, {"type": "Feature", "properties": {"category": "lycian_way", "name": "Likya Yolu", "ref": "", "relation_id": 51855, "role": ""}, "geometry": {"type": "LineString", "coordinates": [[29.6528527, 36.1914793], [29.6528954, 36.1914423], [29.65324, 36.1912072], [29.6534269, 36.1910564], [29.6534812, 36.1909634], [29.653542, 36.1908337], [29.6535942, 36.1907443], [29.6537353, 36.1906496], [29.6538858, 36.1905968], [29.6540679, 36.1905909], [29.6543501, 36.1906265], [29.6545835, 36.1906346], [29.6548368, 36.1905992], [29.6550834, 36.1905389], [29.6553171, 36.1904238], [29.6554619, 36.1902885], [29.6556071, 36.1900634]]}}, {"type": "Feature", "properties": {"category": "lycian_way", "name": "Likya Yolu", "ref": "", "relation_id": 51855, "role": ""}, "geometry": {"type": "LineString", "coordinates": [[29.6556071, 36.1900634], [29.6548675, 36.1899253]]}}, {"type": "Feature", "properties": {"category": "lycian_way", "name": "Likya Yolu", "ref": "", "relation_id": 51855, "role": ""}, "geometry": {"type": "LineString", "coordinates": [[29.6548675, 36.1899253], [29.6547436, 36.1895673]]}}, {"type": "Feature", "properties": {"category": "lycian_way", "name": "Likya Yolu", "ref": "", "relation_id": 51855, "role": ""}, "geometry": {"type": "LineString", "coordinates": [[29.6547436, 36.1895673], [29.6546306, 36.1892727], [29.6545516, 36.1891549], [29.6539986, 36.1885736], [29.6538888, 36.1885215], [29.6537887, 36.1885055], [29.6536028, 36.1884206], [29.6534876, 36.1883314], [29.6533743, 36.1882056], [29.6532486, 36.1880245], [29.6531421, 36.187961]]}}, {"type": "Feature", "properties": {"category": "lycian_way", "name": "Likya Yolu", "ref": "", "relation_id": 51855, "role": ""}, "geometry": {"type": "LineString", "coordinates": [[29.6531421, 36.187961], [29.6529663, 36.1875792], [29.6528397, 36.1872848], [29.6527097, 36.1870219], [29.6525235, 36.1867616], [29.6524599, 36.1865944], [29.6524571, 36.1863317], [29.6523374, 36.1860041], [29.6521969, 36.1857658], [29.6521062, 36.1856371], [29.652128, 36.185459], [29.6521541, 36.1849874], [29.6522254, 36.1846853], [29.6523501, 36.1844781], [29.6524464, 36.1842537], [29.6525925, 36.1840523], [29.6527199, 36.1837868], [29.652781, 36.1835817], [29.652847, 36.1834248], [29.6529074, 36.1831757]]}}, {"type": "Feature", "properties": {"category": "lycian_way", "name": "Likya Yolu", "ref": "", "relation_id": 51855, "role": ""}, "geometry": {"type": "LineString", "coordinates": [[29.6529074, 36.1831757], [29.6532122, 36.1830782], [29.6534365, 36.1829607], [29.6535277, 36.1827717]]}}, {"type": "Feature", "properties": {"category": "lycian_way", "name": "Likya Yolu", "ref": "", "relation_id": 51855, "role": ""}, "geometry": {"type": "LineString", "coordinates": [[29.6535277, 36.1827717], [29.6538729, 36.1826034], [29.6539712, 36.1824376], [29.6539712, 36.1823254], [29.653911, 36.1822795], [29.653928, 36.1820058], [29.6541278, 36.1815054], [29.6541533, 36.1813014], [29.6541278, 36.1811381], [29.6540512, 36.1810106], [29.6540149, 36.1809881]]}}, {"type": "Feature", "properties": {"category": "lycian_way", "name": "Likya Yolu", "ref": "", "relation_id": 51855, "role": ""}, "geometry": {"type": "LineString", "coordinates": [[29.6540149, 36.1809881], [29.6539051, 36.1808368], [29.6536598, 36.1806886], [29.6535105, 36.1806433], [29.6533155, 36.1805149], [29.653218, 36.1803453], [29.6529586, 36.1803158], [29.6527176, 36.1803611], [29.6525988, 36.1803934], [29.6524623, 36.1803673], [29.6523511, 36.1802999], [29.6523223, 36.180174], [29.6523121, 36.1797172], [29.6523423, 36.1795414], [29.6523678, 36.1793118], [29.6523868, 36.1789385], [29.6523882, 36.1787487], [29.6523059, 36.1784919], [29.6521303, 36.1780999], [29.652179, 36.1779294], [29.6522198, 36.1777049], [29.6522351, 36.1772203], [29.6522708, 36.176853], [29.6522096, 36.1766744], [29.6521841, 36.1765469], [29.6521178, 36.1763632], [29.6521346, 36.1760729], [29.6521116, 36.1757869], [29.6519019, 36.1756934], [29.6517718, 36.1756042], [29.6517607, 36.1754807], [29.6516827, 36.1753855], [29.6516827, 36.1752229], [29.6516332, 36.1750063], [29.6515515, 36.1748889], [29.6514265, 36.1746492], [29.6513821, 36.1744808], [29.6513825, 36.1743926]]}}, {"type": "Feature", "properties": {"category": "lycian_way", "name": "Likya Yolu", "ref": "", "relation_id": 51855, "role": ""}, "geometry": {"type": "LineString", "coordinates": [[29.6513463, 36.1742083], [29.6513825, 36.1743067], [29.6513825, 36.1743926]]}}, {"type": "Feature", "properties": {"category": "lycian_way", "name": "Likya Yolu", "ref": "", "relation_id": 51855, "role": ""}, "geometry": {"type": "LineString", "coordinates": [[29.6513463, 36.1742083], [29.6513078, 36.1742142], [29.6512494, 36.1741228], [29.6512507, 36.1739979]]}}, {"type": "Feature", "properties": {"category": "lycian_way", "name": "Likya Yolu", "ref": "", "relation_id": 51855, "role": ""}, "geometry": {"type": "LineString", "coordinates": [[29.6511233, 36.1736456], [29.6512071, 36.1738024], [29.6512519, 36.1738819], [29.6512507, 36.1739979]]}}, {"type": "Feature", "properties": {"category": "lycian_way", "name": "Likya Yolu", "ref": "", "relation_id": 51855, "role": ""}, "geometry": {"type": "LineString", "coordinates": [[29.6511233, 36.1736456], [29.6511089, 36.1736199], [29.6507266, 36.1735088]]}}, {"type": "Feature", "properties": {"category": "lycian_way", "name": "Likya Yolu", "ref": "", "relation_id": 51855, "role": ""}, "geometry": {"type": "LineString", "coordinates": [[29.6507266, 36.1735088], [29.6506242, 36.1731772], [29.6506326, 36.1729105], [29.6505936, 36.1727259], [29.6506025, 36.1726508], [29.6505287, 36.1725622], [29.6505144, 36.1725013], [29.6504608, 36.1724724]]}}, {"type": "Feature", "properties": {"category": "lycian_way", "name": "Likya Yolu", "ref": "", "relation_id": 51855, "role": ""}, "geometry": {"type": "LineString", "coordinates": [[29.6504608, 36.1724724], [29.6505634, 36.1724372], [29.6506656, 36.1723894], [29.650782, 36.1723056], [29.6508915, 36.1721841], [29.6509099, 36.1719954], [29.6510455, 36.1718412], [29.6510571, 36.1716529], [29.6511046, 36.1713566], [29.6513108, 36.1708951], [29.6513813, 36.1707032], [29.6514055, 36.1703976], [29.651399, 36.1703776], [29.6513656, 36.1702752], [29.6515388, 36.1701673], [29.6516372, 36.1698906], [29.6517956, 36.1697108], [29.6520906, 36.1693905], [29.6523615, 36.1691664], [29.6524807, 36.1691088]]}}, {"type": "Feature", "properties": {"category": "lycian_way", "name": "Likya Yolu", "ref": "", "relation_id": 51855, "role": ""}, "geometry": {"type": "LineString", "coordinates": [[29.6524807, 36.1691088], [29.6527328, 36.1690077], [29.6529238, 36.1686532], [29.6531646, 36.1685055], [29.6533437, 36.1682494], [29.6534093, 36.1678327], [29.6534441, 36.1676856], [29.6534339, 36.1675331], [29.653556, 36.1672927], [29.6535779, 36.1671146], [29.6536228, 36.1668457], [29.6535241, 36.1667777], [29.6533582, 36.1666473], [29.6532245, 36.1665229], [29.6531828, 36.1663357], [29.6532282, 36.1662636], [29.6533453, 36.1661978]]}}, {"type": "Feature", "properties": {"category": "lycian_way", "name": "Likya Yolu", "ref": "", "relation_id": 51855, "role": ""}, "geometry": {"type": "LineString", "coordinates": [[29.6533453, 36.1661978], [29.6534768, 36.1660822], [29.6536867, 36.1659723], [29.6536549, 36.165725], [29.6534815, 36.1655621], [29.6535424, 36.1653639], [29.6535959, 36.1652275], [29.6536048, 36.165025], [29.653609, 36.1649801], [29.6536269, 36.1647879], [29.6537664, 36.1646269], [29.653914, 36.1644941], [29.6540535, 36.164394], [29.6540291, 36.1642048], [29.6540921, 36.1640683], [29.6540726, 36.1638426], [29.654111, 36.1636363], [29.6541304, 36.1635323], [29.6542912, 36.1632976], [29.6544513, 36.1632007], [29.6545688, 36.1631843], [29.6546864, 36.1630663], [29.6546511, 36.1628778], [29.6548143, 36.1626365], [29.6549778, 36.1624719], [29.6551857, 36.1623019], [29.6553202, 36.162154], [29.6554056, 36.1619933], [29.655488, 36.1618744], [29.6555207, 36.1617253], [29.6555276, 36.1615083], [29.6557285, 36.161365], [29.6558694, 36.1612705], [29.6558889, 36.1611211], [29.6558157, 36.1609938], [29.6558419, 36.1608861]]}}, {"type": "Feature", "properties": {"category": "lycian_way", "name": "Likya Yolu", "ref": "", "relation_id": 51855, "role": ""}, "geometry": {"type": "LineString", "coordinates": [[29.6558419, 36.1608861], [29.6556559, 36.1606473], [29.6554538, 36.1606025], [29.6551653, 36.1605708], [29.6550457, 36.1604964], [29.6549215, 36.1605037], [29.6545333, 36.1605235], [29.6543216, 36.1604405], [29.6540502, 36.1603171], [29.6537999, 36.1601396], [29.6537175, 36.1600174], [29.6532282, 36.159407], [29.6531, 36.1592609], [29.6530317, 36.1591831], [29.6529785, 36.1589748], [29.6530337, 36.1588313], [29.6530257, 36.1586883], [29.6530028, 36.1585292], [29.6530408, 36.1584097], [29.6531739, 36.1581885], [29.653407, 36.1580003], [29.6534754, 36.1577893], [29.6534663, 36.1575805], [29.653427, 36.1574801], [29.6536083, 36.1572077], [29.6537177, 36.1568787]]}}, {"type": "Feature", "properties": {"category": "lycian_way", "name": "Likya Yolu", "ref": "", "relation_id": 51855, "role": ""}, "geometry": {"type": "LineString", "coordinates": [[29.6537177, 36.1568787], [29.6538026, 36.1568189], [29.653803, 36.1567925], [29.6538043, 36.1566946], [29.6538554, 36.1565742], [29.6539735, 36.1565073], [29.6540348, 36.156437], [29.6541931, 36.156313], [29.6542578, 36.1561775], [29.6543873, 36.1561038], [29.65445, 36.1560848], [29.6544611, 36.1560391], [29.6545139, 36.1559847], [29.6545613, 36.1559398], [29.6546292, 36.1559059], [29.6546866, 36.1558983], [29.6547212, 36.1558551], [29.6547824, 36.1558101], [29.6548894, 36.1557611], [29.6549384, 36.1556688], [29.6550577, 36.1555373], [29.6551826, 36.1554533], [29.6553265, 36.1553507], [29.6554384, 36.1552975], [29.6556929, 36.1551869], [29.6559145, 36.1549553], [29.6559419, 36.1548734], [29.6559784, 36.1547902], [29.6563109, 36.1545772], [29.6565653, 36.1544093], [29.6566579, 36.1542553]]}}, {"type": "Feature", "properties": {"category": "lycian_way", "name": "Likya Yolu", "ref": "", "relation_id": 51855, "role": ""}, "geometry": {"type": "LineString", "coordinates": [[29.6566579, 36.1542553], [29.6570477, 36.1539156], [29.6574999, 36.1536534], [29.6575913, 36.1536368], [29.6577172, 36.153614], [29.6577976, 36.1536168], [29.6578749, 36.1536389], [29.6581252, 36.1536428], [29.6582161, 36.1536947], [29.6584161, 36.1536737], [29.658632, 36.1536493], [29.6589496, 36.1536181], [29.6592462, 36.1535853], [29.6594872, 36.1535972], [29.6596034, 36.1536258], [29.6596881, 36.1537103], [29.659779, 36.1537392], [29.6599537, 36.1537191], [29.6601219, 36.1537395], [29.6602747, 36.1537985], [29.6605838, 36.1537481], [29.6608969, 36.1538285], [29.661233, 36.1538653], [29.6614424, 36.1539318], [29.661645, 36.1538925], [29.6617229, 36.1538472], [29.6619017, 36.1538002], [29.6622925, 36.1537257], [29.6623552, 36.1537576], [29.6623839, 36.1538155], [29.6625776, 36.1538647], [29.6627612, 36.1538708], [29.6628466, 36.1539632], [29.6629126, 36.1540893], [29.663026, 36.1541413], [29.6632268, 36.1541556], [29.6638763, 36.1540782], [29.6642078, 36.1539236], [29.6645325, 36.1536678], [29.6647387, 36.1535896], [29.6650629, 36.1535583], [29.6652741, 36.1535618], [29.6654265, 36.1535152]]}}, {"type": "Feature", "properties": {"category": "lycian_way", "name": "Likya Yolu", "ref": "", "relation_id": 51855, "role": ""}, "geometry": {"type": "LineString", "coordinates": [[29.6654265, 36.1535152], [29.6655782, 36.1534527], [29.6659147, 36.1533356], [29.6661304, 36.1532441], [29.6663135, 36.15317], [29.6666112, 36.1530916], [29.6667365, 36.1530947], [29.666831, 36.1531669], [29.6671736, 36.1532283], [29.6673704, 36.1533171], [29.6676484, 36.1533432], [29.6677906, 36.1532323], [29.6679096, 36.1531914], [29.6680623, 36.1532177], [29.6681079, 36.1530992], [29.6682689, 36.1529908], [29.6684738, 36.1528612], [29.6685423, 36.1528826], [29.6686195, 36.1528734], [29.6689098, 36.1528851], [29.6691394, 36.1529777], [29.6694585, 36.152994], [29.6696294, 36.1530834], [29.6698804, 36.1530829], [29.6700158, 36.1531465], [29.6704237, 36.1532359], [29.6706217, 36.1532944], [29.6708721, 36.1532961], [29.6710177, 36.1532809], [29.671478, 36.1533381], [29.6716183, 36.1533082], [29.6717831, 36.1533133], [29.6721166, 36.1533771], [29.6723807, 36.1533699], [29.6725363, 36.1533832], [29.6729824, 36.1534053], [29.6732572, 36.1533609], [29.6738068, 36.1534141], [29.6738677, 36.1534549], [29.6742565, 36.1534556], [29.6743607, 36.1534852], [29.6747188, 36.153552], [29.6748777, 36.1535981], [29.6755187, 36.1536391], [29.6758288, 36.1536823], [29.6759907, 36.1537008], [29.6763866, 36.153638], [29.676742, 36.1536774], [29.6768691, 36.1536425], [29.6774069, 36.1536877], [29.6776739, 36.1536503], [29.6779812, 36.1536621], [29.6782659, 36.1537825], [29.6783909, 36.1538186], [29.6786098, 36.1539922]]}}, {"type": "Feature", "properties": {"category": "lycian_way", "name": "Likya Yolu", "ref": "", "relation_id": 51855, "role": ""}, "geometry": {"type": "LineString", "coordinates": [[29.6786098, 36.1539922], [29.6787392, 36.1540063], [29.6789821, 36.1542488], [29.6792186, 36.1543254], [29.6794249, 36.1543152], [29.6799532, 36.1543735], [29.6802472, 36.1544483], [29.6804451, 36.154434], [29.6808122, 36.1544374], [29.6809628, 36.1544935], [29.6810516, 36.1544411]]}}, {"type": "Feature", "properties": {"category": "lycian_way", "name": "Likya Yolu", "ref": "", "relation_id": 51855, "role": ""}, "geometry": {"type": "LineString", "coordinates": [[29.6810516, 36.1544411], [29.6812372, 36.1544427], [29.6814366, 36.154298], [29.6816466, 36.1542252], [29.6818823, 36.1541145], [29.6821198, 36.1540073], [29.6825872, 36.1539073], [29.6830909, 36.1537446], [29.6835453, 36.1537865], [29.6839502, 36.1537861], [29.6842742, 36.1537212], [29.6847407, 36.1535228], [29.6851191, 36.1532626], [29.6853618, 36.153124], [29.6856311, 36.1528958], [29.6857152, 36.1526809], [29.685749, 36.1524663], [29.6859069, 36.1522479], [29.6860388, 36.1521166], [29.6861871, 36.152062], [29.6864437, 36.1520069], [29.6868016, 36.1518689], [29.6870648, 36.1516948], [29.6872614, 36.1514798], [29.6874884, 36.1513314], [29.6879312, 36.1512732], [29.6886089, 36.1514132], [29.6895241, 36.1516761], [29.6896748, 36.1518072], [29.6898286, 36.1518551], [29.6899201, 36.1517772], [29.6899583, 36.1516585], [29.6901926, 36.1514467], [29.6904055, 36.1514504], [29.6905096, 36.1515404], [29.6906758, 36.1515085], [29.6908379, 36.1513737], [29.6910339, 36.1513045]]}}, {"type": "Feature", "properties": {"category": "lycian_way", "name": "Likya Yolu", "ref": "", "relation_id": 51855, "role": ""}, "geometry": {"type": "LineString", "coordinates": [[29.6910339, 36.1513045], [29.6911476, 36.1512059], [29.6914785, 36.1511959], [29.6917158, 36.1513238], [29.6919738, 36.1512838], [29.6921348, 36.1511749], [29.692112, 36.1508995], [29.6922826, 36.1507004], [29.6925405, 36.1505164], [29.6926501, 36.1505502], [29.6927278, 36.1505145], [29.6928073, 36.1503698], [29.6930203, 36.1503064], [29.693224, 36.150275], [29.6935089, 36.1501331], [29.6938891, 36.1502446], [29.6940533, 36.1503966], [29.6941322, 36.1505791], [29.6944809, 36.1506561], [29.6948668, 36.1506512], [29.6950892, 36.1507291], [29.6956035, 36.1504418], [29.6959902, 36.1503781], [29.6965427, 36.1503914], [29.6975784, 36.1500932], [29.6980031, 36.1499187], [29.6981566, 36.1496657], [29.6984428, 36.1495234], [29.6988364, 36.1493419], [29.6988891, 36.1492021]]}}, {"type": "Feature", "properties": {"category": "lycian_way", "name": "Likya Yolu", "ref": "", "relation_id": 51855, "role": ""}, "geometry": {"type": "LineString", "coordinates": [[29.6988891, 36.1492021], [29.6993509, 36.1491527]]}}, {"type": "Feature", "properties": {"category": "lycian_way", "name": "Likya Yolu", "ref": "", "relation_id": 51855, "role": ""}, "geometry": {"type": "LineString", "coordinates": [[29.6993509, 36.1491527], [29.6996462, 36.1490093], [29.6999791, 36.1489333], [29.700311, 36.1487632], [29.7005248, 36.1488055], [29.7006966, 36.1490293], [29.7007186, 36.1491727]]}}, {"type": "Feature", "properties": {"category": "lycian_way", "name": "Likya Yolu", "ref": "", "relation_id": 51855, "role": ""}, "geometry": {"type": "LineString", "coordinates": [[29.7007186, 36.1491727], [29.7010207, 36.1491377], [29.7012138, 36.1491694], [29.7015034, 36.1491367], [29.7017012, 36.1491193]]}}, {"type": "Feature", "properties": {"category": "lycian_way", "name": "Likya Yolu", "ref": "", "relation_id": 51855, "role": ""}, "geometry": {"type": "LineString", "coordinates": [[29.7017012, 36.1491193], [29.7017922, 36.1492775], [29.7019515, 36.1493783], [29.7021728, 36.1494756], [29.7024133, 36.1494932], [29.7026337, 36.1494648], [29.702803, 36.1494034], [29.7028992, 36.1492994], [29.7030186, 36.149163], [29.7030573, 36.1491188], [29.7032607, 36.1491138], [29.7034071, 36.1491069], [29.7035827, 36.1491962], [29.7036852, 36.1491581], [29.7038831, 36.1489319], [29.7040871, 36.1487303], [29.7043341, 36.1485711], [29.7044186, 36.1484476], [29.7045663, 36.1484465], [29.7048039, 36.1484557], [29.7049953, 36.1485264], [29.7052321, 36.1486631], [29.7054376, 36.1487091], [29.7056725, 36.1486886], [29.7059164, 36.1487662], [29.7061467, 36.1489052], [29.7063225, 36.148944], [29.7063532, 36.1490296], [29.7065556, 36.149139], [29.7067456, 36.1492315], [29.7069978, 36.1494193], [29.7071333, 36.1495757], [29.7071696, 36.1496923], [29.7071994, 36.1497881], [29.7073072, 36.1500277], [29.7076602, 36.1502111], [29.7078648, 36.1503222], [29.7082053, 36.1503163], [29.7089365, 36.1504628], [29.7091259, 36.1504815], [29.7091536, 36.150588], [29.7096216, 36.1507667], [29.7101036, 36.1509927], [29.7101822, 36.1508801], [29.7105177, 36.1510795], [29.7106332, 36.1509732], [29.7107678, 36.1510517], [29.7108143, 36.1511992], [29.710994, 36.1514219], [29.7110896, 36.1514118], [29.7112412, 36.1515786], [29.7117385, 36.1517743], [29.7117744, 36.1519003], [29.7120522, 36.1519929], [29.7123215, 36.1521405], [29.7124948, 36.1523808], [29.7124715, 36.1524981], [29.7126149, 36.1526893], [29.7127409, 36.1526853], [29.7128032, 36.1527443], [29.7127979, 36.1528732], [29.7126653, 36.1530027], [29.7127089, 36.1532313], [29.7129962, 36.1534735], [29.7130429, 36.1541968], [29.71288, 36.1547575], [29.7129883, 36.1548918], [29.7128859, 36.1552519], [29.7130023, 36.1553494], [29.7129665, 36.1555449], [29.7128494, 36.1555708], [29.7128248, 36.155668], [29.7127369, 36.1557621], [29.7127671, 36.1558657], [29.7128579, 36.1559507], [29.7128763, 36.1561255], [29.7128924, 36.1562789], [29.7128893, 36.1567486], [29.7129596, 36.1569797], [29.7131771, 36.1571539], [29.7132508, 36.1573943], [29.7139028, 36.1577127], [29.7143163, 36.1578434], [29.7147388, 36.1582489], [29.7154841, 36.15846], [29.7157894, 36.1586816], [29.7161339, 36.158807], [29.7165541, 36.1591506], [29.7172514, 36.1600127], [29.7171158, 36.1604305], [29.7172912, 36.1607758], [29.7175493, 36.1610377], [29.7176485, 36.1609913], [29.7178183, 36.1610609], [29.7177895, 36.1611769], [29.717907, 36.1613582], [29.7181917, 36.1615627], [29.7185195, 36.1620198], [29.7189151, 36.1621948], [29.7191731, 36.1624078], [29.7192625, 36.1629767], [29.720023, 36.1634396], [29.7206082, 36.1635585], [29.7207847, 36.1636011], [29.7210594, 36.1637197], [29.7215371, 36.1637558], [29.7222641, 36.1639631], [29.7226234, 36.1639736], [29.7229189, 36.164064], [29.7231499, 36.16401], [29.7238342, 36.164166], [29.7245839, 36.1641259], [29.7251332, 36.1642415], [29.7253043, 36.1643224], [29.7261487, 36.1644705], [29.7263703, 36.1644094], [29.7265037, 36.164426], [29.7265513, 36.164535], [29.7263252, 36.1649003], [29.7261407, 36.1653456], [29.7260265, 36.1659668], [29.726041, 36.1662711], [29.7259647, 36.1663429], [29.7260705, 36.1666656], [29.7262474, 36.166689], [29.7265014, 36.1673146], [29.7268744, 36.1676402], [29.7270393, 36.1677209], [29.727074, 36.1678358]]}}, {"type": "Feature", "properties": {"category": "lycian_way", "name": "Likya Yolu", "ref": "", "relation_id": 51855, "role": ""}, "geometry": {"type": "LineString", "coordinates": [[29.7273275, 36.167982], [29.727074, 36.1678358]]}}, {"type": "Feature", "properties": {"category": "lycian_way", "name": "Likya Yolu", "ref": "", "relation_id": 51855, "role": ""}, "geometry": {"type": "LineString", "coordinates": [[29.7273275, 36.167982], [29.727619, 36.1679617], [29.7279083, 36.1680205], [29.7280979, 36.1678895], [29.7283264, 36.1678737], [29.7288259, 36.1680318], [29.7293709, 36.1681492], [29.7294044, 36.1683742], [29.7296888, 36.1686818], [29.7298672, 36.168999], [29.73006, 36.1692613], [29.7307051, 36.1695031], [29.7307584, 36.169642], [29.7307779, 36.1698212]]}}, {"type": "Feature", "properties": {"category": "lycian_way", "name": "Likya Yolu", "ref": "", "relation_id": 51855, "role": ""}, "geometry": {"type": "LineString", "coordinates": [[29.7307779, 36.1698212], [29.7309053, 36.1698818], [29.7310326, 36.1698686], [29.7318461, 36.1703853], [29.7323605, 36.1708666], [29.7326418, 36.171013], [29.7327783, 36.1711416]]}}, {"type": "Feature", "properties": {"category": "lycian_way", "name": "Likya Yolu", "ref": "", "relation_id": 51855, "role": ""}, "geometry": {"type": "LineString", "coordinates": [[29.7327783, 36.1711416], [29.7329322, 36.1711535]]}}, {"type": "Feature", "properties": {"category": "lycian_way", "name": "Likya Yolu", "ref": "", "relation_id": 51855, "role": ""}, "geometry": {"type": "LineString", "coordinates": [[29.7329322, 36.1711535], [29.7330742, 36.1713356], [29.7331473, 36.1714419], [29.7331975, 36.1715549], [29.733233, 36.1717336], [29.7332434, 36.1718163], [29.7333124, 36.171877], [29.7333354, 36.1720001], [29.7335154, 36.1722852], [29.7335824, 36.1723674], [29.7337112, 36.1725905], [29.7338051, 36.1726013], [29.7338212, 36.1727139], [29.7339043, 36.17282], [29.7340035, 36.1728806], [29.734017, 36.1729997], [29.7340894, 36.173043], [29.7340491, 36.1730885], [29.7342288, 36.1731967], [29.7343978, 36.173266], [29.7344166, 36.1733981], [29.7343656, 36.1734457], [29.7343871, 36.1735063], [29.7342691, 36.1735323], [29.7342718, 36.1735994], [29.7342047, 36.1735951], [29.7341725, 36.173712], [29.7341023, 36.1738192]]}}, {"type": "Feature", "properties": {"category": "lycian_way", "name": "Likya Yolu", "ref": "", "relation_id": 51855, "role": ""}, "geometry": {"type": "LineString", "coordinates": [[29.7341023, 36.1738192], [29.7342172, 36.1739877], [29.7345499, 36.1743586], [29.7349115, 36.1746263]]}}, {"type": "Feature", "properties": {"category": "lycian_way", "name": "Likya Yolu", "ref": "", "relation_id": 51855, "role": ""}, "geometry": {"type": "LineString", "coordinates": [[29.7349115, 36.1746263], [29.735064, 36.1747625], [29.7352329, 36.1748035], [29.7354872, 36.1749314], [29.7359681, 36.1753604], [29.7361986, 36.1756207], [29.7366833, 36.1759432], [29.7371481, 36.1762004], [29.7372436, 36.1762293], [29.7372479, 36.1762694], [29.737163, 36.1763129], [29.7371195, 36.1763939], [29.7372395, 36.1765019], [29.7371533, 36.176563], [29.7372382, 36.1767057], [29.7375745, 36.1768272], [29.7381169, 36.1768158], [29.7384268, 36.1766997], [29.7385246, 36.176714], [29.7385608, 36.1768193], [29.7386681, 36.1768515], [29.73866, 36.1769497], [29.7387675, 36.1770647], [29.7388992, 36.1771205], [29.7389703, 36.1772514]]}}, {"type": "Feature", "properties": {"category": "lycian_way", "name": "Likya Yolu", "ref": "", "relation_id": 51855, "role": ""}, "geometry": {"type": "LineString", "coordinates": [[29.7389703, 36.1772514], [29.7391706, 36.1773332], [29.7393953, 36.1773705], [29.7396578, 36.1773451], [29.7399269, 36.1772248], [29.7407833, 36.1771659], [29.7411609, 36.1771401], [29.7416481, 36.1772977], [29.7425015, 36.178376], [29.7433181, 36.17919], [29.7436887, 36.1796402], [29.745774, 36.1812401], [29.7464881, 36.1815743], [29.7471688, 36.182114]]}}, {"type": "Feature", "properties": {"category": "lycian_way", "name": "Likya Yolu", "ref": "", "relation_id": 51855, "role": ""}, "geometry": {"type": "LineString", "coordinates": [[29.7471688, 36.182114], [29.7478947, 36.1831191], [29.7480526, 36.1832757], [29.7486048, 36.1838235], [29.7489607, 36.1842014], [29.7492298, 36.1845532], [29.7493318, 36.1847048], [29.749522, 36.1855135]]}}, {"type": "Feature", "properties": {"category": "lycian_way", "name": "Likya Yolu", "ref": "", "relation_id": 51855, "role": ""}, "geometry": {"type": "LineString", "coordinates": [[29.749522, 36.1855135], [29.7496327, 36.1860691], [29.749732, 36.1864599], [29.7497264, 36.1864903], [29.750087, 36.1871467], [29.7502019, 36.1873795], [29.7503799, 36.1876034], [29.7509672, 36.1887251], [29.7511217, 36.1890113], [29.7512549, 36.1891756], [29.7521509, 36.1899798], [29.7524901, 36.1902737], [29.7529985, 36.1906231], [29.7533101, 36.1908529]]}}, {"type": "Feature", "properties": {"category": "lycian_way", "name": "Likya Yolu", "ref": "", "relation_id": 51855, "role": ""}, "geometry": {"type": "LineString", "coordinates": [[29.7533101, 36.1908529], [29.7534521, 36.1906701], [29.7536067, 36.1904744], [29.7542267, 36.190083], [29.75435, 36.1899573], [29.7544467, 36.1898501], [29.7545798, 36.189679], [29.7546763, 36.1895694], [29.7547924, 36.1894706], [29.7548364, 36.1893628], [29.7548487, 36.1892366], [29.7548973, 36.1890134], [29.7549402, 36.1888308], [29.755003, 36.1887336], [29.7551015, 36.1886637], [29.755291, 36.1886184], [29.7554944, 36.1885893], [29.7558249, 36.1884598], [29.7560401, 36.1883394], [29.7562177, 36.1881837], [29.7565478, 36.1880022], [29.7569553, 36.1877344], [29.7574349, 36.1873171], [29.7578325, 36.1870368], [29.7580002, 36.1868923], [29.7582034, 36.1867404], [29.7583935, 36.1865289], [29.7585439, 36.1862662], [29.7586231, 36.1860319], [29.758681, 36.1858393], [29.7587633, 36.1856398], [29.7587793, 36.1854395], [29.7587502, 36.1851598], [29.7588338, 36.1849043], [29.7589523, 36.1847529]]}}, {"type": "Feature", "properties": {"category": "lycian_way", "name": "Likya Yolu", "ref": "", "relation_id": 51855, "role": ""}, "geometry": {"type": "LineString", "coordinates": [[29.7589523, 36.1847529], [29.7590507, 36.1847138], [29.7591547, 36.1847069], [29.7593268, 36.1847223], [29.7595416, 36.1847348], [29.7598311, 36.184758], [29.7600994, 36.1847123], [29.7606727, 36.1846309], [29.7609707, 36.184581], [29.7612418, 36.1845644], [29.761487, 36.1845345], [29.7621704, 36.1842475], [29.7624101, 36.1841828], [29.7629733, 36.1842046], [29.7632482, 36.1842154], [29.7634462, 36.184222], [29.7640373, 36.1842109]]}}, {"type": "Feature", "properties": {"category": "lycian_way", "name": "Likya Yolu", "ref": "", "relation_id": 51855, "role": ""}, "geometry": {"type": "LineString", "coordinates": [[29.7640373, 36.1842109], [29.7642703, 36.1841407], [29.7643932, 36.1841433], [29.7646472, 36.1841355], [29.764743, 36.1841049], [29.7647985, 36.183994], [29.7649056, 36.18397], [29.7650231, 36.1839839], [29.7657897, 36.1842428], [29.7661509, 36.1842198], [29.7661948, 36.1842517]]}}, {"type": "Feature", "properties": {"category": "lycian_way", "name": "Likya Yolu", "ref": "", "relation_id": 51855, "role": ""}, "geometry": {"type": "LineString", "coordinates": [[29.7661948, 36.1842517], [29.7663921, 36.1843952], [29.7665916, 36.1844827], [29.766838, 36.1846124], [29.7669987, 36.1847369], [29.7672957, 36.1848494], [29.767467, 36.1849354], [29.7676237, 36.185014], [29.7677082, 36.1850957], [29.7677389, 36.1851254], [29.7678492, 36.1853877], [29.7679098, 36.1855364], [29.7680678, 36.1855917], [29.7683835, 36.1857076], [29.7685942, 36.1858553], [29.7687837, 36.1858693], [29.7688409, 36.1858593], [29.7689114, 36.1858542], [29.7689712, 36.1858817], [29.7690391, 36.1859816], [29.7692611, 36.1860213], [29.7694744, 36.1859808], [29.7696228, 36.1859415], [29.7697569, 36.1859518], [29.7700176, 36.1860293], [29.770217, 36.1859888]]}}, {"type": "Feature", "properties": {"category": "lycian_way", "name": "Likya Yolu", "ref": "", "relation_id": 51855, "role": ""}, "geometry": {"type": "LineString", "coordinates": [[29.770217, 36.1859888], [29.7702752, 36.185881], [29.7703002, 36.1857584], [29.7702857, 36.1856742], [29.770289, 36.185427]]}}, {"type": "Feature", "properties": {"category": "lycian_way", "name": "Likya Yolu", "ref": "", "relation_id": 51855, "role": ""}, "geometry": {"type": "LineString", "coordinates": [[29.770289, 36.185427], [29.7700092, 36.1850179], [29.7699401, 36.1848647], [29.7699477, 36.1846506], [29.7700278, 36.1843892], [29.7701302, 36.1841647], [29.7702035, 36.1840552]]}}, {"type": "Feature", "properties": {"category": "lycian_way", "name": "Likya Yolu", "ref": "", "relation_id": 51855, "role": ""}, "geometry": {"type": "LineString", "coordinates": [[29.7721449, 36.1800501], [29.7720697, 36.1803916], [29.7719777, 36.1806065], [29.7719238, 36.1808325], [29.7718407, 36.1810288], [29.7716951, 36.181185], [29.7714947, 36.1814111], [29.7713552, 36.1816588], [29.7712535, 36.1818126], [29.7706413, 36.1826431], [29.770558, 36.1829494], [29.7705485, 36.1829842], [29.770456, 36.1831344], [29.770362, 36.1832871], [29.7701769, 36.1835221], [29.7702254, 36.1836843], [29.7702633, 36.1838435], [29.7702035, 36.1840552]]}}, {"type": "Feature", "properties": {"category": "lycian_way", "name": "Likya Yolu", "ref": "", "relation_id": 51855, "role": ""}, "geometry": {"type": "LineString", "coordinates": [[29.7869636, 36.159484], [29.7864431, 36.1594343], [29.7863679, 36.1593817], [29.7862242, 36.159389], [29.7861523, 36.1593058], [29.7859528, 36.1593164], [29.7856636, 36.159333], [29.7854148, 36.1593872], [29.7852252, 36.159465], [29.7851007, 36.1594308], [29.7848953, 36.159417], [29.7847812, 36.1595307], [29.7845631, 36.159508], [29.7842426, 36.1595351], [29.7842692, 36.1595931], [29.7843617, 36.1597609], [29.7844599, 36.1598272], [29.7844191, 36.1599054], [29.7839333, 36.159785], [29.7830937, 36.1599207], [29.7828326, 36.1601192], [29.7827852, 36.1602746], [29.7828234, 36.1603804], [29.7826881, 36.1605517], [29.7826302, 36.1607553], [29.7822613, 36.1612146], [29.7821748, 36.161548], [29.7820617, 36.16165], [29.782115, 36.1617922], [29.7820891, 36.1618952], [29.7820891, 36.1619663], [29.7821753, 36.1620177], [29.7822627, 36.1621367], [29.7823275, 36.162183], [29.7823723, 36.1622914], [29.7824912, 36.1623391], [29.7826965, 36.1623386], [29.7828213, 36.1624203], [29.782901, 36.1625165], [29.783008, 36.1625693], [29.783222, 36.1625915], [29.7837028, 36.1627948], [29.7838679, 36.1629744], [29.7839132, 36.1630774], [29.7839648, 36.1633389], [29.7839598, 36.1635351], [29.7841916, 36.1637161], [29.7843287, 36.1639309], [29.7843845, 36.1642191], [29.7841867, 36.1645831], [29.7842181, 36.1646702], [29.7842805, 36.1647628], [29.7843626, 36.1648262], [29.7843737, 36.1649982], [29.7843558, 36.1651084], [29.7844567, 36.1653348], [29.7845632, 36.1655582], [29.7846128, 36.1657815], [29.7846731, 36.1659959], [29.7846495, 36.1660924], [29.7847781, 36.1661756], [29.7848453, 36.1662683], [29.7847911, 36.1663744], [29.7848929, 36.1664841], [29.7850319, 36.1666483], [29.7850628, 36.1669318], [29.7849843, 36.1671314], [29.7850631, 36.1672542], [29.7851212, 36.1675056], [29.7850942, 36.1677966], [29.7850426, 36.1679593], [29.7850958, 36.1680823], [29.7853479, 36.1682805], [29.7853553, 36.1684574], [29.7856029, 36.1687899], [29.7858521, 36.1689912], [29.7859124, 36.1691688], [29.7859152, 36.1693537], [29.786, 36.1697873], [29.7858425, 36.1700177], [29.7856694, 36.170083], [29.7852972, 36.1701908], [29.7851513, 36.1703653], [29.7848592, 36.170527], [29.7844219, 36.1705831], [29.7843811, 36.1706569], [29.7843905, 36.1708128], [29.784192, 36.1709378], [29.7835975, 36.1709836], [29.7833265, 36.1711523], [29.7828138, 36.1712614], [29.7827214, 36.1713352], [29.7825915, 36.1713602], [29.7819816, 36.1711997], [29.7817677, 36.1712891], [29.7814373, 36.1711256], [29.7812777, 36.1710715], [29.7811053, 36.1710514], [29.7809663, 36.1710299], [29.7807286, 36.1710593], [29.7805238, 36.1711682], [29.780416, 36.1712999], [29.780171, 36.1715148], [29.7801362, 36.171692], [29.779989, 36.1718192], [29.7798454, 36.1719991], [29.7798543, 36.1722866], [29.7798103, 36.1724816], [29.7796937, 36.1725858], [29.7795721, 36.1725867], [29.7794494, 36.1725818], [29.7792822, 36.1725789], [29.7791568, 36.1725852], [29.7791163, 36.1726633], [29.7790663, 36.1727626], [29.7788679, 36.1729086], [29.7786353, 36.1730663], [29.7785013, 36.1731441], [29.7783968, 36.1731943], [29.7783101, 36.1732239], [29.7782574, 36.1732486], [29.7782103, 36.1732667], [29.7780833, 36.1733039], [29.7779213, 36.1733147], [29.7777949, 36.1733333], [29.7777045, 36.1733423], [29.7775168, 36.1733545], [29.7773643, 36.1734014], [29.7771985, 36.1734074], [29.7771386, 36.1733617], [29.7769598, 36.1733598], [29.776932, 36.1732928], [29.776823, 36.1732581], [29.776762, 36.1732874], [29.7767524, 36.1733358], [29.776715, 36.1733435], [29.7766658, 36.1733151], [29.7765716, 36.1733358], [29.7765075, 36.17336], [29.7765449, 36.1734005], [29.7765192, 36.1734325], [29.7764443, 36.1734126], [29.7763932, 36.1734386], [29.7763106, 36.1735551], [29.7762703, 36.1736751], [29.776192, 36.1737373], [29.7761202, 36.1737166], [29.7759887, 36.1736846], [29.7758119, 36.1737055], [29.7756432, 36.1736838], [29.7755576, 36.1736915], [29.7754393, 36.173698], [29.7752934, 36.1737024], [29.7751717, 36.1736948], [29.7750356, 36.1736725], [29.7749639, 36.1737312], [29.7746772, 36.1737413], [29.7744698, 36.1738064], [29.7742761, 36.1739073], [29.7742188, 36.1740245], [29.774149, 36.1741407], [29.7741082, 36.1743529], [29.7741071, 36.1744315], [29.7740365, 36.1745135], [29.7740233, 36.1746065], [29.7739638, 36.1747147], [29.7739009, 36.1748745], [29.7738519, 36.1749651], [29.7738286, 36.1750846], [29.7738458, 36.1752261], [29.7737769, 36.1752945], [29.7737215, 36.1753613], [29.7737265, 36.1754578], [29.7736836, 36.1755479], [29.7736087, 36.1756481], [29.773565, 36.1756943], [29.7734698, 36.1757465], [29.7734806, 36.1757807], [29.7735929, 36.1758195], [29.773578, 36.1758462], [29.7734885, 36.1758473], [29.773369, 36.1758979], [29.773335, 36.1760124], [29.7733078, 36.1760624], [29.7732429, 36.1762594], [29.7727379, 36.1770146], [29.772767, 36.1770792], [29.7726928, 36.1772092], [29.7725925, 36.1773364], [29.7724347, 36.177463], [29.772185, 36.1776921], [29.7721115, 36.1779031], [29.7721191, 36.1781172], [29.7721374, 36.1783673], [29.7722117, 36.178529], [29.772208, 36.178705], [29.7722054, 36.1788255], [29.7723141, 36.1790686], [29.7723908, 36.1792635], [29.7724206, 36.179475], [29.7723956, 36.1796841], [29.7723204, 36.1798494], [29.7721449, 36.1800501]]}}, {"type": "Feature", "properties": {"category": "lycian_way", "name": "Likya Yolu", "ref": "", "relation_id": 51855, "role": ""}, "geometry": {"type": "LineString", "coordinates": [[29.7970746, 36.1626089], [29.7969006, 36.1624773], [29.7967339, 36.1623589], [29.7959728, 36.1618263], [29.7949454, 36.1614159], [29.793711, 36.1609701], [29.7931322, 36.1607916], [29.7915003, 36.1601932], [29.7911009, 36.1601043], [29.7909368, 36.1599979], [29.7907301, 36.1599431], [29.7902753, 36.1597186], [29.7900615, 36.1595919], [29.7897839, 36.1595696], [29.7896199, 36.1596196], [29.7893141, 36.1595726], [29.7890029, 36.1596101], [29.788864, 36.1595751], [29.7886993, 36.1595335], [29.7882742, 36.1595649], [29.7881336, 36.1595388], [29.7880776, 36.159466], [29.7880484, 36.1594422], [29.7880308, 36.1594289], [29.7880098, 36.1594131], [29.7880205, 36.1593308], [29.7877336, 36.159203], [29.7875994, 36.1592236], [29.7873027, 36.1593548], [29.7871381, 36.1593145], [29.7869616, 36.1593449], [29.7869099, 36.1593752], [29.7869636, 36.159484]]}}, {"type": "Feature", "properties": {"category": "lycian_way", "name": "Likya Yolu", "ref": "", "relation_id": 51855, "role": ""}, "geometry": {"type": "LineString", "coordinates": [[29.8003011, 36.1702816], [29.8002379, 36.1694827], [29.8001282, 36.1694042], [29.8000922, 36.169127], [29.7994549, 36.1685771], [29.7986158, 36.1679456], [29.7983065, 36.1676372], [29.7979868, 36.1674865], [29.7980454, 36.1672539], [29.7976531, 36.1667685], [29.7976712, 36.1666853], [29.7977073, 36.166049], [29.798071, 36.1655447], [29.798419, 36.1652063], [29.7988693, 36.1651159], [29.7989752, 36.1651594], [29.7992031, 36.1650539], [29.7994993, 36.1651046], [29.7998681, 36.1650518], [29.8000083, 36.1649859], [29.8000419, 36.1648189], [29.8002685, 36.1645608], [29.8003859, 36.1642699], [29.8004285, 36.1640522], [29.8003675, 36.1639792], [29.8003981, 36.163936], [29.7999161, 36.1639379], [29.7997799, 36.163959], [29.7995619, 36.1640488], [29.7993381, 36.1640433], [29.7991036, 36.163918], [29.7989391, 36.1639078], [29.7984357, 36.1637136], [29.7980768, 36.1635329], [29.7978689, 36.1634122], [29.797598, 36.16322], [29.7974255, 36.1630709], [29.7972983, 36.1629028], [29.7970746, 36.1626089]]}}, {"type": "Feature", "properties": {"category": "lycian_way", "name": "Likya Yolu", "ref": "", "relation_id": 51855, "role": ""}, "geometry": {"type": "LineString", "coordinates": [[29.8090144, 36.1787976], [29.8074393, 36.1778345], [29.8060266, 36.176709], [29.8049126, 36.1756518], [29.8042643, 36.1747176], [29.803037, 36.1734372], [29.802434, 36.1728211], [29.8022043, 36.1724744], [29.8007642, 36.1706462], [29.8003011, 36.1702816]]}}, {"type": "Feature", "properties": {"category": "lycian_way", "name": "Likya Yolu", "ref": "", "relation_id": 51855, "role": ""}, "geometry": {"type": "LineString", "coordinates": [[29.8451029, 36.1965846], [29.8449799, 36.1965467], [29.8447513, 36.1965508], [29.844589, 36.1965115], [29.8443332, 36.1964749], [29.8441744, 36.1963385], [29.8438968, 36.1962261], [29.8435675, 36.1963334], [29.8434776, 36.1962898], [29.8433936, 36.1963516], [29.843263, 36.1963699], [29.8430541, 36.1962299], [29.842636, 36.1961562], [29.8420549, 36.1961818], [29.8413801, 36.1961531], [29.8410465, 36.1959745], [29.8409218, 36.1959077], [29.8408064, 36.1956882], [29.8404473, 36.1956779], [29.8403457, 36.1956053], [29.8402317, 36.1955725], [29.8401724, 36.1955039], [29.8401496, 36.1954019], [29.8400959, 36.1953555], [29.8399799, 36.1953611], [29.8392385, 36.1950101], [29.8390654, 36.1948447], [29.8388398, 36.1945864], [29.8388335, 36.1944608], [29.8384741, 36.1941393], [29.8383272, 36.1941543], [29.8382642, 36.1940665], [29.8382548, 36.1939771], [29.8382991, 36.1939272], [29.8383272, 36.1938265], [29.8382732, 36.1936509], [29.8382189, 36.1935884], [29.8379918, 36.1934598], [29.8379043, 36.1933882], [29.8377637, 36.1933969], [29.8376851, 36.1933491], [29.8376095, 36.1932725], [29.8375269, 36.193022], [29.8374305, 36.192987], [29.8373249, 36.1929967], [29.8371607, 36.1929466], [29.8369338, 36.1930042], [29.8367209, 36.192912], [29.8366388, 36.1927945], [29.8365184, 36.1927183], [29.8362294, 36.1926155], [29.8358426, 36.1922143], [29.8350854, 36.1918573], [29.8346588, 36.1917961], [29.834398, 36.1916825], [29.8343341, 36.1916978], [29.8342103, 36.191666], [29.8341565, 36.1915877], [29.8340442, 36.1915287], [29.8339545, 36.1915032], [29.8338803, 36.1914384], [29.8338022, 36.1913978], [29.8337511, 36.1913887], [29.833549, 36.1912785], [29.8334946, 36.1911711], [29.833122, 36.1909781], [29.8329782, 36.190987], [29.8326866, 36.190794], [29.8325648, 36.1907236], [29.8324547, 36.1906263], [29.8319464, 36.1903661], [29.831706, 36.1899725], [29.8313582, 36.1897251], [29.8312816, 36.1896565], [29.8311776, 36.1896004], [29.8310821, 36.1896134], [29.8309937, 36.1895994], [29.8308605, 36.1895214], [29.8306741, 36.1894388], [29.8305125, 36.189427], [29.8304522, 36.1894151], [29.8304217, 36.1893659], [29.8303285, 36.1893691], [29.8302358, 36.1893542], [29.8301652, 36.1893149], [29.8300469, 36.1893239], [29.8297584, 36.1892775], [29.8296617, 36.1892667], [29.8294678, 36.1891955], [29.8292943, 36.1892258], [29.8291693, 36.1891921], [29.8289567, 36.1889907], [29.8286094, 36.1889366], [29.8285087, 36.1888714], [29.8283636, 36.188802], [29.828152, 36.1888682], [29.8279377, 36.1888143], [29.8276846, 36.1886658], [29.8275998, 36.1884836], [29.8273318, 36.1882188], [29.8272828, 36.1880327], [29.8270947, 36.187782], [29.8270151, 36.1875629], [29.8266505, 36.1873507], [29.826624, 36.1868547], [29.8254247, 36.186173], [29.8253292, 36.1861219], [29.8247337, 36.1858031], [29.8238455, 36.1855489], [29.8218655, 36.1849181], [29.8211745, 36.1846053], [29.8205376, 36.1845579], [29.8199364, 36.1840319], [29.8192044, 36.1836555], [29.8187044, 36.1836314], [29.8182471, 36.1833418], [29.817716, 36.1833013], [29.8170063, 36.1831249], [29.8165336, 36.1823516], [29.8161073, 36.1820544], [29.8138504, 36.181673], [29.8125485, 36.1812791], [29.8110517, 36.1805513], [29.8100549, 36.1798853], [29.8094659, 36.1790737], [29.8090144, 36.1787976]]}}, {"type": "Feature", "properties": {"category": "lycian_way", "name": "Likya Yolu", "ref": "", "relation_id": 51855, "role": ""}, "geometry": {"type": "LineString", "coordinates": [[29.8474501, 36.1973544], [29.8469559, 36.1972147], [29.8467305, 36.1972127], [29.8465094, 36.1971589], [29.8465547, 36.1969774], [29.8462931, 36.1969129], [29.8462486, 36.1969267], [29.8460045, 36.1968423], [29.8457658, 36.1968305], [29.8456307, 36.1967609], [29.8453442, 36.1966475], [29.8452797, 36.1966307], [29.8451029, 36.1965846]]}}, {"type": "Feature", "properties": {"category": "lycian_way", "name": "Likya Yolu", "ref": "", "relation_id": 51855, "role": ""}, "geometry": {"type": "LineString", "coordinates": [[29.8480518, 36.1973195], [29.8478405, 36.1972925], [29.8476487, 36.1973584], [29.8474501, 36.1973544]]}}, {"type": "Feature", "properties": {"category": "lycian_way", "name": "Likya Yolu", "ref": "", "relation_id": 51855, "role": ""}, "geometry": {"type": "LineString", "coordinates": [[29.8488019, 36.1972507], [29.8485642, 36.1972794], [29.8482235, 36.1972915], [29.8480518, 36.1973195]]}}, {"type": "Feature", "properties": {"category": "lycian_way", "name": "Likya Yolu", "ref": "", "relation_id": 51855, "role": ""}, "geometry": {"type": "LineString", "coordinates": [[29.8496984, 36.1967689], [29.8495749, 36.1968112], [29.8494308, 36.1968777], [29.8492099, 36.1970529], [29.8488337, 36.1972266], [29.8488019, 36.1972507]]}}, {"type": "Feature", "properties": {"category": "lycian_way", "name": "Likya Yolu", "ref": "", "relation_id": 51855, "role": ""}, "geometry": {"type": "LineString", "coordinates": [[29.8495769, 36.1977789], [29.8495693, 36.1976283], [29.8498276, 36.1974471], [29.8497265, 36.1971042], [29.8497508, 36.1968444], [29.8496984, 36.1967689]]}}, {"type": "Feature", "properties": {"category": "lycian_way", "name": "Likya Yolu", "ref": "", "relation_id": 51855, "role": ""}, "geometry": {"type": "LineString", "coordinates": [[29.864464, 36.1963817], [29.8642448, 36.1966525], [29.8639907, 36.1969743], [29.8637482, 36.1970844], [29.8636198, 36.1971931], [29.8634766, 36.1974625], [29.863284, 36.1975634], [29.8631413, 36.1975858], [29.862918, 36.1975901], [29.8627174, 36.1976148], [29.8625187, 36.1976702], [29.8622721, 36.1977672], [29.862023, 36.1978372], [29.8614482, 36.1978529], [29.8608949, 36.1978304], [29.8599377, 36.1977334], [29.8596171, 36.1977506], [29.8595107, 36.1978175], [29.8594775, 36.1979602], [29.8593692, 36.1980728], [29.8591285, 36.1981734], [29.8590077, 36.1982454], [29.8589241, 36.1983299], [29.8588361, 36.1984271], [29.8587269, 36.1985698], [29.8586396, 36.1986129], [29.858584, 36.1986209], [29.8585023, 36.1986086], [29.8583526, 36.1985181], [29.8582303, 36.198464], [29.857916, 36.1984535], [29.8576333, 36.1984816], [29.8574693, 36.198558], [29.8573463, 36.1985779], [29.8571352, 36.1985192], [29.8569, 36.198447], [29.8567622, 36.1984873], [29.8563886, 36.1986181], [29.856202, 36.1986471], [29.8560719, 36.1986674], [29.8556394, 36.1986648], [29.8553565, 36.1987141], [29.8551552, 36.1987689], [29.854926, 36.1987602], [29.8546934, 36.1988127], [29.8545045, 36.198854], [29.8543545, 36.1988123], [29.8541412, 36.1986521], [29.8539464, 36.1985049], [29.8538386, 36.198465], [29.8536865, 36.1984388], [29.85343, 36.1984966], [29.8530694, 36.1984835], [29.8525952, 36.1985062], [29.8522802, 36.1984465], [29.8518236, 36.198295], [29.851574, 36.1981637], [29.8514466, 36.1981059], [29.8509606, 36.1981526], [29.8508862, 36.198172], [29.8507003, 36.1983026], [29.8505631, 36.1983291], [29.8504721, 36.1983191], [29.8502193, 36.1981879], [29.8500578, 36.1980903], [29.8498822, 36.1979313], [29.8497466, 36.1978062], [29.8495769, 36.1977789]]}}, {"type": "Feature", "properties": {"category": "lycian_way", "name": "Likya Yolu", "ref": "", "relation_id": 51855, "role": ""}, "geometry": {"type": "LineString", "coordinates": [[29.8654468, 36.1943299], [29.8653212, 36.1943846], [29.8651748, 36.1947134], [29.8648844, 36.1955997], [29.864881, 36.1956094], [29.8648465, 36.1957082], [29.8648164, 36.1957407], [29.8646654, 36.1960492], [29.8645257, 36.1963047], [29.864464, 36.1963817]]}}, {"type": "Feature", "properties": {"category": "lycian_way", "name": "Likya Yolu", "ref": "", "relation_id": 51855, "role": ""}, "geometry": {"type": "LineString", "coordinates": [[29.8654468, 36.1943299], [29.8655362, 36.1943738], [29.8658464, 36.1944841], [29.865902, 36.1945035], [29.86627, 36.1946319], [29.8665517, 36.1947302], [29.8669515, 36.1948755], [29.8676471, 36.1951143], [29.8683694, 36.1951775], [29.8686154, 36.1953036], [29.8688408, 36.1954408], [29.8688515, 36.1954512], [29.8693905, 36.1959776]]}}, {"type": "Feature", "properties": {"category": "lycian_way", "name": "Likya Yolu", "ref": "", "relation_id": 51855, "role": ""}, "geometry": {"type": "LineString", "coordinates": [[29.8733091, 36.1982683], [29.8730696, 36.1982731], [29.8727604, 36.1979318], [29.8724216, 36.197703], [29.8721137, 36.1975889], [29.871954, 36.1974518], [29.8715177, 36.1972227], [29.8710155, 36.1970859], [29.870477, 36.1968782], [29.8701071, 36.1966855], [29.8696066, 36.1962908], [29.8694486, 36.1960618], [29.8693905, 36.1959776]]}}, {"type": "Feature", "properties": {"category": "lycian_way", "name": "Likya Yolu", "ref": "", "relation_id": 51855, "role": ""}, "geometry": {"type": "LineString", "coordinates": [[29.8910135, 36.2054188], [29.8905421, 36.2051175], [29.8897789, 36.204845], [29.8896378, 36.2047485], [29.8892044, 36.2047504], [29.8886744, 36.2045544], [29.8883971, 36.2045245], [29.8881893, 36.2044037], [29.8877668, 36.2042763], [29.8873795, 36.2040069], [29.8871145, 36.2037632], [29.8868701, 36.2036121], [29.8868339, 36.2035747], [29.8867221, 36.2035497], [29.8865864, 36.2034474], [29.8864844, 36.2033822], [29.8863106, 36.203325], [29.8861599, 36.2032543], [29.8860502, 36.2031255], [29.8858117, 36.2027167], [29.8856784, 36.2024184], [29.8855295, 36.2024164], [29.8854813, 36.2023663], [29.8847161, 36.2017118], [29.8843946, 36.201505], [29.884204, 36.2014538], [29.8836209, 36.2013759], [29.8832382, 36.2014356], [29.8822551, 36.2013125], [29.8816211, 36.2010638], [29.881282, 36.2009553], [29.8809288, 36.2007378], [29.880665, 36.2006], [29.8803667, 36.2005509], [29.8800388, 36.2004948], [29.8796732, 36.2004103], [29.8793806, 36.2004088], [29.879183, 36.2004138], [29.8788455, 36.2003099], [29.8783919, 36.2002997], [29.8777698, 36.2001842], [29.8767531, 36.2002437], [29.8762719, 36.2001944], [29.8758982, 36.2001171], [29.8755163, 36.199913], [29.8747036, 36.1996421], [29.8746251, 36.1995851], [29.8744521, 36.1994851], [29.8743772, 36.1994493], [29.8743327, 36.1994115], [29.8742522, 36.1993726], [29.8741907, 36.1993269], [29.8741959, 36.1992535], [29.8742349, 36.1990688], [29.8740664, 36.1989258], [29.8740319, 36.1986562], [29.8739781, 36.1985959], [29.8737864, 36.1985407], [29.8737156, 36.1985052], [29.8736345, 36.1983893], [29.8735549, 36.1983044], [29.8734824, 36.1983055], [29.8733091, 36.1982683]]}}, {"type": "Feature", "properties": {"category": "lycian_way", "name": "Likya Yolu", "ref": "", "relation_id": 51855, "role": ""}, "geometry": {"type": "LineString", "coordinates": [[29.8883989, 36.2127123], [29.8883477, 36.2128041], [29.8881906, 36.2128776], [29.8881589, 36.2128312], [29.8879078, 36.2127851], [29.8877051, 36.2127207], [29.8876031, 36.2127004], [29.8875535, 36.2126755], [29.8875658, 36.2125906], [29.8875877, 36.2124923], [29.8877701, 36.2123434], [29.8877637, 36.2122462], [29.8878854, 36.2121076], [29.8880028, 36.2119656], [29.8880174, 36.2118156], [29.888168, 36.2117151], [29.8883283, 36.2113681], [29.8885263, 36.2111412], [29.8886889, 36.2111231], [29.8890564, 36.2108952], [29.8892161, 36.2106821], [29.8896242, 36.2104669], [29.8897689, 36.2103624], [29.8899149, 36.2103404], [29.8900753, 36.2103361], [29.8901698, 36.2103336], [29.8904005, 36.2101693], [29.8906128, 36.2098639], [29.8910502, 36.2095194], [29.8912054, 36.2094558], [29.891433, 36.2091507], [29.8916231, 36.2090678], [29.8916522, 36.2089419], [29.8917465, 36.2087785], [29.8919242, 36.2086834], [29.8919422, 36.2086211], [29.8920759, 36.2085495], [29.8920705, 36.2084839], [29.8920965, 36.2083761], [29.8923165, 36.2082318], [29.8924565, 36.2081691], [29.8925761, 36.2081179], [29.8926487, 36.2080174], [29.8926773, 36.207846], [29.8928591, 36.2076941], [29.8928895, 36.207568], [29.8929957, 36.2074966], [29.8930371, 36.2073805], [29.8930862, 36.2072734], [29.8932226, 36.2071805], [29.8933152, 36.2070368], [29.8932932, 36.2069206], [29.8931357, 36.2067806], [29.8930277, 36.2064813], [29.8929978, 36.2064447], [29.8927845, 36.2064035], [29.8926957, 36.2063036], [29.8926727, 36.2062056], [29.8922444, 36.2059667], [29.8920548, 36.2059266], [29.8915414, 36.2057417], [29.8913766, 36.2056731], [29.8912307, 36.2054934], [29.8910135, 36.2054188]]}}, {"type": "Feature", "properties": {"category": "lycian_way", "name": "Likya Yolu", "ref": "", "relation_id": 51855, "role": ""}, "geometry": {"type": "LineString", "coordinates": [[29.8923263, 36.2164372], [29.892129, 36.2162837], [29.8919765, 36.2162788], [29.8918569, 36.2162199], [29.8916307, 36.2161676], [29.8914849, 36.2161988], [29.8909415, 36.2158369], [29.8909361, 36.2157284], [29.8908233, 36.2154154], [29.8907624, 36.2153821], [29.8907351, 36.215282], [29.8906502, 36.2152492], [29.8905389, 36.2151703], [29.890452, 36.2150114], [29.8902334, 36.2149659], [29.889996, 36.2147112], [29.8894877, 36.2145153], [29.8892713, 36.214209], [29.8891247, 36.2140858], [29.8890852, 36.2138677], [29.888673, 36.2133435], [29.888549, 36.2130931], [29.8885086, 36.2129667], [29.8884337, 36.2127575], [29.8883989, 36.2127123]]}}, {"type": "Feature", "properties": {"category": "lycian_way", "name": "Likya Yolu", "ref": "", "relation_id": 51855, "role": ""}, "geometry": {"type": "LineString", "coordinates": [[29.8902566, 36.2171689], [29.890782, 36.2169947], [29.8910626, 36.216867], [29.8916074, 36.2168183], [29.8919608, 36.2167867], [29.8921572, 36.2165989], [29.8923263, 36.2164372]]}}, {"type": "Feature", "properties": {"category": "lycian_way", "name": "Likya Yolu", "ref": "", "relation_id": 51855, "role": ""}, "geometry": {"type": "LineString", "coordinates": [[29.8882868, 36.2184254], [29.8883499, 36.2183833], [29.8884333, 36.2183], [29.8886, 36.2179999], [29.8886166, 36.2179333], [29.88865, 36.2178667], [29.88875, 36.2177999], [29.8888833, 36.2177833], [29.8890617, 36.2177222], [29.8891091, 36.2176296], [29.8891926, 36.2175488], [29.8892593, 36.2175002], [29.8893759, 36.2174445], [29.8894833, 36.2174166], [29.8895295, 36.2173984], [29.8895498, 36.2173617], [29.889498, 36.2173281], [29.8894556, 36.2172863], [29.8894934, 36.2172518], [29.8897204, 36.2171743], [29.8897964, 36.2171397], [29.8899056, 36.2171373], [29.8899594, 36.2171463], [29.8900353, 36.2171602], [29.8901009, 36.217184], [29.8902566, 36.2171689]]}}, {"type": "Feature", "properties": {"category": "lycian_way", "name": "Likya Yolu", "ref": "", "relation_id": 51855, "role": ""}, "geometry": {"type": "LineString", "coordinates": [[29.8932592, 36.2234868], [29.8919935, 36.2231558], [29.8919437, 36.2227045], [29.8918133, 36.2226222], [29.8918643, 36.2221327], [29.8916999, 36.2220321], [29.8918076, 36.2215426], [29.891269, 36.2206369], [29.8904127, 36.2198318], [29.8893751, 36.2193835], [29.8888022, 36.2189722], [29.8882868, 36.2184254]]}}, {"type": "Feature", "properties": {"category": "lycian_way", "name": "Likya Yolu", "ref": "", "relation_id": 51855, "role": ""}, "geometry": {"type": "LineString", "coordinates": [[29.8977064, 36.2254603], [29.8976398, 36.2253982], [29.8976281, 36.2253128], [29.8974976, 36.2251771], [29.8973563, 36.2250192], [29.8970522, 36.2248856], [29.8968712, 36.224763], [29.8962645, 36.2242461], [29.8958506, 36.2240036], [29.8951248, 36.2238756], [29.8939113, 36.2235188], [29.8932592, 36.2234868]]}}, {"type": "Feature", "properties": {"category": "lycian_way", "name": "Likya Yolu", "ref": "", "relation_id": 51855, "role": ""}, "geometry": {"type": "LineString", "coordinates": [[29.9012831, 36.2278395], [29.9009579, 36.2277329], [29.9003358, 36.2275793], [29.9002269, 36.2274003], [29.9002895, 36.2273176], [29.9003072, 36.2272552], [29.8999837, 36.2270976], [29.8993606, 36.2269005], [29.8991096, 36.2267053], [29.8988188, 36.2264803], [29.8986467, 36.2261588], [29.8983369, 36.2258838], [29.8982617, 36.2257496], [29.8979842, 36.225575], [29.8977064, 36.2254603]]}}, {"type": "Feature", "properties": {"category": "lycian_way", "name": "Likya Yolu", "ref": "", "relation_id": 51855, "role": ""}, "geometry": {"type": "LineString", "coordinates": [[29.9029922, 36.2284284], [29.9027704, 36.2283452], [29.9023419, 36.2281806], [29.9021112, 36.2280677], [29.9019081, 36.2279403], [29.9014859, 36.2278695], [29.9012831, 36.2278395]]}}, {"type": "Feature", "properties": {"category": "lycian_way", "name": "Likya Yolu", "ref": "", "relation_id": 51855, "role": ""}, "geometry": {"type": "LineString", "coordinates": [[30.4361394, 36.6058531], [30.4362415, 36.6059432], [30.4363858, 36.6061478], [30.4369797, 36.6063758], [30.4375807, 36.6068823], [30.4378726, 36.6070327], [30.4379339, 36.6070643], [30.4378824, 36.607293], [30.4379356, 36.6077124], [30.4379302, 36.6077822], [30.4379073, 36.6080798], [30.4378078, 36.608385], [30.4377347, 36.6084938], [30.4377639, 36.6086273], [30.4379138, 36.6087068], [30.4380211, 36.6089395], [30.4379117, 36.6091699], [30.437775, 36.6094121], [30.4377776, 36.6094993], [30.4375108, 36.6096898], [30.4371728, 36.6098352], [30.4370481, 36.6099428], [30.4367758, 36.6100063], [30.4367262, 36.6100203], [30.4366849, 36.6100491], [30.4367034, 36.6100839], [30.4368295, 36.6101248], [30.4370615, 36.6101506], [30.4372943, 36.6102662], [30.4373861, 36.6103944], [30.4374736, 36.6105165], [30.4376758, 36.6106628], [30.437807, 36.610688], [30.4379413, 36.610682], [30.4381372, 36.6106416], [30.4382809, 36.610664], [30.4384283, 36.6107464], [30.4385458, 36.6108692], [30.4386999, 36.6109545], [30.4387324, 36.6109725], [30.4388238, 36.6109965], [30.4388741, 36.6111013], [30.4388574, 36.6111522], [30.4387417, 36.6111732], [30.4385824, 36.6111929], [30.4385173, 36.6112769], [30.4387256, 36.6113633], [30.4388111, 36.6115212], [30.4388984, 36.6116186], [30.4389459, 36.611704], [30.439019, 36.6118119], [30.4390873, 36.6118854], [30.4391876, 36.611913], [30.4393182, 36.6119414], [30.4395327, 36.6119834], [30.4397708, 36.6121265], [30.4399125, 36.612285], [30.440049, 36.6124804], [30.4401281, 36.612634], [30.4401887, 36.6128582]]}}, {"type": "Feature", "properties": {"category": "lycian_way", "name": "Likya Yolu", "ref": "", "relation_id": 51855, "role": ""}, "geometry": {"type": "LineString", "coordinates": [[30.4401887, 36.6128582], [30.4402086, 36.6129504], [30.4402419, 36.6129829], [30.4403458, 36.6130439], [30.4406137, 36.6131816], [30.4406827, 36.6132317], [30.4408052, 36.6133207], [30.4409657, 36.6134033], [30.4410831, 36.6136142], [30.441254, 36.6139326], [30.4413114, 36.6140608], [30.441324, 36.6140829], [30.4414054, 36.6142261], [30.4416492, 36.6142838], [30.4418511, 36.6143869], [30.442387, 36.614638], [30.4425683, 36.6147407], [30.4427678, 36.6147554], [30.4429369, 36.6147113], [30.4431213, 36.614782], [30.4432809, 36.6147601], [30.4434907, 36.6146936], [30.4437526, 36.6146431], [30.4440956, 36.6145502], [30.4443421, 36.6145527], [30.444527, 36.6145528], [30.4449213, 36.6145406]]}}, {"type": "Feature", "properties": {"category": "lycian_way", "name": "Likya Yolu", "ref": "", "relation_id": 51855, "role": ""}, "geometry": {"type": "LineString", "coordinates": [[30.4449213, 36.6145406], [30.44503, 36.6146187], [30.4451713, 36.6146874], [30.4453191, 36.6147416], [30.4454576, 36.6148083], [30.4454897, 36.6148045], [30.4456178, 36.6147893]]}}, {"type": "Feature", "properties": {"category": "lycian_way", "name": "Likya Yolu", "ref": "", "relation_id": 51855, "role": ""}, "geometry": {"type": "LineString", "coordinates": [[30.4456178, 36.6147893], [30.4456736, 36.6148554], [30.4458106, 36.6148383], [30.445952, 36.6148159], [30.4460141, 36.6147986], [30.4460649, 36.6148282], [30.4462016, 36.6150293], [30.446255, 36.6152802], [30.4462323, 36.6155214], [30.4462018, 36.6157701], [30.4461821, 36.6159438], [30.4461363, 36.6160659]]}}, {"type": "Feature", "properties": {"category": "lycian_way", "name": "Likya Yolu", "ref": "", "relation_id": 51855, "role": ""}, "geometry": {"type": "LineString", "coordinates": [[30.5407646, 36.5211296], [30.5407579, 36.5207808], [30.5407714, 36.5206941], [30.5408225, 36.5203657], [30.5408225, 36.519995], [30.5405514, 36.5197972], [30.540452, 36.5196821], [30.5402598, 36.5196318], [30.5399406, 36.5196577], [30.5397615, 36.5196126], [30.5397104, 36.5195613]]}}, {"type": "Feature", "properties": {"category": "lycian_way", "name": "Likya Yolu", "ref": "", "relation_id": 51855, "role": ""}, "geometry": {"type": "LineString", "coordinates": [[30.5397104, 36.5195613], [30.5397176, 36.5194207]]}}, {"type": "Feature", "properties": {"category": "lycian_way", "name": "Likya Yolu", "ref": "", "relation_id": 51855, "role": ""}, "geometry": {"type": "LineString", "coordinates": [[30.5397176, 36.5194207], [30.5397343, 36.5193396]]}}, {"type": "Feature", "properties": {"category": "lycian_way", "name": "Likya Yolu", "ref": "", "relation_id": 51855, "role": ""}, "geometry": {"type": "LineString", "coordinates": [[30.5397343, 36.5193396], [30.5390053, 36.5192018], [30.5387841, 36.5191639]]}}, {"type": "Feature", "properties": {"category": "lycian_way", "name": "Likya Yolu", "ref": "", "relation_id": 51855, "role": ""}, "geometry": {"type": "LineString", "coordinates": [[30.5387841, 36.5191639], [30.538731, 36.5188773], [30.5386746, 36.5187285], [30.5386234, 36.5185233], [30.5386739, 36.5182457], [30.538718, 36.5182165]]}}, {"type": "Feature", "properties": {"category": "lycian_way", "name": "Likya Yolu", "ref": "", "relation_id": 51855, "role": ""}, "geometry": {"type": "LineString", "coordinates": [[30.538718, 36.5182165], [30.5386753, 36.5181569], [30.5386272, 36.5180242]]}}, {"type": "Feature", "properties": {"category": "lycian_way", "name": "Likya Yolu", "ref": "", "relation_id": 51855, "role": ""}, "geometry": {"type": "LineString", "coordinates": [[30.5346878, 36.5133574], [30.535953, 36.5142762], [30.5367063, 36.5148782], [30.5369046, 36.5149895], [30.5370976, 36.5151627], [30.5371596, 36.5157522], [30.5374354, 36.5158631], [30.5375586, 36.5160692], [30.5377221, 36.5161966], [30.5377674, 36.516219], [30.5383139, 36.5165118], [30.5383545, 36.5167299], [30.5382345, 36.5170281], [30.5382887, 36.5172117], [30.5384053, 36.5173507], [30.5385772, 36.5175163], [30.5384627, 36.5176202], [30.5384929, 36.5179282], [30.5386272, 36.5180242]]}}, {"type": "Feature", "properties": {"category": "lycian_way", "name": "Likya Yolu", "ref": "", "relation_id": 51855, "role": ""}, "geometry": {"type": "LineString", "coordinates": [[30.5346878, 36.5133574], [30.5346986, 36.5131452], [30.5343565, 36.5128117], [30.5340695, 36.5126884], [30.5340398, 36.51255], [30.5340711, 36.5123532], [30.5340474, 36.5121255], [30.5338519, 36.5118431], [30.5336417, 36.511454], [30.5333453, 36.5110507], [30.5332538, 36.510934]]}}, {"type": "Feature", "properties": {"category": "lycian_way", "name": "Likya Yolu", "ref": "", "relation_id": 51855, "role": ""}, "geometry": {"type": "LineString", "coordinates": [[30.5332538, 36.510934], [30.5323902, 36.5108698], [30.5317965, 36.5107591], [30.5312942, 36.5107231], [30.5303967, 36.5106116], [30.5300706, 36.5105622], [30.5295047, 36.5104764], [30.5291919, 36.5103722], [30.5289724, 36.5103067], [30.5287812, 36.5101673], [30.5285833, 36.5099437], [30.5284384, 36.5096518], [30.5282716, 36.5092859], [30.5281854, 36.5088948], [30.528075, 36.5085859], [30.5277397, 36.5080197], [30.5270873, 36.5070148], [30.5267018, 36.5064139], [30.5265911, 36.5063941], [30.5261603, 36.5066307], [30.5254819, 36.5070032], [30.5252113, 36.5070275]]}}, {"type": "Feature", "properties": {"category": "lycian_way", "name": "Likya Yolu", "ref": "", "relation_id": 51855, "role": ""}, "geometry": {"type": "LineString", "coordinates": [[30.5252113, 36.5070275], [30.5237504, 36.507092], [30.5233661, 36.5071165], [30.5232827, 36.5067618], [30.5228823, 36.5063337]]}}, {"type": "Feature", "properties": {"category": "lycian_way", "name": "Likya Yolu", "ref": "", "relation_id": 51855, "role": ""}, "geometry": {"type": "LineString", "coordinates": [[30.5228823, 36.5063337], [30.522576, 36.5061202]]}}, {"type": "Feature", "properties": {"category": "lycian_way", "name": "Likya Yolu", "ref": "", "relation_id": 51855, "role": ""}, "geometry": {"type": "LineString", "coordinates": [[30.5226697, 36.5059879], [30.522576, 36.5061202]]}}, {"type": "Feature", "properties": {"category": "lycian_way", "name": "Likya Yolu", "ref": "", "relation_id": 51855, "role": ""}, "geometry": {"type": "LineString", "coordinates": [[30.5226266, 36.5056895], [30.5226697, 36.5059879]]}}, {"type": "Feature", "properties": {"category": "lycian_way", "name": "Likya Yolu", "ref": "", "relation_id": 51855, "role": ""}, "geometry": {"type": "LineString", "coordinates": [[30.5225252, 36.5056089], [30.5226266, 36.5056895]]}}, {"type": "Feature", "properties": {"category": "lycian_way", "name": "Likya Yolu", "ref": "", "relation_id": 51855, "role": ""}, "geometry": {"type": "LineString", "coordinates": [[30.5225252, 36.5056089], [30.5233235, 36.5046892], [30.5238902, 36.5041419], [30.5242549, 36.503831]]}}, {"type": "Feature", "properties": {"category": "lycian_way", "name": "Likya Yolu", "ref": "", "relation_id": 51855, "role": ""}, "geometry": {"type": "LineString", "coordinates": [[30.5242549, 36.503831], [30.5241279, 36.5037497]]}}, {"type": "Feature", "properties": {"category": "lycian_way", "name": "Likya Yolu", "ref": "", "relation_id": 51855, "role": ""}, "geometry": {"type": "LineString", "coordinates": [[30.5283414, 36.4986711], [30.5277011, 36.4993232], [30.5273983, 36.4996633], [30.5273287, 36.4997414], [30.5270471, 36.5002384], [30.526733, 36.500809], [30.5266872, 36.5008734], [30.526655, 36.5009302], [30.5262442, 36.5017557], [30.5262195, 36.5017984], [30.5260936, 36.5020155], [30.5255815, 36.5025086], [30.5250831, 36.5030039], [30.5249921, 36.5030749], [30.5248868, 36.5031512], [30.5241279, 36.5037497]]}}, {"type": "Feature", "properties": {"category": "lycian_way", "name": "Likya Yolu", "ref": "", "relation_id": 51855, "role": ""}, "geometry": {"type": "LineString", "coordinates": [[30.5284114, 36.4986962], [30.5283414, 36.4986711]]}}, {"type": "Feature", "properties": {"category": "lycian_way", "name": "Likya Yolu", "ref": "", "relation_id": 51855, "role": ""}, "geometry": {"type": "LineString", "coordinates": [[30.5284114, 36.4986962], [30.5285276, 36.4985383]]}}, {"type": "Feature", "properties": {"category": "lycian_way", "name": "Likya Yolu", "ref": "", "relation_id": 51855, "role": ""}, "geometry": {"type": "LineString", "coordinates": [[30.5285276, 36.4985383], [30.5286372, 36.4984016]]}}, {"type": "Feature", "properties": {"category": "lycian_way", "name": "Likya Yolu", "ref": "", "relation_id": 51855, "role": ""}, "geometry": {"type": "LineString", "coordinates": [[30.5244463, 36.4940536], [30.5245249, 36.494141], [30.524613, 36.4942397], [30.5255088, 36.4953422], [30.5256966, 36.4955759], [30.5263045, 36.4963328], [30.526961, 36.4971387], [30.5271163, 36.4971517], [30.5271717, 36.497212], [30.5273459, 36.4974013], [30.527667, 36.4976778], [30.5281642, 36.4981059], [30.528358, 36.4982189], [30.5286372, 36.4984016]]}}, {"type": "Feature", "properties": {"category": "lycian_way", "name": "Likya Yolu", "ref": "", "relation_id": 51855, "role": ""}, "geometry": {"type": "LineString", "coordinates": [[30.4513836, 36.6220937], [30.4512809, 36.6221254], [30.4511496, 36.6221296], [30.4510234, 36.6220537], [30.4510011, 36.6219291], [30.4510397, 36.6217411], [30.4511534, 36.6215198], [30.4509986, 36.6214155], [30.4508221, 36.6212069], [30.4504895, 36.6210908], [30.4504448, 36.6210213], [30.4503015, 36.6207986], [30.4504126, 36.6204006], [30.4503802, 36.6198568], [30.450501, 36.6197688], [30.4505328, 36.6196708], [30.4505502, 36.6192954], [30.4507282, 36.619096], [30.4507149, 36.6189452], [30.4505423, 36.6188378], [30.4505178, 36.6186756], [30.4505654, 36.6184852], [30.4502204, 36.6183237], [30.4498996, 36.6180369], [30.4498381, 36.6178299], [30.4496338, 36.6177206], [30.4494494, 36.6173794], [30.4492303, 36.6172273], [30.4489707, 36.6168053], [30.4486877, 36.6166846], [30.448672, 36.616409], [30.4486089, 36.6163128], [30.4482765, 36.6161264], [30.4481593, 36.6159689], [30.4480741, 36.615695], [30.4480987, 36.6155831], [30.4479755, 36.6154597], [30.447789, 36.6153982], [30.4477076, 36.6154388], [30.4475934, 36.6153885], [30.4473611, 36.6154015], [30.447339, 36.6154139], [30.4472608, 36.6154579], [30.4471344, 36.6156534], [30.4470885, 36.6158573], [30.4467837, 36.6161421], [30.4467438, 36.6161794], [30.446592, 36.6161081], [30.4464148, 36.6160886], [30.4461363, 36.6160659]]}}, {"type": "Feature", "properties": {"category": "lycian_way", "name": "Likya Yolu", "ref": "", "relation_id": 51855, "role": ""}, "geometry": {"type": "LineString", "coordinates": [[30.4530428, 36.6210443], [30.4529409, 36.6210439], [30.4527823, 36.6210925], [30.4524329, 36.6211119], [30.4521028, 36.6212628], [30.451875, 36.6216489], [30.451785, 36.62179], [30.4516876, 36.6219428], [30.4515585, 36.6220399], [30.4514162, 36.6220837], [30.4513836, 36.6220937]]}}, {"type": "Feature", "properties": {"category": "lycian_way", "name": "Likya Yolu", "ref": "", "relation_id": 51855, "role": ""}, "geometry": {"type": "LineString", "coordinates": [[30.4530428, 36.6210443], [30.4529478, 36.6212948], [30.4528883, 36.6216128], [30.4528357, 36.62184], [30.4526933, 36.6221198], [30.4526558, 36.6222859], [30.4525882, 36.6230646], [30.4525713, 36.6235384], [30.4526337, 36.6238981], [30.4527461, 36.62417]]}}, {"type": "Feature", "properties": {"category": "lycian_way", "name": "Likya Yolu", "ref": "", "relation_id": 51855, "role": ""}, "geometry": {"type": "LineString", "coordinates": [[30.4527461, 36.62417], [30.4529236, 36.6244125], [30.4530158, 36.6246344], [30.4530125, 36.6249158], [30.452775, 36.6250021], [30.4526742, 36.6252349], [30.4524725, 36.6255538], [30.4524074, 36.6258229], [30.4524219, 36.6263041], [30.4524023, 36.6265797], [30.4522462, 36.6268005], [30.452269, 36.626981], [30.4522259, 36.6276129], [30.4523345, 36.627687], [30.45225, 36.6277812], [30.4521977, 36.6279012], [30.4521631, 36.6280485], [30.4521704, 36.6281373], [30.4523743, 36.6280783], [30.4523361, 36.6282765], [30.4522515, 36.6282943], [30.4523611, 36.6285154], [30.4522834, 36.62868], [30.4523029, 36.6287895], [30.4522191, 36.6289286], [30.4522094, 36.6290756], [30.4522838, 36.6291798], [30.4524019, 36.6292579], [30.452451, 36.6294557], [30.4524445, 36.6295967], [30.4523477, 36.629734], [30.4521896, 36.6300079], [30.4522375, 36.630404], [30.4523075, 36.6306164], [30.4523088, 36.6307458], [30.452252, 36.6308859], [30.452186, 36.6310179], [30.4521724, 36.6310568], [30.4521138, 36.6311658], [30.4518138, 36.6313401], [30.4515864, 36.6315387], [30.4514143, 36.631584], [30.4510772, 36.6317216], [30.4509336, 36.6318204], [30.4507468, 36.6318926], [30.4501425, 36.6320565], [30.4497177, 36.6321535], [30.4491583, 36.6322418], [30.4483731, 36.6322598], [30.4477179, 36.6322513]]}}, {"type": "Feature", "properties": {"category": "lycian_way", "name": "Likya Yolu", "ref": "", "relation_id": 51855, "role": ""}, "geometry": {"type": "LineString", "coordinates": [[30.4450618, 36.6325636], [30.4451334, 36.6325324], [30.445741, 36.6325706], [30.4465557, 36.6321865], [30.446891, 36.6321608], [30.4477179, 36.6322513]]}}, {"type": "Feature", "properties": {"category": "lycian_way", "name": "Likya Yolu", "ref": "", "relation_id": 51855, "role": ""}, "geometry": {"type": "LineString", "coordinates": [[30.4450618, 36.6325636], [30.4452275, 36.6326407], [30.4453794, 36.6326865], [30.4456363, 36.632671], [30.446012, 36.6326145], [30.4463242, 36.6325899], [30.4464913, 36.6326013], [30.4466335, 36.6326292], [30.4466964, 36.6326645], [30.4466959, 36.6327061], [30.4466272, 36.6327453]]}}, {"type": "Feature", "properties": {"category": "lycian_way", "name": "Likya Yolu", "ref": "", "relation_id": 51855, "role": ""}, "geometry": {"type": "LineString", "coordinates": [[30.4466272, 36.6327453], [30.4470401, 36.6329578], [30.4474191, 36.6332654], [30.4474319, 36.6333266], [30.4473895, 36.6333589], [30.447021, 36.6333113], [30.4469617, 36.6333215], [30.4469278, 36.6333997], [30.4469885, 36.6335121], [30.4471145, 36.6335726], [30.4472048, 36.6338288], [30.447203, 36.6341347], [30.447101, 36.6344019], [30.4471158, 36.6346493], [30.4470987, 36.6348022], [30.4469937, 36.6349744], [30.4469637, 36.6351739], [30.4471821, 36.635431]]}}, {"type": "Feature", "properties": {"category": "lycian_way", "name": "Likya Yolu", "ref": "", "relation_id": 51855, "role": ""}, "geometry": {"type": "LineString", "coordinates": [[30.4471821, 36.635431], [30.4474078, 36.635373], [30.4476747, 36.6353395], [30.447892, 36.6353832], [30.448216, 36.6355401], [30.4484444, 36.6356704], [30.4486755, 36.6357923], [30.4489088, 36.6357923], [30.4489839, 36.6358805], [30.449, 36.636085], [30.4489598, 36.6362292], [30.4488847, 36.6363691], [30.4488364, 36.6364703], [30.4487157, 36.6365886], [30.4485803, 36.6367109], [30.4484998, 36.6368491], [30.4484813, 36.6370522], [30.4484847, 36.6371725], [30.4485211, 36.6372308], [30.44859, 36.6373412], [30.4486863, 36.6374811], [30.4487122, 36.6376404], [30.4486837, 36.637883], [30.4486575, 36.6380993]]}}, {"type": "Feature", "properties": {"category": "lycian_way", "name": "Likya Yolu", "ref": "", "relation_id": 51855, "role": ""}, "geometry": {"type": "LineString", "coordinates": [[30.4492373, 36.6384433], [30.4486575, 36.6380993]]}}, {"type": "Feature", "properties": {"category": "lycian_way", "name": "Likya Yolu", "ref": "", "relation_id": 51855, "role": ""}, "geometry": {"type": "LineString", "coordinates": [[30.449378, 36.6384207], [30.4492373, 36.6384433]]}}, {"type": "Feature", "properties": {"category": "lycian_way", "name": "Likya Yolu", "ref": "", "relation_id": 51855, "role": ""}, "geometry": {"type": "LineString", "coordinates": [[30.449378, 36.6384207], [30.449525, 36.6385006], [30.4508815, 36.6389936], [30.4511176, 36.6390443], [30.4516778, 36.6398095], [30.4518829, 36.6400762], [30.4521012, 36.6402956], [30.4524434, 36.6406207], [30.4525197, 36.6407614], [30.4525955, 36.6409014], [30.4524923, 36.6411164], [30.452426, 36.6412764], [30.4525032, 36.6414756], [30.4524392, 36.6416593], [30.4523374, 36.6418569], [30.4522317, 36.6420279]]}}, {"type": "Feature", "properties": {"category": "lycian_way", "name": "Likya Yolu", "ref": "", "relation_id": 51855, "role": ""}, "geometry": {"type": "LineString", "coordinates": [[30.4511898, 36.6426617], [30.4512489, 36.6425179], [30.4513112, 36.6423512], [30.4516987, 36.6423721], [30.4519464, 36.6422189], [30.4519873, 36.6420411], [30.4522317, 36.6420279]]}}, {"type": "Feature", "properties": {"category": "lycian_way", "name": "Likya Yolu", "ref": "", "relation_id": 51855, "role": ""}, "geometry": {"type": "LineString", "coordinates": [[30.4511898, 36.6426617], [30.4510738, 36.6426831]]}}, {"type": "Feature", "properties": {"category": "lycian_way", "name": "Likya Yolu", "ref": "", "relation_id": 51855, "role": ""}, "geometry": {"type": "LineString", "coordinates": [[30.4507677, 36.64572], [30.4508418, 36.6455843], [30.4509114, 36.6453889], [30.4509296, 36.6450839], [30.4510156, 36.6449045], [30.4510054, 36.6447862], [30.4508682, 36.6446286], [30.450897, 36.6444831], [30.4508529, 36.644248], [30.4509088, 36.6440726], [30.4508394, 36.6438945], [30.4508648, 36.6438089], [30.4507716, 36.6437056], [30.4508174, 36.6435642], [30.4507496, 36.6432937], [30.450875, 36.6429866], [30.4509801, 36.6429204], [30.4510738, 36.6426831]]}}, {"type": "Feature", "properties": {"category": "lycian_way", "name": "Likya Yolu", "ref": "", "relation_id": 51855, "role": ""}, "geometry": {"type": "LineString", "coordinates": [[30.4555907, 36.6431219], [30.4554859, 36.6434588], [30.4551694, 36.6436386], [30.4548334, 36.6437461], [30.4546034, 36.6438905], [30.4543896, 36.6441198], [30.4539307, 36.644293], [30.4535678, 36.6445272], [30.4529446, 36.6449624], [30.452341, 36.6455978], [30.4522268, 36.6456256], [30.4520424, 36.645623], [30.4515666, 36.6454957], [30.4513481, 36.645503], [30.4511413, 36.6456425], [30.4508863, 36.6456797], [30.4507677, 36.64572]]}}, {"type": "Feature", "properties": {"category": "lycian_way", "name": "Likya Yolu", "ref": "", "relation_id": 51855, "role": ""}, "geometry": {"type": "LineString", "coordinates": [[30.4619956, 36.6432557], [30.461791, 36.6432867], [30.4614335, 36.6432124], [30.4608432, 36.6431714], [30.460528, 36.6432449], [30.4602383, 36.643282], [30.4598431, 36.6433285], [30.4594843, 36.6434744], [30.4594194, 36.643525], [30.4592787, 36.6436343], [30.459274, 36.643736], [30.4591675, 36.6440779], [30.4592392, 36.6443289], [30.4591518, 36.6446919], [30.4589591, 36.6449339], [30.4588182, 36.6450032], [30.4584628, 36.6451027], [30.4583172, 36.6452145], [30.4582107, 36.6457098], [30.45799, 36.6458082], [30.4577882, 36.6459696], [30.4575827, 36.6462443], [30.4573611, 36.6465039], [30.4573, 36.6465377], [30.457246, 36.6465282], [30.4569106, 36.6465456], [30.4566481, 36.6464188], [30.4565073, 36.6464293], [30.4561664, 36.6464628], [30.4559262, 36.6465079], [30.455793, 36.6465436], [30.4557014, 36.6465598], [30.4555129, 36.6467635], [30.45514, 36.6470251], [30.4547173, 36.6471941], [30.4546316, 36.6471743], [30.4546179, 36.6471073], [30.454741, 36.6470243], [30.454946, 36.6469581], [30.4550836, 36.6467737], [30.4551849, 36.6464143], [30.4553519, 36.6462804], [30.4560041, 36.6459828], [30.4567358, 36.6457189], [30.4568356, 36.6456505], [30.4570732, 36.6453508], [30.4571908, 36.644968], [30.4574759, 36.6446691], [30.457521, 36.6445266], [30.4574667, 36.6442837], [30.4571335, 36.6435006], [30.4570686, 36.6427561], [30.4571283, 36.6425109], [30.45742, 36.6422933], [30.4576337, 36.6420458], [30.4576277, 36.6418707], [30.4575617, 36.6414743], [30.4574924, 36.6411112], [30.457151, 36.6406773], [30.4571904, 36.6402426], [30.4571494, 36.640095], [30.456996, 36.6397913], [30.4569261, 36.6398379], [30.4569458, 36.6401121], [30.4568905, 36.6402434], [30.4567442, 36.6408201], [30.4566967, 36.6412032], [30.45668, 36.6414884], [30.4565636, 36.6416041], [30.4562484, 36.6418564], [30.4561119, 36.6421705], [30.4558803, 36.642391], [30.4555907, 36.6431219]]}}, {"type": "Feature", "properties": {"category": "lycian_way", "name": "Likya Yolu", "ref": "", "relation_id": 51855, "role": ""}, "geometry": {"type": "LineString", "coordinates": [[30.4817166, 36.6245762], [30.4811362, 36.6244578], [30.4807444, 36.6245908], [30.4804339, 36.6245835], [30.4796206, 36.6249087], [30.4792979, 36.6251836], [30.4791549, 36.6252784], [30.4784304, 36.6251971], [30.4781938, 36.625308], [30.4779351, 36.6253019], [30.4773118, 36.6251921], [30.4770436, 36.6252388], [30.4768335, 36.6253449], [30.4761829, 36.6252636], [30.4760944, 36.6253341], [30.4761209, 36.6253987], [30.4760352, 36.6254793], [30.4759647, 36.6256616], [30.4754955, 36.6257074], [30.4752875, 36.6256591], [30.4751987, 36.6255794], [30.4750788, 36.6254292], [30.47486, 36.6254648], [30.4746981, 36.6255505], [30.474302, 36.625907], [30.4741559, 36.6260499], [30.4740947, 36.6262388], [30.4740268, 36.6263134], [30.4738929, 36.6264239], [30.4738571, 36.6265359], [30.4737799, 36.6266399], [30.4735882, 36.6266431], [30.4734665, 36.6265927], [30.4734433, 36.626477], [30.4732754, 36.6263784], [30.4731282, 36.6263522], [30.4730358, 36.6266234], [30.4729241, 36.6266877], [30.4726423, 36.6267556], [30.472408, 36.6267579], [30.4721638, 36.6268253], [30.4719676, 36.6267981], [30.471743, 36.6268028], [30.4714368, 36.6268447], [30.4713392, 36.6268208], [30.4712585, 36.6268281], [30.4711793, 36.6268492], [30.4711296, 36.6269623], [30.4712051, 36.6272498], [30.4711553, 36.6273603], [30.4710904, 36.6274516], [30.4709672, 36.6274841], [30.4709417, 36.6275197], [30.4709721, 36.6276271], [30.470982, 36.6278937], [30.4709489, 36.6280794], [30.4708569, 36.6281683], [30.4705759, 36.6282295], [30.4705044, 36.6283053], [30.4704905, 36.6285508], [30.4702942, 36.6287607], [30.4701265, 36.6288386], [30.4701133, 36.6288928], [30.4702124, 36.6289447], [30.470428, 36.628983], [30.4704792, 36.6289408], [30.4705706, 36.628998], [30.4705169, 36.6290605], [30.4704268, 36.6291862], [30.4703995, 36.6293068], [30.4703466, 36.6294955], [30.4702693, 36.6296765], [30.4700923, 36.6296903], [30.470038, 36.6296659], [30.4699264, 36.6296157], [30.4697802, 36.6295483], [30.4696636, 36.6295781], [30.4693135, 36.6301241], [30.4692557, 36.6302292], [30.4690736, 36.6303381], [30.4689253, 36.6303503], [30.4688179, 36.630417], [30.4686821, 36.6305878], [30.468721, 36.6307471], [30.4687357, 36.6310226], [30.4688295, 36.6312561], [30.4691112, 36.6315639], [30.4690635, 36.6317942], [30.4688966, 36.6319008], [30.4686404, 36.6319643], [30.4683751, 36.632048], [30.4682728, 36.6321438], [30.468074, 36.6323323], [30.4679692, 36.6325339], [30.4677918, 36.6325765], [30.4670482, 36.6325781], [30.466842, 36.632667], [30.4667523, 36.6326738], [30.4667029, 36.6326354], [30.4668313, 36.6325164], [30.4669896, 36.6323743], [30.467349, 36.6323377], [30.4674375, 36.6321053], [30.4675093, 36.6319802], [30.4674631, 36.6318903], [30.4673517, 36.6318663], [30.4671478, 36.6321332], [30.467054, 36.6321763], [30.4666758, 36.6322452], [30.466271, 36.6323623], [30.4658724, 36.6323004], [30.4655139, 36.6323224], [30.4647674, 36.6325562], [30.4647386, 36.6326167], [30.4647527, 36.632701], [30.4649022, 36.6328151], [30.4650338, 36.632917], [30.4650531, 36.6330961], [30.4651174, 36.6331367], [30.4654151, 36.6332095], [30.4654631, 36.6333055], [30.4654614, 36.6335088], [30.46556, 36.6336571], [30.4659942, 36.6338876], [30.4663217, 36.633825], [30.4665041, 36.6336916], [30.4667991, 36.6336959], [30.4669332, 36.6337777], [30.4670083, 36.6340187], [30.467367, 36.6346626], [30.4680772, 36.6350188], [30.4678345, 36.6355598], [30.467813, 36.6357062], [30.4678398, 36.6359817], [30.4680962, 36.6362551], [30.4678869, 36.6366062], [30.468033, 36.6373032], [30.467925, 36.6377408], [30.4680101, 36.6380772], [30.4678679, 36.6384683], [30.4669815, 36.6390551], [30.4668689, 36.6394081], [30.4667187, 36.6396793], [30.4663646, 36.6399935], [30.4661983, 36.6401442], [30.4659998, 36.6404067], [30.4657853, 36.640721], [30.4650754, 36.6413417], [30.4641877, 36.6415648], [30.4637468, 36.6419046], [30.4636985, 36.6419821], [30.4636449, 36.6423265], [30.4635113, 36.6424419], [30.4634356, 36.6425072], [30.4632336, 36.6427853], [30.4629368, 36.6428989], [30.4626276, 36.6431699], [30.4624729, 36.6431323], [30.462274, 36.6431551], [30.4619956, 36.6432557]]}}, {"type": "Feature", "properties": {"category": "lycian_way", "name": "Likya Yolu", "ref": "", "relation_id": 51855, "role": ""}, "geometry": {"type": "LineString", "coordinates": [[30.4863398, 36.6128053], [30.4864308, 36.6132722], [30.4864274, 36.6136505], [30.4858237, 36.6144587], [30.4857357, 36.6147755], [30.4857863, 36.6150244], [30.4858686, 36.6160329], [30.4858648, 36.6164031], [30.4856226, 36.6168069], [30.4853649, 36.6170427], [30.4852058, 36.6172375], [30.4851283, 36.6175824], [30.4851518, 36.6177996], [30.4850461, 36.6180812], [30.4851014, 36.6182729], [30.4852466, 36.6186617], [30.4852485, 36.6189114], [30.4851203, 36.6190712], [30.4847267, 36.6192221], [30.4840383, 36.6196725], [30.483651, 36.6200216], [30.4835463, 36.6205248], [30.4835389, 36.6207909], [30.4833614, 36.6210423], [30.4832579, 36.621545], [30.4828809, 36.6219738], [30.4827996, 36.6225726], [30.4828513, 36.6231271], [30.4828485, 36.6234847], [30.4827183, 36.6238811], [30.482553, 36.6242626], [30.4819816, 36.6245157], [30.4817166, 36.6245762]]}}, {"type": "Feature", "properties": {"category": "lycian_way", "name": "Likya Yolu", "ref": "", "relation_id": 51855, "role": ""}, "geometry": {"type": "LineString", "coordinates": [[30.4837333, 36.6031182], [30.4835997, 36.6036673], [30.4835984, 36.6039433], [30.4837829, 36.6042284], [30.4837078, 36.6045428], [30.4837936, 36.6049648], [30.4837829, 36.6053352], [30.4838544, 36.6055521], [30.4840511, 36.6058735], [30.48402, 36.6062208], [30.4837747, 36.6068013], [30.4837154, 36.6076432], [30.4837668, 36.6083237], [30.4839423, 36.6087787], [30.4848972, 36.6095046], [30.4849444, 36.6097597], [30.4851476, 36.6101474], [30.4854213, 36.6106237], [30.4854536, 36.6109436], [30.4856606, 36.6111506], [30.4857789, 36.6113945], [30.4863398, 36.6128053]]}}, {"type": "Feature", "properties": {"category": "lycian_way", "name": "Likya Yolu", "ref": "", "relation_id": 51855, "role": ""}, "geometry": {"type": "LineString", "coordinates": [[30.4851297, 36.6012318], [30.4851389, 36.6012573], [30.485134, 36.6012898], [30.4850934, 36.6013741], [30.4849492, 36.6015106], [30.4845309, 36.6019046], [30.4839561, 36.6026471], [30.4837333, 36.6031182]]}}, {"type": "Feature", "properties": {"category": "lycian_way", "name": "Likya Yolu", "ref": "", "relation_id": 51855, "role": ""}, "geometry": {"type": "LineString", "coordinates": [[30.4853194, 36.6007174], [30.4853625, 36.6007315], [30.4853843, 36.6007653], [30.485349, 36.6008136], [30.4852704, 36.6008767], [30.4850914, 36.6009702], [30.4848654, 36.6011422], [30.4847707, 36.6012871], [30.4847738, 36.6013336], [30.4848112, 36.6013564], [30.4848623, 36.6013436], [30.4850841, 36.6012243], [30.4851297, 36.6012318]]}}, {"type": "Feature", "properties": {"category": "lycian_way", "name": "Likya Yolu", "ref": "", "relation_id": 51855, "role": ""}, "geometry": {"type": "LineString", "coordinates": [[30.4853194, 36.6007174], [30.4856366, 36.6007011], [30.4857058, 36.6007092]]}}, {"type": "Feature", "properties": {"category": "lycian_way", "name": "Likya Yolu", "ref": "", "relation_id": 51855, "role": ""}, "geometry": {"type": "LineString", "coordinates": [[30.4857058, 36.6007092], [30.4858162, 36.6007885], [30.4860588, 36.6008131], [30.4861437, 36.6007337], [30.4861917, 36.6006142]]}}, {"type": "Feature", "properties": {"category": "lycian_way", "name": "Likya Yolu", "ref": "", "relation_id": 51855, "role": ""}, "geometry": {"type": "LineString", "coordinates": [[30.4861917, 36.6006142], [30.4862516, 36.6003403]]}}, {"type": "Feature", "properties": {"category": "lycian_way", "name": "Likya Yolu", "ref": "", "relation_id": 51855, "role": ""}, "geometry": {"type": "LineString", "coordinates": [[30.4862516, 36.6003403], [30.486261, 36.6002201]]}}, {"type": "Feature", "properties": {"category": "lycian_way", "name": "Likya Yolu", "ref": "", "relation_id": 51855, "role": ""}, "geometry": {"type": "LineString", "coordinates": [[30.5145246, 36.5897853], [30.5143112, 36.5898244], [30.5141652, 36.5898512], [30.513921, 36.5899107], [30.5133698, 36.5900685], [30.5126317, 36.5904341], [30.5114047, 36.5911076], [30.5105899, 36.5917502], [30.5102017, 36.5920581], [30.5095834, 36.5923275], [30.5093182, 36.5924586], [30.5087973, 36.5927161], [30.5081167, 36.5931548], [30.5074745, 36.5934358], [30.5071447, 36.593694], [30.5068945, 36.5938898], [30.5056723, 36.5948788], [30.5053272, 36.5950058], [30.5046466, 36.5951059], [30.5035826, 36.5951251], [30.5035442, 36.5951299], [30.5030602, 36.5951905], [30.5024371, 36.5953598], [30.5020009, 36.5956253], [30.5016415, 36.5960756], [30.5015789, 36.5962624], [30.5015073, 36.5964758], [30.5014286, 36.5970704], [30.5015163, 36.5975417], [30.5015361, 36.5977394], [30.5014773, 36.5978522], [30.5013803, 36.5979158], [30.5012735, 36.5979262], [30.501114, 36.5979372], [30.5009273, 36.5978995], [30.5003522, 36.5977418], [30.4996428, 36.5976456], [30.4989998, 36.5976302], [30.4986746, 36.597811], [30.4982624, 36.5981304], [30.4975099, 36.5987422], [30.4972181, 36.5991391], [30.4970504, 36.5993135], [30.4967958, 36.5993271], [30.4964842, 36.5992348], [30.4960529, 36.5991847], [30.4954202, 36.5992117], [30.4946438, 36.5993656], [30.4942044, 36.599666], [30.4932084, 36.6003084], [30.4925654, 36.6004099], [30.4919096, 36.6004615], [30.4910586, 36.6006777], [30.4904212, 36.6007739], [30.4898002, 36.6008203], [30.4886813, 36.6008201], [30.4882356, 36.6007162], [30.4876768, 36.6004583], [30.4869631, 36.6003537], [30.486261, 36.6002201]]}}, {"type": "Feature", "properties": {"category": "lycian_way", "name": "Likya Yolu", "ref": "", "relation_id": 51855, "role": ""}, "geometry": {"type": "LineString", "coordinates": [[30.5165596, 36.5872311], [30.516126, 36.5875154], [30.5156964, 36.5879045], [30.5150274, 36.5887088], [30.5145246, 36.5897853]]}}, {"type": "Feature", "properties": {"category": "lycian_way", "name": "Likya Yolu", "ref": "", "relation_id": 51855, "role": ""}, "geometry": {"type": "LineString", "coordinates": [[30.5209832, 36.583383], [30.5208081, 36.5834763], [30.520678, 36.5835597], [30.5205359, 36.5836744], [30.5197271, 36.583943], [30.5190475, 36.5842998], [30.5187252, 36.5846752], [30.5176767, 36.5859127], [30.5169329, 36.5867905], [30.5166831, 36.5870854], [30.5165596, 36.5872311]]}}, {"type": "Feature", "properties": {"category": "lycian_way", "name": "Likya Yolu", "ref": "", "relation_id": 51855, "role": ""}, "geometry": {"type": "LineString", "coordinates": [[30.5209832, 36.583383], [30.5209605, 36.5832568], [30.5209166, 36.5831118], [30.5209986, 36.5828989], [30.5209617, 36.5827881], [30.5208457, 36.5826905], [30.5207866, 36.5826796], [30.5200819, 36.5825499], [30.5195207, 36.5822535], [30.5189409, 36.5822407], [30.5187098, 36.5821828]]}}, {"type": "Feature", "properties": {"category": "lycian_way", "name": "Likya Yolu", "ref": "", "relation_id": 51855, "role": ""}, "geometry": {"type": "LineString", "coordinates": [[30.5187098, 36.5821828], [30.5187142, 36.5819384], [30.5187651, 36.5815418], [30.5187323, 36.5812347], [30.5187482, 36.5810787], [30.5188713, 36.5809096], [30.5188992, 36.5806555], [30.518892, 36.580296], [30.5190442, 36.5797958], [30.519221, 36.5793094], [30.5192766, 36.5784524]]}}, {"type": "Feature", "properties": {"category": "lycian_way", "name": "Likya Yolu", "ref": "", "relation_id": 51855, "role": ""}, "geometry": {"type": "LineString", "coordinates": [[30.5192766, 36.5784524], [30.519358, 36.5784397], [30.5194921, 36.578515], [30.5196325, 36.5785361], [30.5197871, 36.5784849]]}}, {"type": "Feature", "properties": {"category": "lycian_way", "name": "Likya Yolu", "ref": "", "relation_id": 51855, "role": ""}, "geometry": {"type": "LineString", "coordinates": [[30.5197871, 36.5784849], [30.5197756, 36.5783884], [30.5197513, 36.5781982], [30.5198291, 36.5780001], [30.5200034, 36.5777825], [30.5200732, 36.5775639], [30.5201563, 36.5774562], [30.5203468, 36.5772914], [30.5205694, 36.5770954], [30.5207571, 36.5769533], [30.5211005, 36.5768908], [30.5212507, 36.5767616], [30.5212721, 36.5765849], [30.521222, 36.5764733], [30.5212319, 36.5763329], [30.5211753, 36.5760628], [30.5211508, 36.5758456], [30.5210667, 36.5757459], [30.5210601, 36.5756085], [30.5209708, 36.5755288], [30.5208465, 36.5754483], [30.5207993, 36.5753753], [30.5208148, 36.5752188], [30.5207875, 36.5750068], [30.5207482, 36.5748014], [30.5206608, 36.5746961], [30.5205962, 36.5746183], [30.520501, 36.5743631], [30.520501, 36.5741455], [30.5204353, 36.5739226], [30.5203669, 36.5736219]]}}, {"type": "Feature", "properties": {"category": "lycian_way", "name": "Likya Yolu", "ref": "", "relation_id": 51855, "role": ""}, "geometry": {"type": "LineString", "coordinates": [[30.5203669, 36.5736219], [30.5201914, 36.5735307], [30.52002, 36.5734541], [30.519755, 36.5733723], [30.5196428, 36.5733223], [30.51954, 36.5732585], [30.5194729, 36.5732168], [30.5194098, 36.5731776], [30.5192933, 36.5730875], [30.5191466, 36.5729862], [30.5189382, 36.5728717], [30.5188283, 36.5728144], [30.5186446, 36.5726444], [30.5184509, 36.5724847], [30.5183935, 36.5724362], [30.5182813, 36.5722329], [30.5182592, 36.5721267]]}}, {"type": "Feature", "properties": {"category": "lycian_way", "name": "Likya Yolu", "ref": "", "relation_id": 51855, "role": ""}, "geometry": {"type": "LineString", "coordinates": [[30.5182592, 36.5721267], [30.5182541, 36.5720772], [30.518256, 36.571913], [30.5182603, 36.5717531], [30.5182754, 36.5716148], [30.5183029, 36.5714915], [30.518315, 36.5713791]]}}, {"type": "Feature", "properties": {"category": "lycian_way", "name": "Likya Yolu", "ref": "", "relation_id": 51855, "role": ""}, "geometry": {"type": "LineString", "coordinates": [[30.518315, 36.5713791], [30.5185121, 36.5712084], [30.5186409, 36.5708939], [30.5187321, 36.5707474], [30.5188302, 36.5706197]]}}, {"type": "Feature", "properties": {"category": "lycian_way", "name": "Likya Yolu", "ref": "", "relation_id": 51855, "role": ""}, "geometry": {"type": "LineString", "coordinates": [[30.5188302, 36.5706197], [30.5189005, 36.5705719], [30.5192158, 36.5705522], [30.519749, 36.5699472], [30.5200841, 36.5697911], [30.5204286, 36.5694535], [30.5204784, 36.5693224], [30.5209974, 36.5689452], [30.5212374, 36.5688762], [30.5214218, 36.5686481], [30.5218722, 36.5683981], [30.5225261, 36.5677662], [30.5228853, 36.5678473], [30.5231876, 36.5679155], [30.5232739, 36.5679998], [30.5233135, 36.5681697], [30.5234642, 36.5683248], [30.5237103, 36.568474], [30.523831, 36.5684693], [30.5241023, 36.5681889], [30.5242332, 36.5681134]]}}, {"type": "Feature", "properties": {"category": "lycian_way", "name": "Likya Yolu", "ref": "", "relation_id": 51855, "role": ""}, "geometry": {"type": "LineString", "coordinates": [[30.5242332, 36.5681134], [30.5249812, 36.5675949], [30.5254484, 36.567271], [30.5254785, 36.5663696], [30.526055, 36.5657441]]}}, {"type": "Feature", "properties": {"category": "lycian_way", "name": "Likya Yolu", "ref": "", "relation_id": 51855, "role": ""}, "geometry": {"type": "LineString", "coordinates": [[30.526055, 36.5657441], [30.5267015, 36.5650426], [30.525739, 36.5645575]]}}, {"type": "Feature", "properties": {"category": "lycian_way", "name": "Likya Yolu", "ref": "", "relation_id": 51855, "role": ""}, "geometry": {"type": "LineString", "coordinates": [[30.525739, 36.5645575], [30.5253967, 36.5644312]]}}, {"type": "Feature", "properties": {"category": "lycian_way", "name": "Likya Yolu", "ref": "", "relation_id": 51855, "role": ""}, "geometry": {"type": "LineString", "coordinates": [[30.5253967, 36.5644312], [30.5253817, 36.5643831]]}}, {"type": "Feature", "properties": {"category": "lycian_way", "name": "Likya Yolu", "ref": "", "relation_id": 51855, "role": ""}, "geometry": {"type": "LineString", "coordinates": [[30.5253817, 36.5643831], [30.5253572, 36.5643042]]}}, {"type": "Feature", "properties": {"category": "lycian_way", "name": "Likya Yolu", "ref": "", "relation_id": 51855, "role": ""}, "geometry": {"type": "LineString", "coordinates": [[30.5253572, 36.5643042], [30.5253163, 36.5641727], [30.5254427, 36.564062]]}}, {"type": "Feature", "properties": {"category": "lycian_way", "name": "Likya Yolu", "ref": "", "relation_id": 51855, "role": ""}, "geometry": {"type": "LineString", "coordinates": [[30.5254427, 36.564062], [30.5255924, 36.5640011], [30.5259706, 36.5639191], [30.5261142, 36.5638656], [30.5263369, 36.563784], [30.5265264, 36.5637237], [30.5266963, 36.5637046], [30.5269917, 36.5637095], [30.527298, 36.5637296], [30.5276954, 36.5637948], [30.5280083, 36.5638588], [30.5283618, 36.5639159], [30.5287791, 36.5640296], [30.5290915, 36.5641376], [30.5293611, 36.5642171], [30.5295675, 36.5642665]]}}, {"type": "Feature", "properties": {"category": "lycian_way", "name": "Likya Yolu", "ref": "", "relation_id": 51855, "role": ""}, "geometry": {"type": "LineString", "coordinates": [[30.5295675, 36.5642665], [30.5298636, 36.5643936], [30.5299833, 36.5644555]]}}, {"type": "Feature", "properties": {"category": "lycian_way", "name": "Likya Yolu", "ref": "", "relation_id": 51855, "role": ""}, "geometry": {"type": "LineString", "coordinates": [[30.5302764, 36.5635365], [30.5300806, 36.5638845], [30.5300309, 36.5640303], [30.5300018, 36.5642417], [30.5299833, 36.5644555]]}}, {"type": "Feature", "properties": {"category": "lycian_way", "name": "Likya Yolu", "ref": "", "relation_id": 51855, "role": ""}, "geometry": {"type": "LineString", "coordinates": [[30.5228519, 36.5560677], [30.5231416, 36.5561302], [30.5233991, 36.5563694], [30.5237102, 36.5563823], [30.5240321, 36.5565374], [30.5243075, 36.5568449], [30.5246128, 36.5568989], [30.5250586, 36.5569038], [30.5252417, 36.5572226], [30.525392, 36.5574337], [30.5254483, 36.5577655], [30.5256844, 36.5578172], [30.5257487, 36.5580563], [30.5258265, 36.5580542], [30.5259097, 36.5579766], [30.5260411, 36.5578797], [30.5260867, 36.5578969], [30.5260786, 36.5580499], [30.5261216, 36.5581037], [30.5262423, 36.5580326], [30.526371, 36.5578387], [30.5266607, 36.5576965], [30.5271158, 36.5577673], [30.5271542, 36.55794], [30.5269906, 36.5580413], [30.5267143, 36.5581318], [30.5266553, 36.5582007], [30.5265056, 36.5584634], [30.5264507, 36.5589784], [30.5265056, 36.5595228], [30.5266616, 36.5597066], [30.5267036, 36.5597562], [30.5270094, 36.5598467], [30.5280138, 36.5607146], [30.5284534, 36.5612394], [30.5286187, 36.5614453], [30.5288333, 36.5615616], [30.5288011, 36.5617728], [30.5288708, 36.562195], [30.5291229, 36.562613], [30.5291927, 36.5628973], [30.5292249, 36.5630438], [30.5296749, 36.5630523], [30.5298847, 36.5630805], [30.5299696, 36.5631172], [30.5300432, 36.563149], [30.5300939, 36.5634122], [30.5302764, 36.5635365]]}}, {"type": "Feature", "properties": {"category": "lycian_way", "name": "Likya Yolu", "ref": "", "relation_id": 51855, "role": ""}, "geometry": {"type": "LineString", "coordinates": [[30.522622, 36.5457972], [30.5225794, 36.5459697], [30.5224999, 36.5461693], [30.5224709, 36.5462623], [30.5224089, 36.5463379], [30.5222994, 36.5464449], [30.5222994, 36.5466604], [30.5222994, 36.5468543], [30.5222136, 36.547268], [30.5221331, 36.5474835], [30.5221546, 36.547824], [30.5221277, 36.5481213], [30.5220205, 36.5483627], [30.5215967, 36.5486902], [30.5214035, 36.5489746], [30.52113, 36.5490306], [30.5207115, 36.5489057], [30.5204487, 36.5489014], [30.5202717, 36.5489789], [30.5197942, 36.5492763], [30.51929, 36.5496167], [30.5186087, 36.5501296], [30.5185765, 36.5503364], [30.5187535, 36.5505519], [30.51879, 36.5506925], [30.5188125, 36.5509699], [30.5189305, 36.5512371], [30.5189078, 36.5518253], [30.5190808, 36.5520903], [30.519585, 36.5524652], [30.5200299, 36.5525634], [30.5202645, 36.5527653], [30.5205326, 36.5531826], [30.5210018, 36.5541652], [30.5211626, 36.5542405], [30.521302, 36.5543267], [30.5212377, 36.5545334], [30.5212806, 36.5548866], [30.5218704, 36.5552312], [30.5220313, 36.5554379], [30.5221277, 36.5555248], [30.5221412, 36.5557769], [30.5225031, 36.5560151], [30.5228519, 36.5560677]]}}, {"type": "Feature", "properties": {"category": "lycian_way", "name": "Likya Yolu", "ref": "", "relation_id": 51855, "role": ""}, "geometry": {"type": "LineString", "coordinates": [[30.5290754, 36.5423467], [30.5289702, 36.542544], [30.5287036, 36.5429844], [30.5286248, 36.5432489], [30.5285017, 36.5433105], [30.5281942, 36.5434335], [30.5278535, 36.54367], [30.5274608, 36.5439823], [30.5272668, 36.5440817], [30.526841, 36.544129], [30.5260083, 36.5442], [30.5254263, 36.5443656], [30.5252323, 36.5443703], [30.5250336, 36.5443845], [30.5247544, 36.544569], [30.5245368, 36.5446211], [30.5245368, 36.5446826], [30.5246409, 36.5447062], [30.5249579, 36.5447015], [30.5250241, 36.5447914], [30.525062, 36.5449948], [30.5250503, 36.5450724], [30.5250174, 36.5451092], [30.5248182, 36.5451962], [30.5247433, 36.5452811], [30.5246631, 36.5453894], [30.5245564, 36.5454598], [30.5243372, 36.545491], [30.5241569, 36.5454968], [30.5238391, 36.5454367], [30.5237325, 36.5454406], [30.5236162, 36.5455317], [30.5234496, 36.545739], [30.5232945, 36.5458553], [30.5230891, 36.5460801], [30.5229825, 36.5461073], [30.522905, 36.5460801], [30.5227402, 36.5459193], [30.522622, 36.5457972]]}}, {"type": "Feature", "properties": {"category": "lycian_way", "name": "Likya Yolu", "ref": "", "relation_id": 51855, "role": ""}, "geometry": {"type": "LineString", "coordinates": [[30.5290754, 36.5423467], [30.5290701, 36.5424533], [30.5290644, 36.5425864], [30.5290566, 36.5427376], [30.5290436, 36.5428558], [30.529069, 36.5429629], [30.5290832, 36.5429739], [30.5292339, 36.5430609], [30.5293299, 36.5431221], [30.5294202, 36.5432266], [30.5294716, 36.5433506], [30.5294794, 36.5434986], [30.5294406, 36.5436027], [30.5292728, 36.543683], [30.5291944, 36.5437298], [30.5292243, 36.543852], [30.5292903, 36.5439674], [30.5292535, 36.5441139], [30.5291663, 36.5442342], [30.5291398, 36.5443278], [30.5292052, 36.5443656], [30.5292535, 36.5443936], [30.5294218, 36.5443288], [30.5295683, 36.5442668], [30.5297482, 36.5442197], [30.5299822, 36.5440887], [30.5301729, 36.5439627], [30.530318, 36.5438691], [30.5304585, 36.5437907]]}}, {"type": "Feature", "properties": {"category": "lycian_way", "name": "Likya Yolu", "ref": "", "relation_id": 51855, "role": ""}, "geometry": {"type": "LineString", "coordinates": [[30.5050179, 36.4608953], [30.50512, 36.461378], [30.5050774, 36.4615126], [30.505026, 36.461675], [30.5052, 36.46187], [30.5054975, 36.4617761], [30.5055983, 36.4619271], [30.5060271, 36.4621332], [30.5061178, 36.4621492], [30.506348, 36.4620693], [30.5064221, 36.4620611], [30.5064926, 36.462082], [30.5065888, 36.4620519], [30.5066517, 36.4620148], [30.506865, 36.4619866], [30.5070632, 36.4619824], [30.5071972, 36.4619431], [30.5072728, 36.4618894], [30.507327, 36.4618578], [30.5073565, 36.4618213], [30.5073587, 36.4617805], [30.5073203, 36.4616767], [30.507266, 36.4616299], [30.5072275, 36.4615546], [30.5072623, 36.461459], [30.5073525, 36.4613587], [30.5073742, 36.461254], [30.5074002, 36.4612163], [30.5074353, 36.4611937], [30.5075079, 36.4611911], [30.5076039, 36.4612057], [30.5076956, 36.4611921], [30.5078119, 36.4611211], [30.5078868, 36.4611112], [30.5079812, 36.4611136], [30.5080494, 36.4611132], [30.5081736, 36.461076], [30.5083945, 36.4609139], [30.5086737, 36.4608692], [30.5088068, 36.4608888], [30.5088989, 36.4609443], [30.5089697, 36.4610371], [30.5090284, 36.4610639], [30.509117, 36.4610721], [30.5093718, 36.4610847], [30.5094813, 36.4611216], [30.5095242, 36.4611806], [30.5095243, 36.4612421], [30.5095213, 36.4615285], [30.5095156, 36.4616425], [30.5095215, 36.4617558], [30.5095889, 36.4618413], [30.5097279, 36.4620508], [30.5099739, 36.4623841], [30.5099194, 36.4625784], [30.5094448, 36.4628109], [30.5088735, 36.4628435], [30.5083811, 36.4630347], [30.5077917, 36.4633006], [30.5074317, 36.4636147], [30.5070953, 36.4636369], [30.5067008, 36.4637225], [30.5065186, 36.4638877], [30.5062967, 36.4639828], [30.5059, 36.4641104], [30.5059, 36.4644146], [30.5055522, 36.4646256], [30.5053386, 36.4647974], [30.5053752, 36.4651508], [30.505698, 36.465509], [30.5057414, 36.4659016], [30.5053203, 36.4662893], [30.505426, 36.4662535], [30.504707, 36.466619], [30.504658, 36.4667868], [30.5047249, 36.466969], [30.5047206, 36.4670384], [30.504656, 36.4670723], [30.504261, 36.46697], [30.504016, 36.467101], [30.503965, 36.467409], [30.504183, 36.46767], [30.50422, 36.468254], [30.503559, 36.468541], [30.5035267, 36.4685485], [30.50317, 36.468631], [30.5029766, 36.4688513]]}}, {"type": "Feature", "properties": {"category": "lycian_way", "name": "Likya Yolu", "ref": "", "relation_id": 51855, "role": ""}, "geometry": {"type": "LineString", "coordinates": [[30.492057, 36.439058], [30.492376, 36.438973], [30.492763, 36.439012], [30.492821, 36.439243], [30.49265, 36.439488], [30.492529, 36.439725], [30.492756, 36.439507], [30.493025, 36.439329], [30.4933, 36.439145], [30.493479, 36.438907], [30.493551, 36.439071], [30.493386, 36.439324], [30.49318, 36.439496], [30.492996, 36.439745], [30.492984, 36.44004], [30.492893, 36.440314], [30.4926588, 36.4405322], [30.493091, 36.440695], [30.493465, 36.440763], [30.493662, 36.440976], [30.493815, 36.441213], [30.493824, 36.440916], [30.493681, 36.440673], [30.4932061, 36.4404469], [30.493388, 36.440265], [30.493455, 36.439975], [30.4934357, 36.43979], [30.493616, 36.439717], [30.493996, 36.439626], [30.494366, 36.439536], [30.494716, 36.439542], [30.4949672, 36.4395363], [30.4950045, 36.4394281], [30.494922, 36.439223], [30.494796, 36.438978], [30.494797, 36.438691], [30.494742, 36.438416], [30.494959, 36.438158], [30.495277, 36.438086], [30.495663, 36.438052], [30.495992, 36.437926], [30.496328, 36.437873], [30.496627, 36.437781], [30.4967478, 36.4378987], [30.496679, 36.4382653], [30.4965678, 36.4385823], [30.4967043, 36.4388234], [30.4965512, 36.4390972], [30.4964293, 36.4392536], [30.4964335, 36.4395128], [30.496323, 36.43981], [30.49611, 36.440006], [30.495948, 36.440238], [30.495783, 36.440504], [30.495752, 36.440778], [30.496032, 36.440954], [30.496393, 36.440993], [30.496727, 36.441085], [30.497035, 36.441224], [30.497251, 36.44142], [30.497618, 36.4415023], [30.4978661, 36.4416956], [30.4977871, 36.4420158], [30.4977508, 36.4422468], [30.4977344, 36.4424872], [30.4976452, 36.4428611], [30.497794, 36.44302], [30.498145, 36.443104], [30.498491, 36.443178], [30.498795, 36.443341], [30.498858, 36.443564], [30.4986071, 36.4438327], [30.4985986, 36.444083], [30.498549, 36.444359], [30.4983489, 36.4446354], [30.498667, 36.444792], [30.498922, 36.445003], [30.499057, 36.445262], [30.498889, 36.445474], [30.498622, 36.445676], [30.498321, 36.445814], [30.498071, 36.445984], [30.497724, 36.446052], [30.497427, 36.446165], [30.4971551, 36.4462393], [30.496932, 36.4460941], [30.4969048, 36.4461857], [30.4969287, 36.4462842], [30.4970741, 36.4463963], [30.497399, 36.446461], [30.497695, 36.446422], [30.498031, 36.44646], [30.498362, 36.44647], [30.498685, 36.446394], [30.499023, 36.446372], [30.49935, 36.446409], [30.499686, 36.446386], [30.500008, 36.446405], [30.500342, 36.446279], [30.500671, 36.446206], [30.500998, 36.446256], [30.501316, 36.446314], [30.50152, 36.446471], [30.501819, 36.446658], [30.502126, 36.446763], [30.502473, 36.446797], [30.502801, 36.446855], [30.5029042, 36.446908], [30.5027651, 36.4469921], [30.5023985, 36.4470297], [30.50211, 36.447202], [30.501798, 36.447354], [30.501486, 36.447404], [30.501257, 36.447474], [30.501238, 36.447734], [30.500913, 36.4478919], [30.5007212, 36.4479968], [30.5008548, 36.448143], [30.501143, 36.448077], [30.501499, 36.448079], [30.5018203, 36.4481342], [30.5021386, 36.4482484], [30.5022554, 36.4483783], [30.502805, 36.448195], [30.503164, 36.44812], [30.5035269, 36.4481787], [30.5038751, 36.4483594], [30.5040204, 36.4484608], [30.5041445, 36.4485285], [30.504283, 36.4486615], [30.5040884, 36.4489461], [30.5039828, 36.4491371], [30.5038709, 36.4494363], [30.5037389, 36.4494951], [30.5035701, 36.4495118], [30.5034981, 36.4496518], [30.503734, 36.449936], [30.5039045, 36.4502397], [30.5040858, 36.450395], [30.5041544, 36.4507072], [30.5043081, 36.4508295], [30.5044, 36.4510048], [30.5045862, 36.4512141], [30.5050461, 36.4512078], [30.5053581, 36.4512199], [30.5057128, 36.4511386], [30.506071, 36.4511597], [30.5064609, 36.4512286], [30.5067975, 36.4512515], [30.5070539, 36.4512742], [30.5072041, 36.4512268], [30.5073023, 36.4513005], [30.5071929, 36.451479], [30.5072331, 36.4516542], [30.5071033, 36.4519487], [30.5067555, 36.4524112], [30.506624, 36.4526477], [30.5065606, 36.4530831], [30.5066041, 36.4534355], [30.506703, 36.4535649], [30.506824, 36.4536467], [30.5069465, 36.4537458], [30.5070216, 36.4539135], [30.5071228, 36.4539951], [30.5071648, 36.454051], [30.5071809, 36.45422], [30.5070875, 36.4545823], [30.5071418, 36.4548047], [30.5069046, 36.4553413], [30.5069339, 36.4555125], [30.5071012, 36.4558987], [30.5073727, 36.456096], [30.5075426, 36.4563424], [30.5077463, 36.456497], [30.5076832, 36.4565615], [30.507436, 36.456518], [30.5067442, 36.4562711], [30.5060263, 36.4556153], [30.5059152, 36.4552799], [30.5058304, 36.4552832], [30.5057952, 36.4554788], [30.5058146, 36.4562449], [30.5060866, 36.4565207], [30.506173, 36.4568233], [30.5063385, 36.4580115], [30.506391, 36.4582603], [30.506126, 36.458773], [30.505839, 36.459002], [30.5052523, 36.4588008], [30.5050121, 36.4587518], [30.5048766, 36.458901], [30.504907, 36.4590511], [30.5049625, 36.4591971], [30.5050347, 36.4593535], [30.505121, 36.4595073], [30.505262, 36.459687], [30.5051923, 36.4598566], [30.5051883, 36.4600292], [30.5051333, 36.4602106], [30.5051426, 36.4603094], [30.5050152, 36.4604294], [30.504991, 36.460768], [30.5050179, 36.4608953]]}}, {"type": "Feature", "properties": {"category": "lycian_way", "name": "Likya Yolu", "ref": "", "relation_id": 51855, "role": ""}, "geometry": {"type": "LineString", "coordinates": [[30.492057, 36.439058], [30.4915241, 36.4390594], [30.4912468, 36.4393122]]}}, {"type": "Feature", "properties": {"category": "lycian_way", "name": "Likya Yolu", "ref": "", "relation_id": 51855, "role": ""}, "geometry": {"type": "LineString", "coordinates": [[30.4864374, 36.4391041], [30.48702, 36.439025], [30.48787, 36.4391139], [30.4885108, 36.4394213], [30.4894044, 36.4395998], [30.4899959, 36.4395948], [30.4903312, 36.4395598], [30.4908031, 36.4395105], [30.4912468, 36.4393122]]}}, {"type": "Feature", "properties": {"category": "lycian_way", "name": "Likya Yolu", "ref": "", "relation_id": 51855, "role": ""}, "geometry": {"type": "LineString", "coordinates": [[30.4864433, 36.438319], [30.4865497, 36.4385105], [30.4866077, 36.4387021], [30.4864374, 36.4391041]]}}, {"type": "Feature", "properties": {"category": "lycian_way", "name": "Likya Yolu", "ref": "", "relation_id": 51855, "role": ""}, "geometry": {"type": "LineString", "coordinates": [[30.4802376, 36.4242945], [30.4804187, 36.4243692], [30.4804334, 36.4243876], [30.4806138, 36.424614], [30.4807625, 36.4246113], [30.480789, 36.4246911], [30.4809378, 36.4246725], [30.4809708, 36.4247682], [30.4811097, 36.4246565], [30.4814932, 36.4246033], [30.4818271, 36.4247204], [30.4821279, 36.4249172], [30.4824255, 36.4248746], [30.4832751, 36.4249917], [30.4833743, 36.4251832], [30.4840322, 36.4252817], [30.4840804, 36.4253437], [30.4842405, 36.4253349], [30.4842504, 36.4255237], [30.4842043, 36.4255505], [30.484267, 36.4256142], [30.4842108, 36.4257419], [30.4840554, 36.4258403], [30.4841215, 36.4259627], [30.4840082, 36.426196], [30.484095, 36.4262606], [30.4840983, 36.4264362], [30.4840058, 36.4265692], [30.4837578, 36.4267181], [30.4837479, 36.4267713], [30.483814, 36.4268937], [30.4841814, 36.4271214], [30.4842389, 36.4271916], [30.4842008, 36.4272182], [30.4845017, 36.4272821], [30.484905, 36.427588], [30.4849943, 36.4277822], [30.4849249, 36.4280801], [30.4848058, 36.4282477], [30.485477, 36.4287132], [30.4855299, 36.4288701], [30.4851596, 36.4292239], [30.4850075, 36.429458], [30.4847992, 36.4295644], [30.4847067, 36.4295325], [30.4844951, 36.4295963], [30.484138, 36.429599], [30.4840521, 36.4296415], [30.4837148, 36.4302906], [30.483652, 36.4303597], [30.4835111, 36.4304017], [30.483457, 36.4305087], [30.483275, 36.430594], [30.4826699, 36.430728], [30.4823553, 36.4306273], [30.4822944, 36.4306556], [30.4824255, 36.430772], [30.4823757, 36.4307908], [30.4825624, 36.4309329], [30.4826205, 36.4310008], [30.4823764, 36.4310307], [30.4824511, 36.43109], [30.4823694, 36.4311331], [30.4823077, 36.4311096], [30.4821867, 36.4310884], [30.4821117, 36.4311721], [30.4820816, 36.4312135], [30.4820078, 36.4312582], [30.4818629, 36.4313085], [30.4818188, 36.4313487], [30.481671, 36.4313468], [30.4815962, 36.4313999], [30.4816519, 36.4314604], [30.4815397, 36.4316501], [30.4815853, 36.4317143], [30.481664, 36.4317544], [30.4816911, 36.4319174], [30.4817697, 36.4319843], [30.481735, 36.4320451], [30.481868, 36.4321217], [30.4818718, 36.4322973], [30.4819891, 36.4324398], [30.4815031, 36.4326579], [30.4813554, 36.4327109], [30.481308, 36.4328016], [30.4812191, 36.4329434], [30.4811422, 36.4329999], [30.4809873, 36.433041], [30.4806871, 36.4331002], [30.4805585, 36.4330517], [30.4805746, 36.4330998], [30.4805563, 36.433192], [30.480494, 36.4333054], [30.480382, 36.4333725], [30.4801642, 36.4333861], [30.4800525, 36.4333584], [30.4799282, 36.4333407], [30.4798066, 36.4333835], [30.4797329, 36.433502], [30.4795733, 36.4336864], [30.4795896, 36.433744], [30.4794661, 36.4338023], [30.4795829, 36.4338508], [30.4795222, 36.4339231], [30.4795412, 36.4339855], [30.4799033, 36.4340799], [30.4799322, 36.4341955], [30.4797533, 36.4347024], [30.4798832, 36.4348076], [30.4798783, 36.434907], [30.4801545, 36.4350846], [30.4803379, 36.4353422], [30.480532, 36.4357751], [30.4805213, 36.4361741], [30.4806447, 36.4362883], [30.4816526, 36.4361758], [30.4816368, 36.4362708], [30.4817771, 36.4364346], [30.4818853, 36.4362854], [30.4821333, 36.4363], [30.4821826, 36.4367127], [30.482576, 36.4371859], [30.4827213, 36.4371274], [30.4829599, 36.4372026], [30.4832297, 36.4374113], [30.4833231, 36.4378119], [30.4834061, 36.4379038], [30.4834663, 36.4383242], [30.4834683, 36.4383378], [30.4837796, 36.4383044], [30.4840768, 36.438489], [30.4842742, 36.4386585], [30.484343, 36.4386882], [30.4843352, 36.4388413], [30.484273, 36.4388857], [30.4842737, 36.4389696], [30.4844963, 36.4389975], [30.4844104, 36.4391647], [30.4847116, 36.4392509], [30.4847342, 36.4393896], [30.4853831, 36.4391292], [30.485439, 36.4391869], [30.4853464, 36.4393311], [30.4855837, 36.4392783], [30.4857433, 36.4392419], [30.4858963, 36.4390473], [30.486141, 36.4389285], [30.4862844, 36.4386135], [30.4864433, 36.438319]]}}, {"type": "Feature", "properties": {"category": "lycian_way", "name": "Likya Yolu", "ref": "", "relation_id": 51855, "role": ""}, "geometry": {"type": "LineString", "coordinates": [[30.4741743, 36.4050186], [30.474525, 36.4051033], [30.4747804, 36.4050649], [30.4758506, 36.4046515], [30.4759619, 36.404658], [30.4760683, 36.4047033], [30.4763696, 36.4048685], [30.4766807, 36.4050001], [30.476851, 36.4050379], [30.47712, 36.4050663], [30.4774854, 36.4050314], [30.477496, 36.4050331], [30.4777683, 36.405185], [30.4780982, 36.4054472], [30.4781505, 36.4055873], [30.4782024, 36.4058191], [30.4782098, 36.4058487], [30.4783185, 36.4062178], [30.47835, 36.406315], [30.4784466, 36.4065738], [30.4784936, 36.406695], [30.4785415, 36.4068135], [30.4785869, 36.4069413], [30.4786125, 36.406952], [30.4786264, 36.4069657], [30.4786513, 36.406983], [30.4786889, 36.407052], [30.4787238, 36.4071212], [30.4787833, 36.4072267], [30.4788517, 36.4074083], [30.4789494, 36.4080521], [30.4791506, 36.4085867], [30.4792077, 36.4087443], [30.4793816, 36.4093145], [30.4794507, 36.4095139], [30.4794733, 36.4096383], [30.47963, 36.4101633], [30.4796738, 36.4102988], [30.4798151, 36.4107358], [30.479985, 36.4111983], [30.4800925, 36.4115801], [30.480217, 36.412017], [30.4802607, 36.4121956], [30.480268, 36.4123642], [30.4802504, 36.4124406], [30.4802718, 36.4124862], [30.4803412, 36.4126979], [30.4804833, 36.4131399], [30.480512, 36.4134136], [30.4805077, 36.4138889], [30.4804876, 36.4141925], [30.4804643, 36.4145077], [30.4805213, 36.4147293], [30.4805233, 36.4147369], [30.4805253, 36.4147445], [30.480545, 36.4148044], [30.4806429, 36.4151088], [30.4807014, 36.4152801], [30.4807529, 36.415344], [30.4809125, 36.4156739], [30.4809756, 36.4158001], [30.4810947, 36.4160243], [30.4812558, 36.4163278], [30.4813067, 36.4164233], [30.4814498, 36.416681], [30.4814817, 36.4167383], [30.4815618, 36.4168708], [30.4816117, 36.4169533], [30.4816571, 36.4170972], [30.4818513, 36.417713], [30.4818826, 36.4178507], [30.4818928, 36.4178954], [30.4820993, 36.4187818], [30.482192, 36.4189909], [30.4822284, 36.4190868], [30.4824121, 36.4195702], [30.4825553, 36.4199177], [30.4826984, 36.4202394], [30.4828588, 36.4205808], [30.4829309, 36.4208004], [30.4829601, 36.4209612], [30.482972, 36.4212106], [30.4828958, 36.4219487], [30.4828362, 36.4223311], [30.4827797, 36.4224886], [30.4827318, 36.4225579], [30.4826018, 36.4227463], [30.4824526, 36.422892], [30.4823211, 36.4229847], [30.481917, 36.423314], [30.4814152, 36.4236877], [30.4811944, 36.4238047], [30.4805028, 36.4240972], [30.4802376, 36.4242945]]}}, {"type": "Feature", "properties": {"category": "lycian_way", "name": "Likya Yolu", "ref": "", "relation_id": 51855, "role": ""}, "geometry": {"type": "LineString", "coordinates": [[30.4192568, 36.5167853], [30.4190572, 36.5166065], [30.4188252, 36.516095], [30.4187086, 36.5147483], [30.4184832, 36.5143258], [30.4179414, 36.5135325], [30.4177751, 36.512446], [30.4179455, 36.5120336], [30.4186066, 36.511532], [30.4188427, 36.5110534], [30.4192563, 36.5109035]]}}, {"type": "Feature", "properties": {"category": "lycian_way", "name": "Likya Yolu", "ref": "", "relation_id": 51855, "role": ""}, "geometry": {"type": "LineString", "coordinates": [[30.4161, 36.5051346], [30.416091, 36.5052082], [30.4163253, 36.5055831], [30.4161894, 36.5057168], [30.4162691, 36.5062009], [30.4163892, 36.5066038], [30.4163089, 36.5069039], [30.4163756, 36.5070976], [30.4163496, 36.5073566], [30.4163546, 36.507479], [30.4167537, 36.5077319], [30.4168852, 36.5076756], [30.4169869, 36.5077875], [30.4168321, 36.5080133], [30.4168679, 36.5085996], [30.4170342, 36.5086741], [30.4182279, 36.5085469], [30.4186177, 36.5089734], [30.4188091, 36.5091853], [30.4187355, 36.5097301], [30.4188136, 36.5101504], [30.4189947, 36.5105146], [30.4192563, 36.5109035]]}}, {"type": "Feature", "properties": {"category": "lycian_way", "name": "Likya Yolu", "ref": "", "relation_id": 51855, "role": ""}, "geometry": {"type": "LineString", "coordinates": [[30.4161643, 36.5031769], [30.4161009, 36.5039798], [30.4158854, 36.5043412], [30.4162072, 36.5050311], [30.4161, 36.5051346]]}}, {"type": "Feature", "properties": {"category": "lycian_way", "name": "Likya Yolu", "ref": "", "relation_id": 51855, "role": ""}, "geometry": {"type": "LineString", "coordinates": [[30.4161643, 36.5031769], [30.4160335, 36.502369], [30.4159745, 36.5017395], [30.415776, 36.5010625], [30.4157278, 36.5005364], [30.4158994, 36.4999644], [30.4157009, 36.4994901], [30.4152986, 36.4989252], [30.4153147, 36.4984379], [30.4155883, 36.4982136], [30.4160174, 36.4977923], [30.4164229, 36.497872]]}}, {"type": "Feature", "properties": {"category": "lycian_way", "name": "Likya Yolu", "ref": "", "relation_id": 51855, "role": ""}, "geometry": {"type": "LineString", "coordinates": [[30.4175404, 36.4956086], [30.4169396, 36.4962641], [30.4165533, 36.497105], [30.4164229, 36.497872]]}}, {"type": "Feature", "properties": {"category": "lycian_way", "name": "Likya Yolu", "ref": "", "relation_id": 51855, "role": ""}, "geometry": {"type": "LineString", "coordinates": [[30.4175404, 36.4956086], [30.417811, 36.4954394]]}}, {"type": "Feature", "properties": {"category": "lycian_way", "name": "Likya Yolu", "ref": "", "relation_id": 51855, "role": ""}, "geometry": {"type": "LineString", "coordinates": [[30.4173128, 36.4922933], [30.4176254, 36.4926267], [30.4172407, 36.4936917], [30.4173489, 36.4946339], [30.4177816, 36.4950398], [30.4177997, 36.495378], [30.417811, 36.4954394]]}}, {"type": "Feature", "properties": {"category": "lycian_way", "name": "Likya Yolu", "ref": "", "relation_id": 51855, "role": ""}, "geometry": {"type": "LineString", "coordinates": [[30.4187077, 36.4927749], [30.4183563, 36.4927611], [30.4179754, 36.4926102], [30.4175946, 36.4923643], [30.4173128, 36.4922933]]}}, {"type": "Feature", "properties": {"category": "lycian_way", "name": "Likya Yolu", "ref": "", "relation_id": 51855, "role": ""}, "geometry": {"type": "LineString", "coordinates": [[30.4187077, 36.4927749], [30.4187259, 36.4925898], [30.4187474, 36.4922577]]}}, {"type": "Feature", "properties": {"category": "lycian_way", "name": "Likya Yolu", "ref": "", "relation_id": 51855, "role": ""}, "geometry": {"type": "LineString", "coordinates": [[30.417776, 36.4898119], [30.4178511, 36.4898896], [30.4179208, 36.4899025], [30.4181381, 36.4901677], [30.418299, 36.4904977], [30.4183205, 36.4906723], [30.4184895, 36.490819], [30.4186933, 36.4910928], [30.4188542, 36.4915176], [30.4189401, 36.491744], [30.4188382, 36.4919769], [30.4188274, 36.4920459], [30.418873, 36.4920826], [30.4187474, 36.4922577]]}}, {"type": "Feature", "properties": {"category": "lycian_way", "name": "Likya Yolu", "ref": "", "relation_id": 51855, "role": ""}, "geometry": {"type": "LineString", "coordinates": [[30.4200068, 36.4886262], [30.4198781, 36.4886391], [30.4198271, 36.4886693], [30.4197789, 36.4886521], [30.4195938, 36.4886866], [30.4194624, 36.4887599], [30.4193738, 36.4887577], [30.4193417, 36.4887275], [30.4191941, 36.488762], [30.4187255, 36.4888354], [30.4185512, 36.4888246], [30.4183795, 36.4887922], [30.4181837, 36.4888246], [30.4181005, 36.4889281], [30.4178457, 36.4890618], [30.4175239, 36.4892623], [30.4177384, 36.4894993], [30.417776, 36.4898119]]}}, {"type": "Feature", "properties": {"category": "lycian_way", "name": "Likya Yolu", "ref": "", "relation_id": 51855, "role": ""}, "geometry": {"type": "LineString", "coordinates": [[30.4215942, 36.4894166], [30.4214686, 36.4895], [30.4212085, 36.4895087], [30.4211226, 36.4894461], [30.421069, 36.489444], [30.4207793, 36.4892865], [30.4205674, 36.4891394], [30.420546, 36.4890769], [30.4201463, 36.488706], [30.4200068, 36.4886262]]}}, {"type": "Feature", "properties": {"category": "lycian_way", "name": "Likya Yolu", "ref": "", "relation_id": 51855, "role": ""}, "geometry": {"type": "LineString", "coordinates": [[29.1376397, 36.5664249], [29.1375962, 36.5663784], [29.1375183, 36.5662965], [29.1375144, 36.5661912], [29.1375915, 36.5659992], [29.1377994, 36.5657583], [29.1378906, 36.5655536], [29.1382637, 36.5652326], [29.1384439, 36.5649899], [29.1385302, 36.5648871], [29.1386634, 36.5647843], [29.1389218, 36.5646723], [29.1392124, 36.5645687], [29.1393702, 36.564469], [29.139542, 36.5643071], [29.1395725, 36.5642392], [29.1395698, 36.564146], [29.139517, 36.5639642], [29.1392964, 36.5634779]]}}, {"type": "Feature", "properties": {"category": "lycian_way", "name": "Likya Yolu", "ref": "", "relation_id": 51855, "role": ""}, "geometry": {"type": "LineString", "coordinates": [[29.1392964, 36.5634779], [29.1391016, 36.5632762], [29.1389453, 36.5630668], [29.1387, 36.5626682], [29.1385455, 36.5622953], [29.1384331, 36.5620906], [29.1382758, 36.5620184], [29.1381394, 36.5618704], [29.1379406, 36.5616032], [29.1377874, 36.5613912]]}}, {"type": "Feature", "properties": {"category": "lycian_way", "name": "Likya Yolu", "ref": "", "relation_id": 51855, "role": ""}, "geometry": {"type": "LineString", "coordinates": [[29.1377874, 36.5613912], [29.1377348, 36.5613185], [29.1376773, 36.5610245], [29.1377524, 36.5608047], [29.1378548, 36.5606479], [29.1380446, 36.5605506], [29.1383142, 36.5604324], [29.1384413, 36.56034], [29.1384964, 36.5602195], [29.1384981, 36.5599944], [29.1384086, 36.5598132], [29.1383723, 36.5597026], [29.1383146, 36.5595268], [29.1383057, 36.5593867], [29.1383298, 36.5592879], [29.1383557, 36.5592204], [29.1384137, 36.5591013], [29.1385035, 36.5589095], [29.1386443, 36.5586273], [29.1387087, 36.5584118], [29.1387489, 36.5582406]]}}, {"type": "Feature", "properties": {"category": "lycian_way", "name": "Likya Yolu", "ref": "", "relation_id": 51855, "role": ""}, "geometry": {"type": "LineString", "coordinates": [[29.1387489, 36.5582406], [29.1387703, 36.5581733], [29.1388059, 36.5580978], [29.1388073, 36.5580316], [29.1386908, 36.5578777], [29.1384476, 36.5576512], [29.1380797, 36.557433], [29.1379623, 36.5573824], [29.1378936, 36.5573465], [29.1376587, 36.5571533], [29.137402, 36.5567907], [29.1370592, 36.5563237], [29.1369211, 36.556159], [29.1367415, 36.5558393], [29.1366765, 36.5557339], [29.136593, 36.555644], [29.1364207, 36.5555487], [29.1361971, 36.5554742], [29.13604, 36.5554599], [29.1359512, 36.555389], [29.1358962, 36.5552599], [29.1355929, 36.5547354], [29.1354149, 36.5544281], [29.1349869, 36.5537823], [29.1348601, 36.5535515], [29.1347876, 36.5532977], [29.1346311, 36.5527612], [29.1345561, 36.5525082], [29.1345083, 36.5523102], [29.1345108, 36.5522125], [29.1345656, 36.5520393], [29.1346558, 36.5518326], [29.1347031, 36.5516728]]}}, {"type": "Feature", "properties": {"category": "lycian_way", "name": "Likya Yolu", "ref": "", "relation_id": 51855, "role": ""}, "geometry": {"type": "LineString", "coordinates": [[29.1347031, 36.5516728], [29.1347214, 36.5516111], [29.1347803, 36.5514269], [29.1348103, 36.5513392], [29.134776, 36.5512588], [29.1347247, 36.5511979], [29.1345365, 36.551133], [29.1344543, 36.5510771], [29.1344054, 36.5509901]]}}, {"type": "Feature", "properties": {"category": "lycian_way", "name": "Likya Yolu", "ref": "", "relation_id": 51855, "role": ""}, "geometry": {"type": "LineString", "coordinates": [[29.1344054, 36.5509901], [29.1343778, 36.5508517], [29.1342626, 36.5503957], [29.134082, 36.5499798], [29.1340273, 36.5498173]]}}, {"type": "Feature", "properties": {"category": "lycian_way", "name": "Likya Yolu", "ref": "", "relation_id": 51855, "role": ""}, "geometry": {"type": "LineString", "coordinates": [[29.1340273, 36.5498173], [29.13398, 36.5496641], [29.133921, 36.5494982], [29.1338485, 36.549244], [29.1338673, 36.548966], [29.1339371, 36.5485825], [29.1339987, 36.5483799], [29.134039, 36.5482549], [29.1340712, 36.5480869], [29.1341624, 36.5477572], [29.1342482, 36.5474835], [29.1343501, 36.5472637], [29.1344815, 36.5470763], [29.1344708, 36.5469814], [29.1343984, 36.5468672], [29.1343743, 36.5467487], [29.1342777, 36.5465332], [29.1342817, 36.5463145], [29.134279, 36.5462143], [29.1342488, 36.5461238], [29.1341662, 36.5460233], [29.1340613, 36.5459861], [29.1339808, 36.5459166], [29.1339509, 36.5458731], [29.1339237, 36.5458065], [29.1339156, 36.5457079], [29.1339078, 36.5454032], [29.1338968, 36.545222], [29.1339169, 36.5450992], [29.1339796, 36.5450106]]}}, {"type": "Feature", "properties": {"category": "lycian_way", "name": "Likya Yolu", "ref": "", "relation_id": 51855, "role": ""}, "geometry": {"type": "LineString", "coordinates": [[29.1339796, 36.5450106], [29.1340642, 36.5448936], [29.1341114, 36.5447986], [29.1341946, 36.5447426], [29.1342831, 36.5447534], [29.1344494, 36.5447124], [29.134562, 36.5446585], [29.1346666, 36.5445939], [29.1346851, 36.5445144], [29.1345379, 36.5443396], [29.1344807, 36.5442309], [29.1343874, 36.5441247], [29.1342314, 36.5440606], [29.1341617, 36.543976], [29.1340658, 36.5438074], [29.1339713, 36.5436921], [29.1339377, 36.5435935], [29.1339601, 36.5434364], [29.1340175, 36.5432589], [29.1341476, 36.5431329], [29.1341878, 36.5430348], [29.1341678, 36.5429737], [29.1341575, 36.542888], [29.1341152, 36.5428411], [29.1340124, 36.5427701], [29.1339771, 36.5426679], [29.1339799, 36.5425395], [29.1339795, 36.5423275], [29.1340372, 36.5419985], [29.1340545, 36.5417074], [29.1342128, 36.541464], [29.1343091, 36.5413505], [29.1343578, 36.5412171], [29.1344678, 36.5411044], [29.134576, 36.5409973], [29.1347053, 36.5408713], [29.1348984, 36.5406832], [29.135057, 36.5404731], [29.1351402, 36.5403045], [29.1351988, 36.5401169], [29.1352209, 36.5399645], [29.1352738, 36.5397836], [29.1353676, 36.5397078], [29.1355757, 36.5394872], [29.1360358, 36.5390584], [29.1366348, 36.5385228], [29.1366874, 36.5384905], [29.1367561, 36.5384312], [29.1367773, 36.5383868], [29.1371448, 36.5380611], [29.1372794, 36.5379963], [29.1374218, 36.5379278], [29.1375785, 36.5378687], [29.1377777, 36.5378521], [29.1378524, 36.5377407], [29.1379041, 36.5376803], [29.1379619, 36.5376308], [29.1381448, 36.5374468], [29.1383293, 36.5372131], [29.1387614, 36.5368089], [29.1390725, 36.5366539], [29.1392377, 36.5365144], [29.1394303, 36.5364067], [29.1394519, 36.5363478], [29.1395671, 36.5361967], [29.1396152, 36.5360872], [29.1396224, 36.535998], [29.1395964, 36.5359489], [29.1395843, 36.5358474], [29.1395665, 36.5357839], [29.1395963, 36.5357716], [29.1396671, 36.5357825], [29.1397927, 36.5358293], [29.1400464, 36.5359275], [29.1401143, 36.5359736], [29.1401613, 36.5360055], [29.1402559, 36.5360933], [29.1402662, 36.5360393], [29.1402196, 36.5359043], [29.1401971, 36.5357544], [29.1401664, 36.5355833], [29.1401618, 36.5353523], [29.1402564, 36.5351207], [29.1402638, 36.5350558], [29.1402721, 36.5350334], [29.1403754, 36.534996], [29.1403941, 36.5349859], [29.1404498, 36.5349561], [29.1407009, 36.5347846], [29.140924, 36.5346521], [29.1410054, 36.5346154], [29.1411357, 36.5345703], [29.1413655, 36.5345075], [29.1415183, 36.5345113], [29.1416292, 36.5345264], [29.1417493, 36.5345816], [29.1418593, 36.5345881], [29.1419461, 36.5346661], [29.1420131, 36.5347179], [29.1420829, 36.5347191], [29.1421045, 36.5346743], [29.1420727, 36.53452], [29.1420481, 36.5343083], [29.1419876, 36.5341369], [29.1419117, 36.5339508], [29.141872, 36.5338606], [29.1418577, 36.5338063], [29.1418207, 36.5336592], [29.1417417, 36.5335612], [29.1416811, 36.5334739], [29.1416358, 36.5333298], [29.1415191, 36.5332177], [29.1415202, 36.5331738], [29.1415214, 36.5331306], [29.1415183, 36.5330891], [29.1414788, 36.5330339], [29.1414543, 36.5329685], [29.1414604, 36.5328949], [29.1415049, 36.5328971], [29.1415537, 36.5329265], [29.1415945, 36.5329561], [29.1416088, 36.5329187], [29.1415847, 36.5328813], [29.1415624, 36.5328297], [29.1415389, 36.5327536], [29.1415059, 36.5326562], [29.1414343, 36.5324084], [29.1413701, 36.532253], [29.1411988, 36.5320349], [29.1411291, 36.5319693], [29.1411129, 36.5317404], [29.1410499, 36.5315906], [29.1409755, 36.5314635], [29.1409717, 36.5313167], [29.1409333, 36.5312569], [29.140924, 36.5312363], [29.1409658, 36.5312304], [29.1410243, 36.5312233], [29.1411028, 36.5312084], [29.1412068, 36.5312538], [29.141329, 36.5313063], [29.1413602, 36.5313403], [29.1414237, 36.5313548], [29.1414605, 36.5312631], [29.1414871, 36.5311954], [29.1415394, 36.5311745], [29.1415731, 36.5311157], [29.1415926, 36.5310776], [29.1416238, 36.5310264], [29.1416724, 36.5310391], [29.1417964, 36.530958], [29.1418903, 36.5308648], [29.1419731, 36.5307857], [29.1421303, 36.5306918], [29.1423923, 36.5305218], [29.1425819, 36.5303797], [29.1426268, 36.530332], [29.1428889, 36.5302194], [29.1431681, 36.5300867], [29.1436542, 36.5299603], [29.1438308, 36.5298697], [29.1438417, 36.5298641], [29.1439402, 36.5298126], [29.1442542, 36.5296086], [29.1444456, 36.5295609], [29.144984, 36.5293103], [29.1451492, 36.5292933], [29.1452435, 36.5292965], [29.145316, 36.5292131], [29.1453148, 36.529161], [29.1453824, 36.529041], [29.1457688, 36.528865]]}}, {"type": "Feature", "properties": {"category": "lycian_way", "name": "Likya Yolu", "ref": "", "relation_id": 51855, "role": ""}, "geometry": {"type": "LineString", "coordinates": [[29.1457688, 36.528865], [29.1457785, 36.5288368], [29.145794, 36.528827], [29.1458719, 36.5287997], [29.1462832, 36.5286934], [29.1466251, 36.5285938], [29.146981, 36.5284836], [29.1473448, 36.5282945], [29.1478343, 36.5280287]]}}, {"type": "Feature", "properties": {"category": "lycian_way", "name": "Likya Yolu", "ref": "", "relation_id": 51855, "role": ""}, "geometry": {"type": "LineString", "coordinates": [[29.1478343, 36.5280287], [29.1482086, 36.5279003], [29.1483638, 36.5278377]]}}, {"type": "Feature", "properties": {"category": "lycian_way", "name": "Likya Yolu", "ref": "", "relation_id": 51855, "role": ""}, "geometry": {"type": "LineString", "coordinates": [[29.1483638, 36.5278377], [29.1484385, 36.5277823], [29.1484637, 36.5276484], [29.1484975, 36.5274885], [29.1485257, 36.5274132], [29.1485823, 36.5273347], [29.148674, 36.5271642], [29.1487859, 36.5270472], [29.1488765, 36.5269156], [29.1490322, 36.5268233], [29.1491362, 36.5266893], [29.1493081, 36.5265034], [29.149455, 36.5263876], [29.1495796, 36.5262489], [29.1499452, 36.5260399], [29.1501731, 36.5259379], [29.1502958, 36.5259115], [29.1504117, 36.5258051], [29.1504769, 36.5256938], [29.1505044, 36.5255412], [29.1505136, 36.5254488], [29.1506041, 36.5253955], [29.1507533, 36.5253429], [29.1508678, 36.5252758], [29.1509352, 36.5251896], [29.1509504, 36.525081], [29.1509453, 36.5250003], [29.1509905, 36.5249373], [29.1511449, 36.5247951], [29.151402, 36.5245104], [29.151487, 36.5243496]]}}, {"type": "Feature", "properties": {"category": "lycian_way", "name": "Likya Yolu", "ref": "", "relation_id": 51855, "role": ""}, "geometry": {"type": "LineString", "coordinates": [[29.151487, 36.5243496], [29.1518808, 36.524182], [29.1527185, 36.524106], [29.1528937, 36.5241511], [29.1532863, 36.5241398], [29.1536368, 36.5241792], [29.153795, 36.5241885], [29.153904, 36.5241625], [29.1542462, 36.5240312], [29.1543623, 36.5239708], [29.1545095, 36.5239905], [29.1547093, 36.5240891], [29.1547654, 36.524213], [29.154839, 36.5243003], [29.154832, 36.5244243], [29.1549091, 36.5245454], [29.1549419, 36.5246141], [29.1549988, 36.5246386], [29.1550562, 36.5246344]]}}, {"type": "Feature", "properties": {"category": "lycian_way", "name": "Likya Yolu", "ref": "", "relation_id": 51855, "role": ""}, "geometry": {"type": "LineString", "coordinates": [[29.1549186, 36.5241266], [29.1549406, 36.5242557], [29.1549563, 36.5244128], [29.1549955, 36.5245573], [29.1550562, 36.5246344]]}}, {"type": "Feature", "properties": {"category": "lycian_way", "name": "Likya Yolu", "ref": "", "relation_id": 51855, "role": ""}, "geometry": {"type": "LineString", "coordinates": [[29.1544665, 36.5234424], [29.1545853, 36.5236426], [29.1547538, 36.5238287], [29.1549186, 36.5241266]]}}, {"type": "Feature", "properties": {"category": "lycian_way", "name": "Likya Yolu", "ref": "", "relation_id": 51855, "role": ""}, "geometry": {"type": "LineString", "coordinates": [[29.1544665, 36.5234424], [29.1545207, 36.5230217]]}}, {"type": "Feature", "properties": {"category": "lycian_way", "name": "Likya Yolu", "ref": "", "relation_id": 51855, "role": ""}, "geometry": {"type": "LineString", "coordinates": [[29.1545207, 36.5230217], [29.154568, 36.5230439], [29.1546803, 36.5233177], [29.1547834, 36.5233606], [29.1548588, 36.5233953], [29.1549302, 36.5234186], [29.1550902, 36.5234097], [29.1550615, 36.5233214], [29.1550558, 36.5232081], [29.1549557, 36.5230506], [29.1549329, 36.5229944]]}}, {"type": "Feature", "properties": {"category": "lycian_way", "name": "Likya Yolu", "ref": "", "relation_id": 51855, "role": ""}, "geometry": {"type": "LineString", "coordinates": [[29.1571514, 36.5237811], [29.1568986, 36.5237057], [29.156703, 36.5235941], [29.156388, 36.5234367], [29.1562635, 36.5232997], [29.1561782, 36.5231805], [29.1559096, 36.5229455], [29.1555143, 36.522767], [29.155165, 36.5227708], [29.1549859, 36.5228695], [29.1549329, 36.5229944]]}}, {"type": "Feature", "properties": {"category": "lycian_way", "name": "Likya Yolu", "ref": "", "relation_id": 51855, "role": ""}, "geometry": {"type": "LineString", "coordinates": [[29.1571514, 36.5237811], [29.1571701, 36.5237154], [29.1572206, 36.5235784], [29.157363, 36.523459], [29.1575648, 36.5234155], [29.1577522, 36.5233033], [29.1580919, 36.5231262], [29.1583536, 36.522992], [29.1586288, 36.5230258], [29.158743, 36.5229544], [29.1589658, 36.5229278], [29.1594951, 36.5229008], [29.1597439, 36.5229406], [29.1601075, 36.5230752], [29.1608795, 36.5233302], [29.1613885, 36.5233339], [29.161595, 36.523366], [29.1618422, 36.5234588]]}}, {"type": "Feature", "properties": {"category": "lycian_way", "name": "Likya Yolu", "ref": "", "relation_id": 51855, "role": ""}, "geometry": {"type": "LineString", "coordinates": [[29.1618422, 36.5234588], [29.1620148, 36.522992], [29.1620633, 36.5227056], [29.1620981, 36.5223965], [29.1621028, 36.5220982], [29.1619824, 36.5217752], [29.1619152, 36.5215054], [29.1618083, 36.5211643], [29.1617835, 36.5210239], [29.1617842, 36.5208218], [29.1618242, 36.5207162], [29.1618481, 36.5206345], [29.1619064, 36.5205564], [29.1620368, 36.5204696], [29.1622628, 36.5203975], [29.1624861, 36.5203116], [29.1625898, 36.5202592], [29.162675, 36.5201523], [29.1626572, 36.5200728], [29.1626455, 36.5200082]]}}, {"type": "Feature", "properties": {"category": "lycian_way", "name": "Likya Yolu", "ref": "", "relation_id": 51855, "role": ""}, "geometry": {"type": "LineString", "coordinates": [[29.1626455, 36.5200082], [29.1624819, 36.5199683], [29.1622921, 36.5198158], [29.1619324, 36.5196338], [29.1617011, 36.5194989], [29.1614484, 36.519196], [29.1612091, 36.5189782], [29.1612985, 36.5187352]]}}, {"type": "Feature", "properties": {"category": "lycian_way", "name": "Likya Yolu", "ref": "", "relation_id": 51855, "role": ""}, "geometry": {"type": "LineString", "coordinates": [[29.1602575, 36.5174444], [29.1598775, 36.5177182], [29.1597381, 36.5178783], [29.1597648, 36.5179773], [29.1599213, 36.5180496], [29.1600744, 36.5179693], [29.160191, 36.5179024], [29.1602875, 36.5179613], [29.1603541, 36.5180737], [29.1603608, 36.5181727], [29.1604207, 36.5183921], [29.1605339, 36.5184617], [29.1608136, 36.5185045], [29.1609735, 36.5186196], [29.1610501, 36.5187293], [29.1612199, 36.5187347], [29.1612985, 36.5187352]]}}, {"type": "Feature", "properties": {"category": "lycian_way", "name": "Likya Yolu", "ref": "", "relation_id": 51855, "role": ""}, "geometry": {"type": "LineString", "coordinates": [[29.1602575, 36.5174444], [29.1602116, 36.5170725], [29.1600598, 36.5169958], [29.159879, 36.5169044], [29.1593533, 36.5166888], [29.159284, 36.516395]]}}, {"type": "Feature", "properties": {"category": "lycian_way", "name": "Likya Yolu", "ref": "", "relation_id": 51855, "role": ""}, "geometry": {"type": "LineString", "coordinates": [[29.1557239, 36.5156248], [29.1557214, 36.5156851], [29.1558349, 36.5157217], [29.1562366, 36.5157434], [29.1568792, 36.5158696], [29.1572836, 36.5159196], [29.1577309, 36.5159573], [29.1581712, 36.5161479], [29.1585433, 36.5160657], [29.159284, 36.516395]]}}, {"type": "Feature", "properties": {"category": "lycian_way", "name": "Likya Yolu", "ref": "", "relation_id": 51855, "role": ""}, "geometry": {"type": "LineString", "coordinates": [[29.1557239, 36.5156248], [29.1555466, 36.5156069], [29.1553073, 36.5155836], [29.1550057, 36.5155869], [29.154771, 36.5155769], [29.1546107, 36.5155163], [29.154543, 36.5154167], [29.1544627, 36.5153117], [29.1544195, 36.5151429], [29.1544126, 36.5149934], [29.1543898, 36.5148921], [29.1542854, 36.5147678], [29.1541215, 36.5146285], [29.1539155, 36.5145267], [29.153697, 36.5144499], [29.1535732, 36.5143482], [29.1534023, 36.5140408], [29.1532314, 36.5135755], [29.1531527, 36.513327], [29.1530945, 36.5130431], [29.1531206, 36.5128203], [29.1531834, 36.512619], [29.1531912, 36.5123703], [29.1531906, 36.5122069], [29.153302, 36.5119622], [29.1534389, 36.5118677], [29.1535553, 36.5117585], [29.1537184, 36.5114872], [29.1538429, 36.5113352], [29.1539189, 36.5112669], [29.154052, 36.5112137], [29.1541692, 36.5111464], [29.1541811, 36.5110377], [29.154137, 36.5109515], [29.1540774, 36.5108277], [29.1540833, 36.5106742], [29.1541639, 36.5104508], [29.154227, 36.5102726], [29.1542668, 36.510139], [29.1543557, 36.509916], [29.1543823, 36.5097223], [29.1544531, 36.5095946], [29.1545522, 36.5095477], [29.1547522, 36.5095388], [29.154898, 36.5095301], [29.1549953, 36.5095083], [29.1552394, 36.5093697], [29.1555322, 36.5091792], [29.15572, 36.5090862], [29.1559111, 36.5090256], [29.1561014, 36.5089621], [29.1562191, 36.508881], [29.1563967, 36.5086728], [29.1564404, 36.5086169], [29.1565377, 36.5085653], [29.1567645, 36.5085026], [29.1568715, 36.5084835], [29.1569408, 36.5084504], [29.1570773, 36.5083783]]}}, {"type": "Feature", "properties": {"category": "lycian_way", "name": "Likya Yolu", "ref": "", "relation_id": 51855, "role": ""}, "geometry": {"type": "LineString", "coordinates": [[29.1570773, 36.5083783], [29.1572356, 36.5083099], [29.1574017, 36.5082265], [29.1575499, 36.5080686], [29.1575867, 36.5079941], [29.1575957, 36.5075936]]}}, {"type": "Feature", "properties": {"category": "lycian_way", "name": "Likya Yolu", "ref": "", "relation_id": 51855, "role": ""}, "geometry": {"type": "LineString", "coordinates": [[29.1575957, 36.5075936], [29.1574261, 36.507827], [29.1573075, 36.5079101], [29.1571769, 36.5079469], [29.1570696, 36.5079467], [29.1568481, 36.507877], [29.1566919, 36.5077393], [29.1565392, 36.5076947], [29.1563675, 36.5077211], [29.1561141, 36.5077898], [29.1559195, 36.5077961], [29.1556306, 36.5078524], [29.1554396, 36.507846], [29.1552936, 36.5078131], [29.1550613, 36.5077466], [29.1550117, 36.5077107], [29.1549548, 36.5076646], [29.1548881, 36.507648], [29.1547644, 36.5076617], [29.1547304, 36.5076055], [29.1546768, 36.5075833], [29.1546324, 36.5075106], [29.1545581, 36.5074739], [29.1546188, 36.5073332], [29.1547381, 36.5072183], [29.1548891, 36.5069816]]}}, {"type": "Feature", "properties": {"category": "lycian_way", "name": "Likya Yolu", "ref": "", "relation_id": 51855, "role": ""}, "geometry": {"type": "LineString", "coordinates": [[29.1548891, 36.5069816], [29.1548548, 36.5068341], [29.1549051, 36.5066954], [29.15499, 36.506569], [29.1550421, 36.5063687], [29.1550546, 36.5062576], [29.1550961, 36.506202], [29.1553182, 36.506133], [29.1554937, 36.5060464], [29.155661, 36.505925], [29.1555874, 36.5057035], [29.155371, 36.5055398], [29.1551278, 36.5055042], [29.1548242, 36.5051644], [29.1546616, 36.5050518], [29.1545979, 36.5049718], [29.1543168, 36.5049157]]}}, {"type": "Feature", "properties": {"category": "lycian_way", "name": "Likya Yolu", "ref": "", "relation_id": 51855, "role": ""}, "geometry": {"type": "LineString", "coordinates": [[29.1543168, 36.5049157], [29.1540587, 36.5048435], [29.1539314, 36.504763], [29.1535543, 36.5046357], [29.1534729, 36.5045338], [29.1533355, 36.504405], [29.1533073, 36.5042961], [29.1532301, 36.5042168], [29.1530481, 36.5041057], [29.152927, 36.5041321], [29.1528734, 36.5040674], [29.1526807, 36.5040717], [29.1522845, 36.5041441], [29.152073, 36.5041356], [29.1517171, 36.5042527], [29.1513299, 36.504286], [29.1507206, 36.5042295]]}}, {"type": "Feature", "properties": {"category": "lycian_way", "name": "Likya Yolu", "ref": "", "relation_id": 51855, "role": ""}, "geometry": {"type": "LineString", "coordinates": [[29.1507206, 36.5042295], [29.1505967, 36.5043116], [29.1504844, 36.5043243], [29.1501895, 36.5044706], [29.1499645, 36.504575], [29.1491899, 36.5047729], [29.149108, 36.5047901], [29.1486719, 36.5049666], [29.1483895, 36.5050204], [29.1481193, 36.5051234], [29.1477477, 36.505309], [29.1476509, 36.5053255], [29.1474609, 36.5053023], [29.1473533, 36.505259], [29.1470415, 36.505099], [29.1467531, 36.5049631], [29.1465188, 36.5048108]]}}, {"type": "Feature", "properties": {"category": "lycian_way", "name": "Likya Yolu", "ref": "", "relation_id": 51855, "role": ""}, "geometry": {"type": "LineString", "coordinates": [[29.1465188, 36.5048108], [29.1464624, 36.504698], [29.1457319, 36.5036524], [29.1457118, 36.5033742], [29.1456792, 36.5033015], [29.1445721, 36.5029864], [29.1443438, 36.5028156], [29.1442367, 36.5024838], [29.1440557, 36.5023135], [29.1437754, 36.5022025], [29.1435394, 36.5019567], [29.1433758, 36.501864], [29.1431451, 36.5016289], [29.1428876, 36.501547], [29.1426516, 36.5014176], [29.1423722, 36.5010745], [29.1421999, 36.5009465], [29.1420094, 36.5007107]]}}, {"type": "Feature", "properties": {"category": "lycian_way", "name": "Likya Yolu", "ref": "", "relation_id": 51855, "role": ""}, "geometry": {"type": "LineString", "coordinates": [[29.1420094, 36.5007107], [29.1420924, 36.5006032], [29.1419917, 36.5001962], [29.14204, 36.4999817], [29.1423049, 36.4997625], [29.1423548, 36.4997202], [29.1423844, 36.4996615], [29.1423318, 36.4996628], [29.142174, 36.499708], [29.1421207, 36.4996963], [29.142102, 36.4996735], [29.1421083, 36.4996414], [29.142172, 36.499583], [29.1421968, 36.4994788], [29.1422183, 36.4994208], [29.1423641, 36.4993429], [29.1425105, 36.4990506], [29.1426253, 36.4989975], [29.1427323, 36.4988819], [29.1427629, 36.4987672], [29.1427107, 36.4987406], [29.1426164, 36.4987876], [29.1425426, 36.4988021], [29.1425387, 36.4987386], [29.1425566, 36.498669], [29.1425267, 36.4986208], [29.1424865, 36.4986055], [29.1423433, 36.4987362], [29.1422644, 36.49871], [29.142307, 36.4986219], [29.1423063, 36.4985297], [29.1423668, 36.4980926], [29.1423668, 36.4979134], [29.1423974, 36.4978776], [29.1424247, 36.4977934], [29.1424851, 36.4977029], [29.1424373, 36.4976798], [29.1424409, 36.4976334], [29.1422996, 36.4975697], [29.1421519, 36.4974387], [29.1420843, 36.4974242], [29.1420759, 36.497392], [29.1420636, 36.4973685], [29.1420636, 36.4973192], [29.1420105, 36.4973279], [29.1419437, 36.4972842], [29.1418961, 36.4972917], [29.1418034, 36.4972063], [29.1415862, 36.4971687], [29.1415399, 36.4971291], [29.141506, 36.497019], [29.1414234, 36.4969822]]}}, {"type": "Feature", "properties": {"category": "lycian_way", "name": "Likya Yolu", "ref": "", "relation_id": 51855, "role": ""}, "geometry": {"type": "LineString", "coordinates": [[29.1414234, 36.4969822], [29.1413599, 36.4969181]]}}, {"type": "Feature", "properties": {"category": "lycian_way", "name": "Likya Yolu", "ref": "", "relation_id": 51855, "role": ""}, "geometry": {"type": "LineString", "coordinates": [[29.1413599, 36.4969181], [29.1413859, 36.4967713], [29.1414449, 36.4966581], [29.1414691, 36.4965568], [29.1413906, 36.4964829], [29.141219, 36.4964273], [29.1410029, 36.496478], [29.1407268, 36.4965023], [29.1405363, 36.4964743]]}}, {"type": "Feature", "properties": {"category": "lycian_way", "name": "Likya Yolu", "ref": "", "relation_id": 51855, "role": ""}, "geometry": {"type": "LineString", "coordinates": [[29.1405363, 36.4964743], [29.1404554, 36.4963933], [29.1403653, 36.4962224], [29.1403149, 36.4962021], [29.1402505, 36.4962474], [29.1401787, 36.4963383], [29.140148, 36.4964757]]}}, {"type": "Feature", "properties": {"category": "lycian_way", "name": "Likya Yolu", "ref": "", "relation_id": 51855, "role": ""}, "geometry": {"type": "LineString", "coordinates": [[29.1401178, 36.4962952], [29.1401447, 36.4964035], [29.140148, 36.4964757]]}}, {"type": "Feature", "properties": {"category": "lycian_way", "name": "Likya Yolu", "ref": "", "relation_id": 51855, "role": ""}, "geometry": {"type": "LineString", "coordinates": [[29.1336738, 36.4919465], [29.1337438, 36.4919358], [29.1338218, 36.4919391], [29.1339299, 36.4920357], [29.1339664, 36.4921879], [29.1340062, 36.4923965], [29.1340268, 36.4926708], [29.1342547, 36.4930855], [29.1344018, 36.4933652], [29.1344444, 36.4934288], [29.1345678, 36.493481], [29.1350189, 36.493572], [29.1355391, 36.4938601], [29.1357583, 36.4939372], [29.1359926, 36.4939623], [29.1362282, 36.4940606], [29.1364262, 36.4942571], [29.1366103, 36.4942935], [29.136731, 36.4943447], [29.1367386, 36.494422], [29.1369126, 36.4945322], [29.1375312, 36.4948335], [29.1375772, 36.4950627], [29.1376245, 36.4952176], [29.137734, 36.495349], [29.1378263, 36.4954261], [29.1379159, 36.4955009], [29.1381575, 36.4955828], [29.138477, 36.4956136], [29.1388172, 36.4956783], [29.1390944, 36.4957999], [29.1393198, 36.495943], [29.139777, 36.4960849], [29.1398723, 36.4961263], [29.1400013, 36.4961822], [29.1401178, 36.4962952]]}}, {"type": "Feature", "properties": {"category": "lycian_way", "name": "Likya Yolu", "ref": "", "relation_id": 51855, "role": ""}, "geometry": {"type": "LineString", "coordinates": [[29.1336738, 36.4919465], [29.1335874, 36.4919272], [29.13351, 36.4919471]]}}, {"type": "Feature", "properties": {"category": "lycian_way", "name": "Likya Yolu", "ref": "", "relation_id": 51855, "role": ""}, "geometry": {"type": "LineString", "coordinates": [[29.13351, 36.4919471], [29.1333406, 36.4918059], [29.1333484, 36.4916957], [29.1332486, 36.4916271], [29.1332505, 36.4914453], [29.1331623, 36.4913713], [29.1330907, 36.4912103], [29.1329715, 36.4910484], [29.1326214, 36.4909115], [29.1323988, 36.4907659], [29.1320957, 36.4907713], [29.1318981, 36.4906833], [29.1318016, 36.490538], [29.1315687, 36.4904462], [29.131515, 36.4903627], [29.1314346, 36.4899982], [29.1311958, 36.4896769], [29.1311771, 36.4895885], [29.1313031, 36.4895777], [29.1311557, 36.4893001], [29.1311487, 36.4892146], [29.131263, 36.4891581], [29.1312828, 36.4890697], [29.1311788, 36.4888374], [29.1310158, 36.4888065], [29.1308402, 36.488685], [29.1307098, 36.4887205], [29.1305583, 36.4887754], [29.1304125, 36.4887355], [29.1304436, 36.4885885], [29.1304901, 36.4883897], [29.1305785, 36.4882435], [29.1305968, 36.4882131], [29.1305738, 36.4881293]]}}, {"type": "Feature", "properties": {"category": "lycian_way", "name": "Likya Yolu", "ref": "", "relation_id": 51855, "role": ""}, "geometry": {"type": "LineString", "coordinates": [[29.1305738, 36.4881293], [29.130896, 36.4879773], [29.1310603, 36.4879192], [29.1310535, 36.4878891], [29.1310142, 36.4878514], [29.1310502, 36.4878062], [29.1310994, 36.4877745], [29.1311524, 36.4877622], [29.1311382, 36.487717], [29.1311715, 36.4875708], [29.1311496, 36.487519], [29.1311917, 36.4874838], [29.1312534, 36.487501], [29.1313162, 36.4875005], [29.1313403, 36.4875462], [29.1313818, 36.4875848], [29.1314315, 36.4876169], [29.1314795, 36.4875387], [29.1315194, 36.4874988], [29.1315178, 36.4873973], [29.1315636, 36.4873701], [29.1315669, 36.4873218], [29.1315609, 36.487281], [29.1315888, 36.4872292], [29.131609, 36.4871312], [29.1315964, 36.4870829], [29.1315882, 36.4870316], [29.1315991, 36.4869841], [29.1316215, 36.4869415], [29.1316428, 36.4867997], [29.1316701, 36.4867518], [29.1316712, 36.4867027], [29.1316936, 36.486657], [29.1316833, 36.4866078], [29.131686, 36.4865613], [29.131651, 36.4864607], [29.1316729, 36.4864124], [29.13168, 36.4863623], [29.1316789, 36.4862657], [29.1316554, 36.4861753], [29.1316625, 36.4861221], [29.1317111, 36.4860339], [29.1317319, 36.4859399], [29.1317067, 36.4857924], [29.1317051, 36.4857458], [29.1317269, 36.4857054], [29.1317056, 36.4856619], [29.1316417, 36.4856382], [29.1316161, 36.4856013], [29.1316341, 36.4855017], [29.1316226, 36.4854586], [29.1316592, 36.4853089], [29.1317051, 36.4852724], [29.1317155, 36.4852263], [29.131751, 36.4851881], [29.1317913, 36.4850965], [29.1317725, 36.4850512], [29.1318851, 36.4850188], [29.1318798, 36.4849703], [29.1318355, 36.4849487], [29.1318141, 36.4848927], [29.1318436, 36.4847892], [29.1319201, 36.4847419], [29.1319388, 36.4846781], [29.1320278, 36.4846749], [29.1320912, 36.484797], [29.1321587, 36.4848495], [29.1322148, 36.4848326], [29.1321967, 36.4847129], [29.1323161, 36.4846374], [29.1324272, 36.4844957], [29.1325381, 36.4843995], [29.1329991, 36.4843284], [29.1337159, 36.4843255], [29.1341401, 36.484361], [29.1343832, 36.4843841]]}}, {"type": "Feature", "properties": {"category": "lycian_way", "name": "Likya Yolu", "ref": "", "relation_id": 51855, "role": ""}, "geometry": {"type": "LineString", "coordinates": [[29.1343832, 36.4843841], [29.1343712, 36.4843043], [29.1341524, 36.4841745], [29.1340842, 36.4838394], [29.133946, 36.4833988], [29.1338134, 36.4829009], [29.1336904, 36.4828268], [29.1336052, 36.4826918], [29.1335622, 36.4825691], [29.13338, 36.4824241], [29.1332734, 36.482269], [29.1331273, 36.4819482], [29.1328677, 36.4816629], [29.1328656, 36.4814928], [29.1330326, 36.4812277], [29.1331083, 36.4809727], [29.1329617, 36.480813], [29.1330106, 36.4806534], [29.1329414, 36.4806165], [29.1329634, 36.4805658], [29.1331537, 36.4805348], [29.1331781, 36.4804794], [29.1330509, 36.4804836], [29.1330275, 36.4804233], [29.1331506, 36.4803633], [29.1332737, 36.4802471], [29.1333684, 36.4801023], [29.1332794, 36.4801213], [29.133162, 36.480163], [29.1330597, 36.4801601], [29.132896, 36.4801687], [29.1327586, 36.4800493], [29.1327885, 36.4800219], [29.1328711, 36.4800065], [29.1329064, 36.4799842], [29.1328097, 36.4799594], [29.132801, 36.4799332], [29.1329211, 36.4798984], [29.1329787, 36.4797889], [29.1329411, 36.4797762], [29.1329099, 36.4797566], [29.1329397, 36.4797104], [29.1328567, 36.4796864], [29.1327565, 36.4796435], [29.132592, 36.4795936], [29.1324743, 36.4795212], [29.1323811, 36.4795083], [29.1324515, 36.4795959], [29.1324346, 36.4796308], [29.1324105, 36.4796315], [29.132382, 36.4796081], [29.1323352, 36.4795855], [29.1322863, 36.4795617], [29.1322511, 36.4795952], [29.1322589, 36.4796193], [29.1322515, 36.4796385], [29.1322255, 36.4796507], [29.1322055, 36.4796548], [29.1321569, 36.4795936], [29.1321604, 36.4795695], [29.1321386, 36.4795634], [29.1321233, 36.4795773], [29.1320883, 36.4796205], [29.1320306, 36.4795735], [29.1319947, 36.479544], [29.1319716, 36.4795507], [29.1319462, 36.4795751], [29.1319042, 36.4795797], [29.131829, 36.4795151], [29.131841, 36.4794096], [29.1316977, 36.4792944], [29.1316244, 36.4792638], [29.1315806, 36.4791901], [29.131469, 36.4791058], [29.131365, 36.4790865], [29.1312928, 36.4790733], [29.1311005, 36.4790136], [29.130981, 36.4790123], [29.1308067, 36.4789705], [29.130673, 36.4789735], [29.1305393, 36.4789801], [29.1303014, 36.4789836], [29.1301704, 36.4790391], [29.1300687, 36.4790648], [29.129967, 36.4791082], [29.1299037, 36.479091], [29.1298501, 36.4790715], [29.1297964, 36.4789991], [29.1295512, 36.4788685], [29.1294599, 36.4788313], [29.1293762, 36.4787625], [29.1291967, 36.4787111], [29.1290725, 36.478666], [29.128992, 36.4785981], [29.1289037, 36.4785872], [29.1287993, 36.4786117], [29.1284804, 36.478557], [29.1282969, 36.478382], [29.1281367, 36.4782459], [29.1278694, 36.4780986], [29.1277139, 36.4780786], [29.1275562, 36.4780147], [29.1259146, 36.4772355], [29.1253419, 36.4767268], [29.1248924, 36.4761672], [29.1247625, 36.4756023], [29.1249785, 36.4751242], [29.1251072, 36.4749085], [29.1252065, 36.4745483], [29.1254371, 36.4741773], [29.125424, 36.473635]]}}, {"type": "Feature", "properties": {"category": "lycian_way", "name": "Likya Yolu", "ref": "", "relation_id": 51855, "role": ""}, "geometry": {"type": "LineString", "coordinates": [[29.1273106, 36.4719797], [29.127375, 36.4721436], [29.127214, 36.4724284], [29.1270746, 36.4725836], [29.1268922, 36.4726958], [29.1265167, 36.4727735], [29.1265596, 36.4728856], [29.1262552, 36.4729889], [29.1260433, 36.4729717], [29.1256985, 36.4730778], [29.1255301, 36.4735034], [29.125424, 36.473635]]}}, {"type": "Feature", "properties": {"category": "lycian_way", "name": "Likya Yolu", "ref": "", "relation_id": 51855, "role": ""}, "geometry": {"type": "LineString", "coordinates": [[29.1273106, 36.4719797], [29.1272054, 36.4719268], [29.1272027, 36.4720768], [29.1270753, 36.4722536], [29.1269009, 36.472396], [29.1265657, 36.4723625], [29.1263699, 36.4722849], [29.126158, 36.4723873], [29.1259353, 36.4724564], [29.1257355, 36.472424]]}}, {"type": "Feature", "properties": {"category": "lycian_way", "name": "Likya Yolu", "ref": "", "relation_id": 51855, "role": ""}, "geometry": {"type": "LineString", "coordinates": [[29.1257355, 36.472424], [29.1256357, 36.4724466], [29.1255965, 36.4724302], [29.1255456, 36.4723975], [29.125457, 36.4723987], [29.1253945, 36.472401], [29.1253263, 36.4724407], [29.1252013, 36.4725015], [29.1251403, 36.4725447], [29.1251301, 36.4725844], [29.1249776, 36.4726475], [29.1248149, 36.4727515], [29.1246638, 36.4727749], [29.1245679, 36.4728321], [29.124427, 36.4728625], [29.1243645, 36.4729244], [29.1242933, 36.4729559], [29.12418, 36.4729992], [29.1241335, 36.4729921], [29.1240856, 36.4729559], [29.1240929, 36.4729267], [29.1241713, 36.4728449], [29.1242091, 36.4727398], [29.1243093, 36.4725517], [29.1243921, 36.4723625], [29.1244183, 36.4721382], [29.1244038, 36.4719174], [29.1243732, 36.4717468], [29.1243994, 36.471672], [29.1244038, 36.4715318], [29.1244038, 36.4714641], [29.1243642, 36.4713698], [29.124301, 36.4712819], [29.1243053, 36.4712503], [29.1243207, 36.4711528], [29.1243207, 36.4710216], [29.1242762, 36.4708959], [29.1242079, 36.4707668], [29.124143, 36.470661], [29.1240909, 36.4705099], [29.1240306, 36.470299], [29.1239862, 36.4701386], [29.1239779, 36.4700608], [29.1240225, 36.4700398], [29.1240192, 36.4699803], [29.1239793, 36.4699424], [29.1239805, 36.4699018], [29.1239095, 36.4698586], [29.1238449, 36.4698368], [29.1238415, 36.4697503], [29.1238688, 36.4696968], [29.1239406, 36.4696714], [29.1239594, 36.4696543], [29.1238569, 36.4696229]]}}, {"type": "Feature", "properties": {"category": "lycian_way", "name": "Likya Yolu", "ref": "", "relation_id": 51855, "role": ""}, "geometry": {"type": "LineString", "coordinates": [[29.1238569, 36.4696229], [29.1238538, 36.4695429], [29.1238795, 36.4695144], [29.1239099, 36.4695113], [29.1239495, 36.4695156], [29.1239936, 36.4694659], [29.1239856, 36.469438], [29.123968, 36.469417], [29.1239429, 36.4693959], [29.1239571, 36.469385], [29.124003, 36.4693847], [29.1240194, 36.4693785], [29.1239994, 36.4693617], [29.1239684, 36.4693404], [29.1238795, 36.4692599], [29.1236425, 36.46921], [29.123462, 36.4691283], [29.1233717, 36.4689877], [29.123304, 36.46872], [29.123383, 36.4685361], [29.1235564, 36.4684121]]}}, {"type": "Feature", "properties": {"category": "lycian_way", "name": "Likya Yolu", "ref": "", "relation_id": 51855, "role": ""}, "geometry": {"type": "LineString", "coordinates": [[29.1232775, 36.4674429], [29.1233906, 36.4675176], [29.1235267, 36.4676057], [29.1235976, 36.4676518], [29.123657, 36.467745], [29.1237151, 36.4679108], [29.1237895, 36.4680385], [29.1238156, 36.4681227], [29.1238102, 36.4681847], [29.1237583, 36.46826], [29.1235658, 36.4683752], [29.1235564, 36.4684121]]}}, {"type": "Feature", "properties": {"category": "lycian_way", "name": "Likya Yolu", "ref": "", "relation_id": 51855, "role": ""}, "geometry": {"type": "LineString", "coordinates": [[29.1232775, 36.4674429], [29.1235436, 36.4674953], [29.1237992, 36.4675689]]}}, {"type": "Feature", "properties": {"category": "lycian_way", "name": "Likya Yolu", "ref": "", "relation_id": 51855, "role": ""}, "geometry": {"type": "LineString", "coordinates": [[29.1237992, 36.4675689], [29.1236369, 36.4673633], [29.123541, 36.4672771], [29.1234243, 36.4672073], [29.123052, 36.4670546], [29.1228864, 36.4669811], [29.1228034, 36.4668929], [29.1227868, 36.4668513], [29.1227573, 36.466777], [29.1226392, 36.4666668], [29.1225013, 36.4664524], [29.1223196, 36.4662228]]}}, {"type": "Feature", "properties": {"category": "lycian_way", "name": "Likya Yolu", "ref": "", "relation_id": 51855, "role": ""}, "geometry": {"type": "LineString", "coordinates": [[29.1223196, 36.4662228], [29.122191, 36.4661066], [29.1220281, 36.4660553], [29.1219866, 36.4660422], [29.1218193, 36.4659627], [29.1218661, 36.4658743], [29.1219075, 36.4657219], [29.1219144, 36.4656079]]}}, {"type": "Feature", "properties": {"category": "lycian_way", "name": "Likya Yolu", "ref": "", "relation_id": 51855, "role": ""}, "geometry": {"type": "LineString", "coordinates": [[29.1219144, 36.4656079], [29.1219745, 36.4655722], [29.1220596, 36.4654567], [29.1220759, 36.4653881], [29.1220619, 36.4653347], [29.1219798, 36.4652233]]}}, {"type": "Feature", "properties": {"category": "lycian_way", "name": "Likya Yolu", "ref": "", "relation_id": 51855, "role": ""}, "geometry": {"type": "LineString", "coordinates": [[29.1219798, 36.4652233], [29.121963, 36.4651537], [29.122069, 36.4650666], [29.1221981, 36.4649566], [29.1223287, 36.4649127], [29.1224237, 36.4648657]]}}, {"type": "Feature", "properties": {"category": "lycian_way", "name": "Likya Yolu", "ref": "", "relation_id": 51855, "role": ""}, "geometry": {"type": "LineString", "coordinates": [[29.1224237, 36.4648657], [29.1225176, 36.4648679], [29.1225189, 36.4648237], [29.1225041, 36.4647698], [29.1224478, 36.464705], [29.1222788, 36.4646139], [29.1221233, 36.4645433], [29.1219744, 36.4644203], [29.1218454, 36.4643089], [29.1218011, 36.4642817], [29.1217697, 36.4642624], [29.1217286, 36.4642261], [29.1218, 36.4642439], [29.1218493, 36.4642763], [29.1219495, 36.4642717], [29.1219873, 36.4642347], [29.1219413, 36.4641455], [29.1219774, 36.4640993], [29.1220382, 36.4641257], [29.122048, 36.4641673], [29.1221071, 36.4641825], [29.1221581, 36.4641588], [29.122108, 36.4641284], [29.1220848, 36.4639777]]}}, {"type": "Feature", "properties": {"category": "lycian_way", "name": "Likya Yolu", "ref": "", "relation_id": 51855, "role": ""}, "geometry": {"type": "LineString", "coordinates": [[29.1225507, 36.4641727], [29.1223872, 36.4641249], [29.1221841, 36.4640518], [29.1220848, 36.4639777]]}}, {"type": "Feature", "properties": {"category": "lycian_way", "name": "Likya Yolu", "ref": "", "relation_id": 51855, "role": ""}, "geometry": {"type": "LineString", "coordinates": [[29.1225507, 36.4641727], [29.122725, 36.4640513], [29.1226955, 36.4639262], [29.1226901, 36.4637989], [29.1227062, 36.4636868], [29.1227572, 36.4635983], [29.1227599, 36.4634797], [29.1227921, 36.4634107], [29.1229074, 36.4633783], [29.1230066, 36.4634258], [29.1230496, 36.463553], [29.1231435, 36.4636161]]}}, {"type": "Feature", "properties": {"category": "lycian_way", "name": "Likya Yolu", "ref": "", "relation_id": 51855, "role": ""}, "geometry": {"type": "LineString", "coordinates": [[29.1243412, 36.4632033], [29.124313, 36.4632282], [29.1242953, 36.4632832], [29.1242695, 36.4633306], [29.1242774, 36.4634191], [29.1242578, 36.4634558], [29.1240661, 36.4634377], [29.1238134, 36.4634777], [29.1235922, 36.463572], [29.1234613, 36.4635711], [29.123292, 36.4633474], [29.1232103, 36.4632966], [29.1231933, 36.4633205], [29.1231808, 36.463372], [29.1232046, 36.4634615], [29.1232106, 36.4635544], [29.1231435, 36.4636161]]}}, {"type": "Feature", "properties": {"category": "lycian_way", "name": "Likya Yolu", "ref": "", "relation_id": 51855, "role": ""}, "geometry": {"type": "LineString", "coordinates": [[29.1243412, 36.4632033], [29.1243318, 36.4629122], [29.1243361, 36.462881], [29.1243866, 36.4625121], [29.1243956, 36.4623451], [29.1244363, 36.4622072], [29.1245762, 36.4620942], [29.1247514, 36.462039], [29.1248225, 36.4619997], [29.1248916, 36.4618419]]}}, {"type": "Feature", "properties": {"category": "lycian_way", "name": "Likya Yolu", "ref": "", "relation_id": 51855, "role": ""}, "geometry": {"type": "LineString", "coordinates": [[29.1249792, 36.4617983], [29.1248916, 36.4618419]]}}, {"type": "Feature", "properties": {"category": "lycian_way", "name": "Likya Yolu", "ref": "", "relation_id": 51855, "role": ""}, "geometry": {"type": "LineString", "coordinates": [[29.1249792, 36.4617983], [29.1250528, 36.461676], [29.1250954, 36.4616063], [29.125122, 36.4615593], [29.1252236, 36.4614535], [29.1252502, 36.4613836], [29.1253018, 36.4612963], [29.125392, 36.4611628], [29.1255315, 36.4610401], [29.1257673, 36.460882], [29.1258411, 36.4607801], [29.1258421, 36.4606963]]}}, {"type": "Feature", "properties": {"category": "lycian_way", "name": "Likya Yolu", "ref": "", "relation_id": 51855, "role": ""}, "geometry": {"type": "LineString", "coordinates": [[29.1258421, 36.4606963], [29.1259838, 36.4606468]]}}, {"type": "Feature", "properties": {"category": "lycian_way", "name": "Likya Yolu", "ref": "", "relation_id": 51855, "role": ""}, "geometry": {"type": "LineString", "coordinates": [[29.1259838, 36.4606468], [29.1259308, 36.4607509], [29.126047, 36.4608317], [29.1267446, 36.4609001], [29.127024, 36.461096], [29.1271924, 36.461259]]}}, {"type": "Feature", "properties": {"category": "lycian_way", "name": "Likya Yolu", "ref": "", "relation_id": 51855, "role": ""}, "geometry": {"type": "LineString", "coordinates": [[29.1271924, 36.461259], [29.1273623, 36.4614748], [29.1276507, 36.4614864], [29.1276661, 36.461487], [29.1279688, 36.4615008], [29.1280201, 36.4615283], [29.1283091, 36.4616737], [29.1284609, 36.4617735], [29.1285768, 36.461822], [29.1287098, 36.461834], [29.1288397, 36.4619149], [29.1289492, 36.4620006], [29.1291977, 36.4622215], [29.1293557, 36.4624205], [29.1294646, 36.4624264], [29.1295362, 36.4624573], [29.1297086, 36.4625315], [29.1297595, 36.4625534], [29.1298327, 36.4625743], [29.1298891, 36.4625551], [29.1299928, 36.4624935], [29.1302346, 36.4624343], [29.1303689, 36.4624232], [29.1304971, 36.4624633], [29.1306684, 36.4625437], [29.1307086, 36.4626648], [29.1308101, 36.4627628], [29.1310807, 36.4629083], [29.131297, 36.4630021], [29.1314894, 36.4631332], [29.131562, 36.4631826], [29.1316717, 36.4632847], [29.1317719, 36.4633332], [29.1319379, 36.4633579], [29.1320996, 36.4633293], [29.1322481, 36.4633358], [29.1324776, 36.4635136], [29.132927, 36.4636653], [29.133198, 36.4637069], [29.1336228, 36.4638893], [29.1338924, 36.4640178], [29.1341687, 36.4640955], [29.1345442, 36.4641787], [29.1350725, 36.4643297], [29.1353773, 36.4643634], [29.1355569, 36.4644318], [29.135884, 36.4645035], [29.1361581, 36.4644868], [29.136298, 36.464563], [29.1364957, 36.4644882], [29.136753, 36.4643775], [29.1369858, 36.4643856], [29.1371044, 36.4643468], [29.1373362, 36.4642833], [29.1374738, 36.4640211], [29.1371376, 36.4640314], [29.137164, 36.4639162], [29.1372293, 36.4639125], [29.1373228, 36.4638185], [29.1375043, 36.4638081], [29.1376393, 36.4639084], [29.1378558, 36.4640354], [29.1380188, 36.463976], [29.1380816, 36.4639687], [29.1382054, 36.4640091], [29.1382949, 36.4641021], [29.1382965, 36.4642423], [29.1381844, 36.4643448], [29.1378609, 36.4644943], [29.1377716, 36.4646403], [29.1378868, 36.4647155], [29.1380087, 36.4647114], [29.1382353, 36.464734], [29.1382611, 36.4647924], [29.1382608, 36.4648937], [29.13835, 36.4648958], [29.1384238, 36.4648487], [29.1386301, 36.4650351], [29.1387499, 36.4650617], [29.1388212, 36.4649514], [29.1388288, 36.464863], [29.1389944, 36.464906], [29.1391144, 36.4650365], [29.1392313, 36.4651559], [29.1393655, 36.4651917], [29.1393628, 36.4649732], [29.1394651, 36.4649542], [29.1395326, 36.4649779], [29.1397284, 36.464995], [29.1397254, 36.465074], [29.139803, 36.4652567], [29.1399158, 36.4654256], [29.1399139, 36.4655636], [29.1399314, 36.4657665], [29.1398679, 36.4659075], [29.1398023, 36.4660738], [29.1397961, 36.4661965], [29.1398909, 36.4662981], [29.1400922, 36.466342], [29.140324, 36.466471], [29.1405481, 36.4666738], [29.1409646, 36.4668939], [29.141037, 36.4669769], [29.1413606, 36.4671429], [29.1414268, 36.4673579], [29.141848, 36.4676338], [29.1420534, 36.4680523], [29.1420891, 36.4683678], [29.1421808, 36.4687488], [29.1423771, 36.4688415], [29.1424043, 36.4687992], [29.1424465, 36.4687335], [29.1425297, 36.4687201], [29.1426414, 36.4687813], [29.1427666, 36.4688143], [29.1430697, 36.4688307], [29.1433371, 36.4687651], [29.1434647, 36.4687317], [29.1435953, 36.4689463], [29.1436264, 36.4690305], [29.1437512, 36.4690098], [29.1438688, 36.4689463], [29.1439828, 36.4689534], [29.1441163, 36.4690835], [29.1442194, 36.469329], [29.1442375, 36.4695468], [29.1444135, 36.4696884], [29.1445715, 36.4697936], [29.1446458, 36.469821], [29.1446206, 36.469582], [29.1447384, 36.4695017], [29.1447737, 36.4693821], [29.1448511, 36.4693228], [29.1449646, 36.4695081], [29.1450595, 36.4695378], [29.1453975, 36.4692136], [29.1455535, 36.4690085], [29.1459188, 36.4689091], [29.1460169, 36.4687657], [29.1462955, 36.4686999], [29.1463761, 36.4686925], [29.1464398, 36.4685971], [29.1465528, 36.4685136], [29.1465424, 36.468345], [29.1463207, 36.4681367], [29.1462329, 36.467915], [29.1461705, 36.4678645], [29.1460282, 36.4679181], [29.145986, 36.4678137], [29.1458697, 36.4678327], [29.1457487, 36.4677823]]}}, {"type": "Feature", "properties": {"category": "lycian_way", "name": "Likya Yolu", "ref": "", "relation_id": 51855, "role": ""}, "geometry": {"type": "LineString", "coordinates": [[29.1457487, 36.4677823], [29.1457008, 36.4677154], [29.1455996, 36.4675198], [29.145293, 36.467335], [29.1451357, 36.467284], [29.1448787, 36.4672625], [29.1446589, 36.4671569], [29.1443785, 36.4671621], [29.1442057, 36.4672286], [29.1437535, 36.4672273], [29.1436577, 36.4671598], [29.1436026, 36.4669625], [29.1435508, 36.4668334], [29.1436905, 36.4667739], [29.1438273, 36.4665986], [29.1437401, 36.4662727], [29.143555, 36.4661198], [29.1434933, 36.4660139], [29.1435071, 36.4659066], [29.1436087, 36.4657969], [29.1437793, 36.4657328], [29.1441228, 36.4656122], [29.1443415, 36.4654023], [29.144553, 36.4651698], [29.144865, 36.4649845], [29.1448949, 36.4647709], [29.1450092, 36.4646026], [29.1449314, 36.4643192], [29.144796, 36.464043], [29.1446095, 36.4638199], [29.1444167, 36.4637231], [29.1441863, 36.4636837], [29.1438907, 36.4634403], [29.14382, 36.4633517], [29.1438165, 36.4632774], [29.1438841, 36.4632543], [29.1441158, 36.4632697], [29.1443576, 36.4631875], [29.1446165, 36.4630145], [29.1447595, 36.4629035], [29.1448141, 36.4627444], [29.1448241, 36.4621955], [29.14483, 36.4620064], [29.1448078, 36.4617239], [29.1447861, 36.4615689], [29.1448218, 36.4613857], [29.1447191, 36.4612302], [29.1444997, 36.4610232], [29.1443956, 36.460569], [29.1444504, 36.4603617], [29.14432, 36.4602197], [29.14409, 36.4600762], [29.1440811, 36.4599375], [29.1441607, 36.4598343], [29.1441396, 36.4597258], [29.1441775, 36.4595564], [29.1441048, 36.4593983], [29.1440157, 36.4592086], [29.1439216, 36.4590689], [29.1438243, 36.4589929], [29.1437114, 36.458824], [29.1437146, 36.458713], [29.1439914, 36.4585596], [29.1441745, 36.458391], [29.144276, 36.4581808], [29.1442871, 36.4580653], [29.1443341, 36.4580546], [29.1443727, 36.458181], [29.144403, 36.4581916], [29.1444382, 36.4581304], [29.1444468, 36.4580745], [29.144563, 36.4580478], [29.1446589, 36.4579715], [29.1448283, 36.4577367], [29.1448722, 36.4576652], [29.1448938, 36.4575377], [29.1448823, 36.4574742], [29.144925, 36.4574049], [29.1449653, 36.4572929], [29.1450741, 36.4570254], [29.1450238, 36.4569116], [29.1450234, 36.4568758], [29.144998, 36.4568282], [29.1448635, 36.4568363], [29.1447748, 36.4568], [29.1444612, 36.4567547], [29.1441047, 36.4566804], [29.1440124, 36.4565355], [29.1439945, 36.4564443], [29.1439825, 36.4563584], [29.1439687, 36.4562671], [29.1439881, 36.4561784], [29.1438192, 36.4559705], [29.1437025, 36.4557761], [29.1435389, 36.4556238], [29.1432302, 36.4554421], [29.1429226, 36.455259], [29.1425183, 36.4550569], [29.1424299, 36.4549505], [29.1423052, 36.4549017], [29.1420901, 36.4546951], [29.1419489, 36.45424], [29.1419582, 36.4539458], [29.1419987, 36.4536643], [29.1420954, 36.4535687], [29.1422451, 36.4532606], [29.1424439, 36.4530283], [29.1426425, 36.4528742], [29.142781, 36.4527878], [29.1427959, 36.4526869], [29.1427827, 36.4525713], [29.1427463, 36.4524618], [29.1425671, 36.4520439], [29.1424785, 36.4519707], [29.1423437, 36.4518894], [29.1422551, 36.4518518], [29.1421554, 36.451621], [29.1422314, 36.4514915]]}}, {"type": "Feature", "properties": {"category": "lycian_way", "name": "Likya Yolu", "ref": "", "relation_id": 51855, "role": ""}, "geometry": {"type": "LineString", "coordinates": [[29.1422314, 36.4514915], [29.1422771, 36.451317], [29.1422306, 36.4511656], [29.1422766, 36.4509467], [29.1422246, 36.4508275], [29.1421736, 36.4507086], [29.1421977, 36.4504474], [29.1422231, 36.450373], [29.142259, 36.4501146], [29.1422441, 36.4500228], [29.142173, 36.4496345], [29.1421002, 36.4492238], [29.1421289, 36.4490647], [29.1421065, 36.4489003], [29.1422034, 36.4484431], [29.1423676, 36.4482224], [29.1425116, 36.4481908], [29.1426735, 36.4481231], [29.1429404, 36.4481231], [29.1430977, 36.448137], [29.1431503, 36.448126]]}}, {"type": "Feature", "properties": {"category": "lycian_way", "name": "Likya Yolu", "ref": "", "relation_id": 51855, "role": ""}, "geometry": {"type": "LineString", "coordinates": [[29.1431503, 36.448126], [29.1429858, 36.4480251], [29.1427905, 36.4479509], [29.1426857, 36.4478344], [29.142581, 36.4477656], [29.1424635, 36.4477595], [29.1422974, 36.447794], [29.1417855, 36.4478686], [29.1413221, 36.4478853], [29.1409548, 36.4478389], [29.1408683, 36.4478089], [29.140846, 36.4477761], [29.1408528, 36.4477337], [29.1409117, 36.4476892], [29.1411448, 36.4476354], [29.1413249, 36.4475637], [29.1418438, 36.4473068], [29.1422258, 36.4470778], [29.1425354, 36.4468262], [29.1429381, 36.4464857], [29.1430578, 36.4463753], [29.1431101, 36.4463528], [29.1431691, 36.4463411], [29.1433114, 36.4463342], [29.1434881, 36.4463326], [29.1436171, 36.4463095]]}}, {"type": "Feature", "properties": {"category": "lycian_way", "name": "Likya Yolu", "ref": "", "relation_id": 51855, "role": ""}, "geometry": {"type": "LineString", "coordinates": [[29.1436171, 36.4463095], [29.1436262, 36.4462873], [29.1435677, 36.4462669], [29.1434224, 36.4462329], [29.1433347, 36.4462141], [29.1431416, 36.446162], [29.1430315, 36.4461204], [29.1429586, 36.4460746], [29.1429181, 36.4460328], [29.1429206, 36.4459714], [29.1429142, 36.4459167], [29.1429025, 36.445848], [29.1428559, 36.4457465], [29.1427922, 36.4456683], [29.1426704, 36.4455267], [29.1425793, 36.4454108], [29.1424669, 36.4453311], [29.1423021, 36.4452916], [29.1421318, 36.4452878], [29.1419441, 36.4453019]]}}, {"type": "Feature", "properties": {"category": "lycian_way", "name": "Likya Yolu", "ref": "", "relation_id": 51855, "role": ""}, "geometry": {"type": "LineString", "coordinates": [[29.1419441, 36.4453019], [29.1419069, 36.4453393], [29.1418303, 36.4453873], [29.1417899, 36.4454417], [29.1417565, 36.4454942], [29.1417251, 36.44556], [29.1417, 36.445603], [29.1416651, 36.4456542], [29.1416223, 36.4457155], [29.141564, 36.4457188], [29.1415326, 36.4456454], [29.1415811, 36.4455375], [29.1416185, 36.4454551], [29.1416692, 36.4453934], [29.1416991, 36.4453279], [29.141665, 36.4453364], [29.1415365, 36.4454643], [29.1414544, 36.4455455], [29.1412656, 36.4456506], [29.1412549, 36.4456061], [29.1411632, 36.445683], [29.1411629, 36.4456223], [29.141012, 36.4457671], [29.1409668, 36.4456972], [29.1410102, 36.4456048], [29.1409576, 36.4455421], [29.1408497, 36.4456053], [29.1408068, 36.4456127], [29.1407484, 36.4455947], [29.1407577, 36.4455306], [29.1406993, 36.4455403], [29.1406462, 36.4455286], [29.1406866, 36.4454887], [29.1406946, 36.4454381], [29.1407243, 36.4453764], [29.1406748, 36.4453584], [29.1406228, 36.4453213], [29.140651, 36.445252], [29.1406, 36.4452196], [29.1405652, 36.4451616], [29.1404769, 36.4452593], [29.14043, 36.4451959], [29.1403611, 36.4451442], [29.1403806, 36.4450769], [29.1403133, 36.4449754], [29.1402383, 36.4448825], [29.1403061, 36.4448586], [29.1401938, 36.4446644], [29.1402491, 36.4445882], [29.1403083, 36.4444819], [29.1404341, 36.4442936], [29.14036, 36.4442498]]}}, {"type": "Feature", "properties": {"category": "lycian_way", "name": "Likya Yolu", "ref": "", "relation_id": 51855, "role": ""}, "geometry": {"type": "LineString", "coordinates": [[29.14036, 36.4442498], [29.14023, 36.4442266], [29.1402785, 36.4441247], [29.1403282, 36.4440661], [29.140363, 36.4440939], [29.1404961, 36.4438851], [29.1405504, 36.4438779], [29.1406354, 36.4437747], [29.1407096, 36.4437007], [29.1407166, 36.4436149], [29.1407683, 36.4435975], [29.1408392, 36.4435764], [29.1408596, 36.4434827], [29.1409463, 36.4434595], [29.1410823, 36.443438], [29.141208, 36.4433982], [29.1413876, 36.4433943], [29.141597, 36.4433696], [29.1419035, 36.4432044], [29.1421079, 36.4431572], [29.1422252, 36.4431099], [29.1424117, 36.4430592], [29.1425247, 36.4430253], [29.1426595, 36.4429974], [29.142818, 36.443092], [29.1431356, 36.4431339], [29.1433201, 36.4430689], [29.1435233, 36.4430966], [29.1436698, 36.4430123], [29.1437298, 36.4431157], [29.1438454, 36.4432302], [29.1438855, 36.4432506], [29.1439412, 36.4432334]]}}, {"type": "Feature", "properties": {"category": "lycian_way", "name": "Likya Yolu", "ref": "", "relation_id": 51855, "role": ""}, "geometry": {"type": "LineString", "coordinates": [[29.1439412, 36.4432334], [29.1440069, 36.4431466], [29.1440368, 36.4430788], [29.144133, 36.4429634], [29.1441514, 36.4428365], [29.1441238, 36.4425824], [29.1440406, 36.4424963], [29.1439587, 36.4424023], [29.1438713, 36.4422744], [29.1438672, 36.4421972], [29.1439445, 36.4420562], [29.144054, 36.4419162], [29.1442226, 36.4417418], [29.1442832, 36.441597], [29.1442821, 36.4414862], [29.1442405, 36.4412572], [29.144135, 36.4410392], [29.1440836, 36.441028], [29.144013, 36.4410196], [29.1439487, 36.4409821], [29.1439159, 36.440874], [29.1442007, 36.4406449], [29.1443732, 36.4402837], [29.1446333, 36.4400414], [29.1447291, 36.4396691], [29.1448714, 36.4394591], [29.1449751, 36.4393629], [29.1450242, 36.4392833], [29.1450276, 36.4391846], [29.1448688, 36.4390458], [29.1445457, 36.4389599], [29.1442089, 36.4386823], [29.1441134, 36.4385068], [29.1439529, 36.4384316], [29.1436586, 36.438407], [29.1434998, 36.4383277], [29.1432485, 36.4383699], [29.1431785, 36.4382616], [29.1430069, 36.4382044], [29.1427609, 36.4381146], [29.1425033, 36.4381331], [29.1420873, 36.4378784], [29.1418789, 36.4378233], [29.1417009, 36.4377065], [29.1416587, 36.4376248], [29.1416384, 36.4373152], [29.1416363, 36.437218]]}}, {"type": "Feature", "properties": {"category": "lycian_way", "name": "Likya Yolu", "ref": "", "relation_id": 51855, "role": ""}, "geometry": {"type": "LineString", "coordinates": [[29.1416363, 36.437218], [29.1415772, 36.4371196], [29.1416542, 36.4370076], [29.1415923, 36.4369019], [29.1415184, 36.4368123], [29.1414406, 36.4367452], [29.1413062, 36.4365918], [29.1412912, 36.4365298], [29.1412615, 36.4364732], [29.1410369, 36.4365262], [29.1408839, 36.4366337], [29.1407465, 36.4368362], [29.1406414, 36.4369593], [29.1405957, 36.4369838], [29.1405567, 36.4369499], [29.1405103, 36.4367147], [29.1403412, 36.4364529], [29.1402276, 36.4364187], [29.1401286, 36.4364614], [29.140033, 36.4365579], [29.1400177, 36.4365208], [29.1400469, 36.4363955], [29.1401008, 36.4363415]]}}, {"type": "Feature", "properties": {"category": "lycian_way", "name": "Likya Yolu", "ref": "", "relation_id": 51855, "role": ""}, "geometry": {"type": "LineString", "coordinates": [[29.1401008, 36.4363415], [29.1402034, 36.4361421], [29.1402732, 36.435885], [29.1404231, 36.435531], [29.1405045, 36.4353039], [29.1406409, 36.4349852], [29.1408359, 36.4346895], [29.1411699, 36.4345543], [29.1414467, 36.4345029], [29.1417377, 36.4344846], [29.1420377, 36.4345504], [29.1421863, 36.4344809], [29.1424209, 36.4342818], [29.1432109, 36.433991], [29.1438298, 36.4335044], [29.1443406, 36.4331084], [29.1446296, 36.4329729], [29.1448015, 36.4329041], [29.1448041, 36.4327045], [29.144762, 36.4322415], [29.1447417, 36.4318553], [29.1449265, 36.4314999], [29.1450503, 36.4311947], [29.1452276, 36.430963], [29.145239, 36.430937], [29.1454051, 36.4305959], [29.1457437, 36.430081], [29.1462189, 36.4293929]]}}, {"type": "Feature", "properties": {"category": "lycian_way", "name": "Likya Yolu", "ref": "", "relation_id": 51855, "role": ""}, "geometry": {"type": "LineString", "coordinates": [[29.1462189, 36.4293929], [29.146108, 36.4294244], [29.1458314, 36.4294369], [29.1456517, 36.4294336], [29.1455076, 36.429376], [29.1451317, 36.4291654], [29.1449532, 36.429045], [29.144897, 36.4289302], [29.1449174, 36.4287996], [29.1449514, 36.428546], [29.1450213, 36.4283311], [29.1449931, 36.42807], [29.1446793, 36.4272974], [29.1442318, 36.4266173], [29.1439068, 36.4260521], [29.1436279, 36.425655], [29.1435223, 36.4251122], [29.1434503, 36.4249777], [29.1434199, 36.4247084], [29.14339, 36.424612], [29.1433843, 36.4244563], [29.1434297, 36.4240482], [29.1434321, 36.4236479], [29.1435917, 36.4231958], [29.1437177, 36.4229799], [29.1437375, 36.4227802], [29.1438531, 36.422513], [29.1440054, 36.4224126], [29.1442066, 36.422231], [29.1442947, 36.4221971], [29.1443037, 36.4221476], [29.1443998, 36.4220709], [29.1445264, 36.4220392], [29.1445644, 36.4219642], [29.1449714, 36.4217004], [29.1451944, 36.4215558], [29.1454199, 36.4211759], [29.1454973, 36.420979], [29.1458233, 36.4207114], [29.1458935, 36.4207004], [29.1459508, 36.4207785], [29.1460382, 36.4208977], [29.1461577, 36.4209459], [29.1462146, 36.420847], [29.1461702, 36.4207013], [29.1462243, 36.4204811]]}}, {"type": "Feature", "properties": {"category": "lycian_way", "name": "Likya Yolu", "ref": "", "relation_id": 51855, "role": ""}, "geometry": {"type": "LineString", "coordinates": [[29.1457813, 36.4175009], [29.1456529, 36.4177125], [29.1456328, 36.4179424], [29.1457374, 36.4182165], [29.1457763, 36.4187183], [29.1458461, 36.4190227], [29.1459882, 36.419327], [29.1461046, 36.419863], [29.1462108, 36.4202292], [29.1462243, 36.4204811]]}}, {"type": "Feature", "properties": {"category": "lycian_way", "name": "Likya Yolu", "ref": "", "relation_id": 51855, "role": ""}, "geometry": {"type": "LineString", "coordinates": [[29.145592, 36.4171272], [29.1456727, 36.4172885], [29.1457813, 36.4175009]]}}, {"type": "Feature", "properties": {"category": "lycian_way", "name": "Likya Yolu", "ref": "", "relation_id": 51855, "role": ""}, "geometry": {"type": "LineString", "coordinates": [[29.1461714, 36.4114958], [29.1463932, 36.4117271], [29.1466118, 36.4119278], [29.1467004, 36.412108], [29.1465676, 36.4122343], [29.1464952, 36.4123541], [29.1465045, 36.4124847], [29.1465908, 36.4127264], [29.14661, 36.4128894], [29.1466438, 36.413346], [29.1465475, 36.4135262], [29.1465537, 36.4137403], [29.1466346, 36.4138985], [29.1468036, 36.4141317], [29.1469029, 36.4143777], [29.1469426, 36.4144945], [29.1468833, 36.4146439], [29.1467793, 36.4153875], [29.1468553, 36.415634], [29.1468599, 36.4158433], [29.1468197, 36.4159631], [29.1467594, 36.4160203], [29.146296, 36.4161979], [29.1460613, 36.4162545], [29.1460533, 36.4163403], [29.1460787, 36.4164322], [29.1461443, 36.4165314], [29.1461383, 36.4165481], [29.1460897, 36.4166144], [29.1458609, 36.4169695], [29.1457584, 36.416994], [29.1456605, 36.4169835], [29.145592, 36.4171272]]}}, {"type": "Feature", "properties": {"category": "lycian_way", "name": "Likya Yolu", "ref": "", "relation_id": 51855, "role": ""}, "geometry": {"type": "LineString", "coordinates": [[29.1451326, 36.4105992], [29.1452332, 36.4107363], [29.1453673, 36.4108787], [29.1455591, 36.4110514], [29.1458206, 36.4112662], [29.1460653, 36.4114173], [29.1461714, 36.4114958]]}}, {"type": "Feature", "properties": {"category": "lycian_way", "name": "Likya Yolu", "ref": "", "relation_id": 51855, "role": ""}, "geometry": {"type": "LineString", "coordinates": [[29.1451326, 36.4105992], [29.1454497, 36.4102624], [29.1457643, 36.4100196], [29.1459453, 36.409916], [29.1460124, 36.4098415], [29.1460606, 36.4097196], [29.1461067, 36.4095559], [29.1461411, 36.4094541], [29.1461984, 36.4092495], [29.1463522, 36.4090559], [29.1464896, 36.4088776], [29.14662, 36.4088337], [29.1467071, 36.4087158], [29.1466212, 36.4086338], [29.1464254, 36.4085453], [29.1463155, 36.408297], [29.1462564, 36.408079], [29.1460808, 36.4078728], [29.1458796, 36.4077865], [29.1458541, 36.407548], [29.1455555, 36.4072473], [29.1450012, 36.4070515], [29.1448268, 36.4070148], [29.1445479, 36.4069543], [29.1442797, 36.4069414], [29.1441134, 36.4068874], [29.1439953, 36.4066823], [29.1438639, 36.4063844], [29.1437244, 36.4062873], [29.1436267, 36.4059625], [29.143332, 36.4056526]]}}, {"type": "Feature", "properties": {"category": "lycian_way", "name": "Likya Yolu", "ref": "", "relation_id": 51855, "role": ""}, "geometry": {"type": "LineString", "coordinates": [[29.143332, 36.4056526], [29.1432471, 36.4056267], [29.1428983, 36.4051496], [29.142791, 36.4051216], [29.1425107, 36.4049197], [29.1423377, 36.4047729], [29.1422452, 36.4045862], [29.1420816, 36.4043606], [29.1420561, 36.4041825], [29.1419287, 36.4040476], [29.1417425, 36.4038261], [29.1413781, 36.403626], [29.1412404, 36.4035714]]}}, {"type": "Feature", "properties": {"category": "lycian_way", "name": "Likya Yolu", "ref": "", "relation_id": 51855, "role": ""}, "geometry": {"type": "LineString", "coordinates": [[29.14069, 36.4036454], [29.1409463, 36.4036634], [29.1411031, 36.4036503], [29.1411652, 36.4036292], [29.1412404, 36.4035714]]}}, {"type": "Feature", "properties": {"category": "lycian_way", "name": "Likya Yolu", "ref": "", "relation_id": 51855, "role": ""}, "geometry": {"type": "LineString", "coordinates": [[29.14069, 36.4036454], [29.1405514, 36.4035524], [29.1403526, 36.4034669], [29.1402186, 36.4033553], [29.1400846, 36.4032028], [29.1400199, 36.4030912], [29.1399321, 36.4030206], [29.1397676, 36.4029712], [29.1396833, 36.4028731], [29.139666, 36.4028634], [29.1396081, 36.402831], [29.1395559, 36.4027863], [29.1395051, 36.4027783], [29.139438, 36.4027802], [29.1393382, 36.4028266], [29.1391364, 36.4029119]]}}, {"type": "Feature", "properties": {"category": "lycian_way", "name": "Likya Yolu", "ref": "", "relation_id": 51855, "role": ""}, "geometry": {"type": "LineString", "coordinates": [[29.1369601, 36.400862], [29.1368998, 36.400946], [29.1368854, 36.4009775], [29.1368546, 36.40118], [29.1367855, 36.4014552], [29.1367935, 36.4015123], [29.1368282, 36.4015505], [29.1369178, 36.4016094], [29.137307, 36.4017552], [29.1375361, 36.401841], [29.1381182, 36.4021081], [29.1386385, 36.4023066], [29.1387797, 36.4024319], [29.1389157, 36.4026006], [29.1390471, 36.402821], [29.1391364, 36.4029119]]}}, {"type": "Feature", "properties": {"category": "lycian_way", "name": "Likya Yolu", "ref": "", "relation_id": 51855, "role": ""}, "geometry": {"type": "LineString", "coordinates": [[29.1369601, 36.400862], [29.1371404, 36.4008279], [29.1374812, 36.4008005], [29.1377539, 36.4007228], [29.1378216, 36.400704]]}}, {"type": "Feature", "properties": {"category": "lycian_way", "name": "Likya Yolu", "ref": "", "relation_id": 51855, "role": ""}, "geometry": {"type": "LineString", "coordinates": [[29.1408411, 36.3905313], [29.1408598, 36.3906102], [29.1408491, 36.3907214], [29.1407821, 36.3908682], [29.1407738, 36.3910302], [29.1407968, 36.3911564], [29.1407485, 36.391313], [29.140806, 36.3914619], [29.1410315, 36.3916174], [29.1411012, 36.3917448], [29.1412112, 36.3919218], [29.1414258, 36.3919844], [29.1416082, 36.3920946], [29.1417691, 36.3921226], [29.1419166, 36.3922371], [29.1422573, 36.3924055], [29.1425263, 36.3924441], [29.1427272, 36.3925528], [29.1428232, 36.3926279], [29.142901, 36.3928351], [29.1431156, 36.3930079], [29.1430018, 36.3931904], [29.1429439, 36.3932993], [29.1427964, 36.393393], [29.1425872, 36.39358], [29.1423914, 36.3937139], [29.1423136, 36.3937959], [29.1422417, 36.39386], [29.1421956, 36.3940054], [29.1420897, 36.394082], [29.1420406, 36.3941974], [29.1419578, 36.3943445], [29.1418501, 36.3944834], [29.1418729, 36.3945326], [29.1417231, 36.3947869], [29.1417218, 36.3948631], [29.141639, 36.395077], [29.1416133, 36.3952701], [29.1416617, 36.3954613], [29.1415642, 36.3956931], [29.1414883, 36.3958958], [29.1414369, 36.3960657], [29.1412661, 36.3962037], [29.1411308, 36.3964053], [29.1410181, 36.3966329], [29.1410449, 36.3967538], [29.1410476, 36.3969114], [29.1410208, 36.3970647], [29.1408533, 36.3972424], [29.1407452, 36.397431], [29.1405852, 36.3975509], [29.1403795, 36.3976149], [29.1402642, 36.3977179], [29.1401146, 36.3978399], [29.1399828, 36.3979625], [29.1398743, 36.3980405], [29.1396931, 36.398183], [29.1394946, 36.3983752], [29.1393632, 36.3984831], [29.1393524, 36.3986062], [29.1387382, 36.3987573], [29.1385987, 36.3989171], [29.138419, 36.3989689], [29.1382983, 36.3990725], [29.1380569, 36.3993078], [29.1380623, 36.3994589], [29.1378719, 36.3995928], [29.1378209, 36.3997288], [29.1378316, 36.3999792], [29.1378933, 36.4001412], [29.1379175, 36.400411], [29.1378102, 36.4005017], [29.1378216, 36.400704]]}}, {"type": "Feature", "properties": {"category": "lycian_way", "name": "Likya Yolu", "ref": "", "relation_id": 51855, "role": ""}, "geometry": {"type": "LineString", "coordinates": [[29.1406784, 36.390086], [29.140677, 36.3901495], [29.1406607, 36.3902732], [29.1406607, 36.3904047], [29.1407257, 36.3905162], [29.1408411, 36.3905313]]}}, {"type": "Feature", "properties": {"category": "lycian_way", "name": "Likya Yolu", "ref": "", "relation_id": 51855, "role": ""}, "geometry": {"type": "LineString", "coordinates": [[29.1691451, 36.3828141], [29.1686784, 36.3828757], [29.1685156, 36.3828611], [29.1675511, 36.382916], [29.167363, 36.38297], [29.1672944, 36.3830527], [29.167226, 36.3830862], [29.1671455, 36.3830268], [29.1670583, 36.3827763], [29.1669336, 36.3826144], [29.1667794, 36.3824697], [29.1664573, 36.3820663], [29.1663622, 36.3820572], [29.1657242, 36.3816449], [29.1644168, 36.3815052], [29.1640276, 36.3813906], [29.1635103, 36.3813729], [29.1630787, 36.3814423], [29.1629214, 36.3813956], [29.162471, 36.3814949], [29.1620413, 36.3816642], [29.1615801, 36.3817597], [29.1611421, 36.381897], [29.1605789, 36.3822056], [29.1604809, 36.3823666], [29.1603729, 36.382325], [29.1600926, 36.3820465], [29.1596366, 36.3818478], [29.1594368, 36.3818942], [29.1590694, 36.3820735], [29.1588601, 36.3821922], [29.1581682, 36.3827824], [29.1578904, 36.3828995], [29.1575645, 36.3831258], [29.1572498, 36.3834445], [29.1570414, 36.3837397], [29.157043, 36.383876], [29.157166, 36.384181], [29.1575164, 36.3846906], [29.1573286, 36.3857098], [29.1574107, 36.3860701], [29.1572776, 36.3864504], [29.1572978, 36.3868445], [29.157353, 36.387101], [29.1573541, 36.3872731], [29.1574895, 36.3874415], [29.1575418, 36.3875452], [29.1575418, 36.387679], [29.1574171, 36.3878475], [29.157302, 36.387888], [29.1570443, 36.387963], [29.1568324, 36.3879695], [29.1566379, 36.3880299], [29.1564462, 36.3881314], [29.1563965, 36.3882707], [29.1564059, 36.3884952], [29.1562631, 36.3887095], [29.1562624, 36.3891246], [29.1562122, 36.3892639], [29.1561404, 36.3893276], [29.1559808, 36.3893319], [29.1555919, 36.3891462], [29.155506, 36.3891052], [29.155, 36.3886118], [29.154582, 36.3884607], [29.1542789, 36.3884564], [29.1540402, 36.3882512], [29.1538444, 36.3881692], [29.1535896, 36.3879144], [29.1533241, 36.3877633], [29.1529371, 36.387686], [29.1525972, 36.3875862], [29.1523209, 36.3874826], [29.1520232, 36.3875182], [29.1516396, 36.3874275], [29.1515002, 36.3873314], [29.1512601, 36.3872483], [29.1510268, 36.3871382], [29.1508403, 36.3871662], [29.1506928, 36.3871198], [29.150556, 36.3871479], [29.1504326, 36.3872666], [29.1502422, 36.3872764], [29.1501014, 36.3872094], [29.1499257, 36.3870108], [29.1496843, 36.3869212], [29.1495417, 36.3867697], [29.1491595, 36.3862023], [29.1490285, 36.3858912], [29.1488401, 36.385898], [29.1485239, 36.3859212], [29.1481142, 36.3860138], [29.1479273, 36.3861295], [29.1477853, 36.3863014], [29.1476405, 36.3863597], [29.147442, 36.3863597], [29.1473163, 36.3864709], [29.1468143, 36.3868391], [29.1466534, 36.3868369], [29.1463745, 36.3867527], [29.1461384, 36.3867765], [29.1458299, 36.3867266], [29.145171, 36.3864724], [29.1449663, 36.3865182], [29.144367, 36.3864081], [29.1439269, 36.3863786], [29.1434706, 36.3864157], [29.1433358, 36.3864016], [29.1431463, 36.3863255], [29.1430264, 36.386348], [29.142756, 36.3862948], [29.1425721, 36.386328], [29.1423975, 36.3863093], [29.1422647, 36.3863378], [29.1420117, 36.3863341], [29.1415885, 36.3866155], [29.1414674, 36.3867635], [29.1414499, 36.3870291], [29.1413507, 36.3873346], [29.1412251, 36.3876302], [29.1411469, 36.3878857], [29.1412481, 36.3881746], [29.1414735, 36.3883598], [29.1413217, 36.3885523], [29.1411683, 36.3888148], [29.1410114, 36.3893103], [29.1409752, 36.3895964], [29.1409752, 36.3897713], [29.1409014, 36.3899041], [29.1407995, 36.390038], [29.1406784, 36.390086]]}}, {"type": "Feature", "properties": {"category": "lycian_way", "name": "Likya Yolu", "ref": "", "relation_id": 51855, "role": ""}, "geometry": {"type": "LineString", "coordinates": [[29.1691974, 36.3828577], [29.1691451, 36.3828141]]}}, {"type": "Feature", "properties": {"category": "lycian_way", "name": "Likya Yolu", "ref": "", "relation_id": 51855, "role": ""}, "geometry": {"type": "LineString", "coordinates": [[29.1696023, 36.3829011], [29.169358, 36.3829286], [29.1691974, 36.3828577]]}}, {"type": "Feature", "properties": {"category": "lycian_way", "name": "Likya Yolu", "ref": "", "relation_id": 51855, "role": ""}, "geometry": {"type": "LineString", "coordinates": [[29.1710802, 36.3828007], [29.1708736, 36.3828508], [29.1707713, 36.3828096], [29.1705142, 36.3828062], [29.1703531, 36.3828427], [29.1701712, 36.3828438], [29.1699688, 36.3828451], [29.1696761, 36.3828611], [29.1696023, 36.3829011]]}}, {"type": "Feature", "properties": {"category": "lycian_way", "name": "Likya Yolu", "ref": "", "relation_id": 51855, "role": ""}, "geometry": {"type": "LineString", "coordinates": [[29.1710802, 36.3828007], [29.1711773, 36.3829531], [29.1714865, 36.3831873], [29.1716129, 36.3832761], [29.1719184, 36.3834487], [29.1722205, 36.3835489], [29.172696, 36.3837067], [29.1737271, 36.3839179], [29.1740513, 36.3840796], [29.1741123, 36.3841786], [29.1741478, 36.3842806]]}}, {"type": "Feature", "properties": {"category": "lycian_way", "name": "Likya Yolu", "ref": "", "relation_id": 51855, "role": ""}, "geometry": {"type": "LineString", "coordinates": [[29.1741478, 36.3842806], [29.1744769, 36.3843252], [29.1748334, 36.384428], [29.1748027, 36.3847669], [29.1749073, 36.3849773], [29.1757177, 36.3851457], [29.1760317, 36.3852111], [29.1764312, 36.3854165], [29.1767417, 36.3857597], [29.1766529, 36.3862742], [29.1766924, 36.3864521], [29.1767245, 36.3867819], [29.1767396, 36.3874974], [29.1766588, 36.3880499], [29.1765542, 36.3885761], [29.1762405, 36.3891232]]}}, {"type": "Feature", "properties": {"category": "lycian_way", "name": "Likya Yolu", "ref": "", "relation_id": 51855, "role": ""}, "geometry": {"type": "LineString", "coordinates": [[29.1725782, 36.392511], [29.1722163, 36.391856], [29.1718687, 36.3915012], [29.171913, 36.391122], [29.1722164, 36.3910282], [29.1731767, 36.3903984], [29.1736998, 36.3901732], [29.173931, 36.3900174], [29.1744857, 36.3899809], [29.1751723, 36.3897795], [29.1756, 36.3896071], [29.1759832, 36.389393], [29.1762405, 36.3891232]]}}, {"type": "Feature", "properties": {"category": "lycian_way", "name": "Likya Yolu", "ref": "", "relation_id": 51855, "role": ""}, "geometry": {"type": "LineString", "coordinates": [[29.174357, 36.4011683], [29.1748768, 36.4007124], [29.1749873, 36.4004593], [29.1753526, 36.4002063], [29.1754461, 36.4001037], [29.1754886, 36.3998507], [29.1754631, 36.3996455], [29.1754036, 36.399454], [29.1752264, 36.3993345], [29.1751284, 36.3991679], [29.1751502, 36.3987032], [29.1752801, 36.3980193], [29.1752896, 36.3978112], [29.1752476, 36.3976001], [29.1751741, 36.3974227], [29.1750167, 36.3972537], [29.1749642, 36.397051], [29.1749065, 36.396692], [29.1749131, 36.3964744], [29.1748761, 36.3964], [29.1749254, 36.3963405], [29.1749439, 36.3962661], [29.1749316, 36.3962115], [29.1749004, 36.3961768], [29.1748932, 36.3961248], [29.1748854, 36.3960602], [29.1749137, 36.396028], [29.1749049, 36.3958616], [29.1748607, 36.3958221], [29.1748361, 36.3957403], [29.1747837, 36.3956758], [29.1747683, 36.3956411], [29.1747535, 36.3955594], [29.1747619, 36.3954895], [29.1747525, 36.3954243], [29.1747453, 36.3953801], [29.1747155, 36.3952899], [29.1746521, 36.3952201], [29.1746527, 36.3951468], [29.1745476, 36.3950241], [29.1744128, 36.3949462], [29.1742794, 36.3948567], [29.1741425, 36.3946672], [29.1739432, 36.3944776], [29.1736714, 36.3943099], [29.1734585, 36.3941239], [29.1734314, 36.3940182], [29.1734087, 36.3938395], [29.1734495, 36.3935989], [29.1733996, 36.3933509], [29.1730327, 36.3930009], [29.1725782, 36.392511]]}}, {"type": "Feature", "properties": {"category": "lycian_way", "name": "Likya Yolu", "ref": "", "relation_id": 51855, "role": ""}, "geometry": {"type": "LineString", "coordinates": [[29.174357, 36.4011683], [29.1756075, 36.4015905], [29.176698, 36.4018177]]}}, {"type": "Feature", "properties": {"category": "lycian_way", "name": "Likya Yolu", "ref": "", "relation_id": 51855, "role": ""}, "geometry": {"type": "LineString", "coordinates": [[29.1841278, 36.406675], [29.1840358, 36.4064009], [29.1837228, 36.4060517], [29.1834387, 36.4058837], [29.1830881, 36.4056851], [29.1827505, 36.4056724], [29.1822412, 36.4053228], [29.1820666, 36.4052707], [29.1819439, 36.4050984], [29.1815688, 36.4047126], [29.1813106, 36.4046713], [29.181131, 36.4045462], [29.1809264, 36.4042261], [29.1805876, 36.4041477], [29.1802462, 36.4038347], [29.1801413, 36.4038685], [29.1796928, 36.4036609], [29.1794613, 36.4034859], [29.1783013, 36.4031004], [29.1782135, 36.4028316], [29.1780855, 36.4026414], [29.1773461, 36.4022799], [29.1770764, 36.4021713], [29.176698, 36.4018177]]}}, {"type": "Feature", "properties": {"category": "lycian_way", "name": "Likya Yolu", "ref": "", "relation_id": 51855, "role": ""}, "geometry": {"type": "LineString", "coordinates": [[29.1878746, 36.4076184], [29.1876963, 36.4075636], [29.1873172, 36.4074623], [29.1867209, 36.4074654], [29.1864711, 36.4073247], [29.1862845, 36.4071902], [29.1858885, 36.4070953], [29.1854541, 36.4071253], [29.1852857, 36.4071028], [29.1848834, 36.4069402], [29.184484, 36.4070285], [29.1842663, 36.4068355], [29.1841278, 36.406675]]}}, {"type": "Feature", "properties": {"category": "lycian_way", "name": "Likya Yolu", "ref": "", "relation_id": 51855, "role": ""}, "geometry": {"type": "LineString", "coordinates": [[29.8977064, 36.2254603], [29.8976973, 36.2255087], [29.8976527, 36.2256798]]}}, {"type": "Feature", "properties": {"category": "lycian_way", "name": "Likya Yolu", "ref": "", "relation_id": 51855, "role": ""}, "geometry": {"type": "LineString", "coordinates": [[29.8976527, 36.2256798], [29.897635, 36.2259879], [29.8977714, 36.2261664], [29.8978023, 36.2264917], [29.8978859, 36.2267914]]}}, {"type": "Feature", "properties": {"category": "lycian_way", "name": "Likya Yolu", "ref": "", "relation_id": 51855, "role": ""}, "geometry": {"type": "LineString", "coordinates": [[29.8979686, 36.2291656], [29.8975366, 36.2290777], [29.8972033, 36.2290495], [29.89677, 36.2289504], [29.8967012, 36.2287931], [29.8967034, 36.2283958], [29.8970892, 36.2277334], [29.8974988, 36.2276052], [29.8976732, 36.2274727], [29.8977772, 36.2273266], [29.8978176, 36.2271261], [29.8978859, 36.2267914]]}}, {"type": "Feature", "properties": {"category": "lycian_way", "name": "Likya Yolu", "ref": "", "relation_id": 51855, "role": ""}, "geometry": {"type": "LineString", "coordinates": [[29.8939807, 36.2303351], [29.8941634, 36.230289], [29.8954616, 36.2299688], [29.8958774, 36.2298645], [29.8961215, 36.2296642], [29.8964329, 36.2295451], [29.8967376, 36.2294747], [29.8968621, 36.2294095], [29.8970105, 36.2293832], [29.8973799, 36.2292756], [29.8977963, 36.2292253], [29.8979686, 36.2291656]]}}, {"type": "Feature", "properties": {"category": "lycian_way", "name": "Likya Yolu", "ref": "", "relation_id": 51855, "role": ""}, "geometry": {"type": "LineString", "coordinates": [[29.8869715, 36.2282124], [29.8878184, 36.2286165], [29.88952, 36.2293013], [29.889703, 36.229375], [29.8913634, 36.2300624], [29.89195, 36.230293], [29.892381, 36.230396], [29.8924196, 36.2303945], [29.8939807, 36.2303351]]}}, {"type": "Feature", "properties": {"category": "lycian_way", "name": "Likya Yolu", "ref": "", "relation_id": 51855, "role": ""}, "geometry": {"type": "LineString", "coordinates": [[29.8869715, 36.2282124], [29.8869095, 36.2282884], [29.8867637, 36.2283775], [29.886629, 36.2284739], [29.8865154, 36.2285871], [29.8864484, 36.2287247], [29.8864176, 36.2289839], [29.8864194, 36.2292288]]}}, {"type": "Feature", "properties": {"category": "lycian_way", "name": "Likya Yolu", "ref": "", "relation_id": 51855, "role": ""}, "geometry": {"type": "LineString", "coordinates": [[29.8864194, 36.2292288], [29.8863253, 36.229199], [29.8862757, 36.2291533], [29.8861721, 36.2291166], [29.8861239, 36.2291524], [29.8861902, 36.2291846], [29.8862175, 36.2292567], [29.8861381, 36.2292673], [29.8860549, 36.2292442], [29.8861036, 36.2293519], [29.8860735, 36.2293736], [29.8858696, 36.2293246], [29.8858719, 36.2293576], [29.8861517, 36.2295537], [29.8861933, 36.2296159], [29.8858138, 36.2295628], [29.886048, 36.229685], [29.8862025, 36.2298318], [29.8862899, 36.2298693], [29.8863702, 36.2299818], [29.8867731, 36.2302795], [29.886871, 36.2303847], [29.8869485, 36.2304043], [29.8870092, 36.230454], [29.8869809, 36.2304994], [29.8868049, 36.2304903], [29.8865002, 36.2304081], [29.8864111, 36.2304116], [29.8863521, 36.2303717], [29.8861479, 36.2303559], [29.8855566, 36.2301911], [29.885549, 36.2302197], [29.8856939, 36.2303809], [29.8856506, 36.2304371], [29.8855924, 36.2304239], [29.8854416, 36.2303652], [29.8853543, 36.230354], [29.8852383, 36.2303108], [29.8851077, 36.2302728], [29.8850978, 36.2302986], [29.885583, 36.230622], [29.8855425, 36.2306782], [29.8852982, 36.2306307], [29.8851193, 36.2305161], [29.8850036, 36.2305208], [29.8848543, 36.2304628], [29.8848206, 36.2304727], [29.8849854, 36.2305543], [29.8850151, 36.230606], [29.8851796, 36.2307142], [29.8852741, 36.2308073], [29.8851757, 36.2307767], [29.8852946, 36.2308579], [29.8854922, 36.2308618], [29.8855992, 36.2309353], [29.8858891, 36.2309572], [29.8860199, 36.2310592], [29.8860063, 36.231087], [29.8858425, 36.2310429], [29.8859292, 36.2311148], [29.8860022, 36.2311373], [29.8861848, 36.2312833], [29.8860942, 36.23129], [29.8861725, 36.2314187], [29.8864778, 36.2315653], [29.8864664, 36.2315897], [29.8859356, 36.231445], [29.8857181, 36.2313624], [29.8858207, 36.2314529], [29.8861855, 36.2316757], [29.8863676, 36.2317288], [29.8866297, 36.2319555], [29.8867104, 36.2319769], [29.8867703, 36.2320481], [29.8870501, 36.2322172], [29.8869004, 36.2321834], [29.8869512, 36.232234], [29.8870679, 36.2323424], [29.8871574, 36.2324599], [29.8869508, 36.2324327], [29.8868198, 36.2323407], [29.8866616, 36.2323681], [29.8866967, 36.2323986], [29.8868421, 36.2325095], [29.8869834, 36.232587], [29.8870859, 36.2326951], [29.8870192, 36.2327224], [29.8869443, 36.2326526], [29.8867789, 36.2326395], [29.8868782, 36.2327872], [29.8868605, 36.2328141], [29.8866606, 36.2327123], [29.8862641, 36.2328625], [29.8860739, 36.2328978], [29.8854856, 36.2329394], [29.8851002, 36.2330627], [29.8849803, 36.2331627], [29.8848115, 36.233341], [29.8847281, 36.233477], [29.8847759, 36.2336295]]}}, {"type": "Feature", "properties": {"category": "lycian_way", "name": "Likya Yolu", "ref": "", "relation_id": 51855, "role": ""}, "geometry": {"type": "LineString", "coordinates": [[29.8795563, 36.2358665], [29.8798862, 36.2357194], [29.8802751, 36.2354489], [29.8804119, 36.2353559], [29.8805273, 36.2353559], [29.8807338, 36.2354381], [29.8808438, 36.2354187], [29.8808384, 36.2353473], [29.8808062, 36.2352391], [29.880766, 36.2351396], [29.8807982, 36.2349795], [29.8808089, 36.2349405], [29.8808894, 36.2349449], [29.8809859, 36.2350833], [29.8810798, 36.2351807], [29.881179, 36.2352066], [29.8812515, 36.2351569], [29.8811951, 36.2350119], [29.8811951, 36.2348172], [29.8811871, 36.2345987], [29.8810637, 36.234417], [29.8807552, 36.2341833], [29.8806748, 36.2340881], [29.8807311, 36.2340297], [29.8812354, 36.233941], [29.8816618, 36.2339215], [29.8819059, 36.2338631], [29.8821741, 36.2337355], [29.8823699, 36.233703], [29.882791, 36.2336727], [29.8830646, 36.233623], [29.8833221, 36.2335408], [29.8837298, 36.2335905], [29.8839632, 36.2336338], [29.8842341, 36.2336381], [29.8847759, 36.2336295]]}}, {"type": "Feature", "properties": {"category": "lycian_way", "name": "Likya Yolu", "ref": "", "relation_id": 51855, "role": ""}, "geometry": {"type": "LineString", "coordinates": [[29.8795563, 36.2358665], [29.879322, 36.2357366], [29.8791056, 36.2356236], [29.8789794, 36.2354734], [29.878842, 36.2353904], [29.8787046, 36.2353074], [29.8783999, 36.2352145], [29.8780959, 36.235332], [29.8778087, 36.2354273], [29.8775154, 36.2353566]]}}, {"type": "Feature", "properties": {"category": "lycian_way", "name": "Likya Yolu", "ref": "", "relation_id": 51855, "role": ""}, "geometry": {"type": "LineString", "coordinates": [[29.8775154, 36.2353566], [29.8772696, 36.2357493], [29.877072, 36.2362299], [29.8770114, 36.2366044], [29.8771252, 36.2370377], [29.8771317, 36.2372641], [29.8768778, 36.2376308], [29.8768074, 36.2377894], [29.876714, 36.2383599], [29.8767339, 36.2386426], [29.8768151, 36.2389073]]}}, {"type": "Feature", "properties": {"category": "lycian_way", "name": "Likya Yolu", "ref": "", "relation_id": 51855, "role": ""}, "geometry": {"type": "LineString", "coordinates": [[29.8741402, 36.2381217], [29.8743223, 36.2381915], [29.8744574, 36.238216], [29.874554, 36.2382051], [29.8746356, 36.2382383], [29.8748997, 36.23827], [29.8751065, 36.2382441], [29.8752781, 36.2382117], [29.8754566, 36.2381951], [29.8757323, 36.2383304], [29.8759705, 36.2385161], [29.8760694, 36.2386248], [29.8762587, 36.2387257], [29.8766206, 36.2388772], [29.8768151, 36.2389073]]}}, {"type": "Feature", "properties": {"category": "lycian_way", "name": "Likya Yolu", "ref": "", "relation_id": 51855, "role": ""}, "geometry": {"type": "LineString", "coordinates": [[29.8664242, 36.237978], [29.8665766, 36.2379143], [29.8667257, 36.2377646], [29.8668068, 36.2375645], [29.8668425, 36.2373342], [29.8668425, 36.2371154], [29.8668854, 36.2369311], [29.867021, 36.2368368], [29.8672566, 36.2368332], [29.867477, 36.2368491], [29.8677002, 36.2368203], [29.8678992, 36.2366519], [29.8680169, 36.2365878], [29.8681677, 36.2365719], [29.8683286, 36.236548], [29.8684282, 36.2364913], [29.8685863, 36.2364244], [29.8687309, 36.2363646], [29.868904, 36.2363841], [29.8690207, 36.2364647], [29.8690876, 36.2365588], [29.869164, 36.2365983], [29.8691923, 36.236629], [29.8693563, 36.2367692], [29.8695596, 36.2368996], [29.8698266, 36.2370328], [29.8702507, 36.2370817], [29.8705307, 36.2371896], [29.8708375, 36.2373126], [29.8710705, 36.2373998], [29.8713944, 36.237461], [29.8717135, 36.237448], [29.8719677, 36.2374985], [29.8723285, 36.2375991], [29.8728936, 36.2377813], [29.8732257, 36.2378871], [29.8736896, 36.2379662], [29.8739344, 36.2380386], [29.8741402, 36.2381217]]}}, {"type": "Feature", "properties": {"category": "lycian_way", "name": "Likya Yolu", "ref": "", "relation_id": 51855, "role": ""}, "geometry": {"type": "LineString", "coordinates": [[29.8664242, 36.237978], [29.8664242, 36.2381532], [29.8662136, 36.23876], [29.8661278, 36.2388823], [29.8659427, 36.23909], [29.8659575, 36.239236], [29.865936, 36.2393333], [29.8658515, 36.2393615], [29.8655565, 36.2393593], [29.8654197, 36.2394253], [29.8652025, 36.2394458], [29.8650563, 36.2395356], [29.8648833, 36.2397217], [29.8646942, 36.2398547], [29.8645788, 36.2399877], [29.8645078, 36.2401056], [29.8645259, 36.2402208], [29.8646218, 36.2403577], [29.8646767, 36.2405167], [29.864721, 36.2408206], [29.8646834, 36.2409277], [29.8643361, 36.2414437], [29.864261, 36.2416968], [29.8641269, 36.2418601], [29.8640263, 36.2420797], [29.8638064, 36.2424139], [29.8637567, 36.242495], [29.8635599, 36.2433981], [29.86357, 36.2436257], [29.8634522, 36.2437004]]}}, {"type": "Feature", "properties": {"category": "lycian_way", "name": "Likya Yolu", "ref": "", "relation_id": 51855, "role": ""}, "geometry": {"type": "LineString", "coordinates": [[29.8712633, 36.2488679], [29.8710272, 36.2488179], [29.8708525, 36.2486863], [29.8707523, 36.2486292], [29.8705718, 36.248622], [29.8704334, 36.2486001], [29.8703109, 36.2485798], [29.8701614, 36.2485736], [29.8695532, 36.248437], [29.8687852, 36.2481216], [29.8686254, 36.2480254], [29.8685252, 36.247785], [29.868406, 36.2477215], [29.868239, 36.2475407], [29.8681007, 36.2474407], [29.8679385, 36.2472022], [29.8677787, 36.2470617], [29.8676094, 36.2467674], [29.8674376, 36.2465828], [29.867094, 36.2463477], [29.8668429, 36.2460012], [29.8668262, 36.2458602], [29.8667815, 36.2457761], [29.8666792, 36.2457686], [29.8665955, 36.2457341], [29.8665285, 36.2456576], [29.8664132, 36.2453261], [29.8662997, 36.2452691], [29.8661658, 36.245056], [29.8656412, 36.2447185], [29.8653248, 36.2444741], [29.8652708, 36.2443695], [29.865287, 36.2443086], [29.8652006, 36.2441408], [29.8649062, 36.2440036], [29.8643906, 36.2438011], [29.8639201, 36.2437063], [29.8636722, 36.2437089], [29.8634522, 36.2437004]]}}, {"type": "Feature", "properties": {"category": "lycian_way", "name": "Likya Yolu", "ref": "", "relation_id": 51855, "role": ""}, "geometry": {"type": "LineString", "coordinates": [[29.8712633, 36.2488679], [29.8713065, 36.2489571], [29.8713314, 36.2491896], [29.8715417, 36.2492514], [29.871963, 36.2493244], [29.8720815, 36.2492448], [29.8723387, 36.2492226], [29.872663, 36.2493076], [29.8728821, 36.2493182], [29.8730752, 36.249407], [29.873414, 36.2495342], [29.8740255, 36.2495394], [29.8741891, 36.2496723], [29.8744468, 36.2497302], [29.8746417, 36.2498322], [29.8748969, 36.249862], [29.8751947, 36.2501127], [29.8755613, 36.2503541], [29.8758274, 36.2504839], [29.8761778, 36.2504764]]}}, {"type": "Feature", "properties": {"category": "lycian_way", "name": "Likya Yolu", "ref": "", "relation_id": 51855, "role": ""}, "geometry": {"type": "LineString", "coordinates": [[29.8761778, 36.2504764], [29.876878, 36.2502421], [29.8772809, 36.250204], [29.8781992, 36.2506726], [29.8784988, 36.2508382], [29.8787099, 36.2509086], [29.8791229, 36.2509225], [29.879511, 36.2510094], [29.8796206, 36.251266], [29.8798518, 36.2514056], [29.8799832, 36.2513283], [29.880229, 36.2512925], [29.8803461, 36.2512206], [29.8804333, 36.2512061], [29.8805137, 36.2511561], [29.8808393, 36.251124], [29.8809046, 36.2510887]]}}, {"type": "Feature", "properties": {"category": "lycian_way", "name": "Likya Yolu", "ref": "", "relation_id": 51855, "role": ""}, "geometry": {"type": "LineString", "coordinates": [[29.8809046, 36.2510887], [29.8818573, 36.2511705], [29.8819911, 36.2512073], [29.8819856, 36.2513444], [29.8820511, 36.2514448], [29.8819762, 36.2515652], [29.8820294, 36.2516263], [29.8819399, 36.2516789], [29.8820525, 36.2518079], [29.8821682, 36.2520523], [29.8822928, 36.2522418], [29.8823428, 36.2524556], [29.8823274, 36.2526749], [29.8823892, 36.2527824], [29.8822827, 36.2529845], [29.8822342, 36.2531493], [29.8821078, 36.2533041], [29.8819156, 36.2534246], [29.8818247, 36.2535827], [29.8818078, 36.2537636], [29.8817367, 36.2539166], [29.8817087, 36.254184], [29.8816811, 36.2543651], [29.8815242, 36.2545213], [29.8814389, 36.2546511], [29.8814354, 36.2547547], [29.881328, 36.2549107], [29.88121, 36.2549904], [29.8812731, 36.2551101], [29.8811451, 36.2552574], [29.881154, 36.2554017], [29.8811665, 36.2557328], [29.8810528, 36.2559122], [29.8809221, 36.2560383], [29.8806488, 36.2561145]]}}, {"type": "Feature", "properties": {"category": "lycian_way", "name": "Likya Yolu", "ref": "", "relation_id": 51855, "role": ""}, "geometry": {"type": "LineString", "coordinates": [[29.8806488, 36.2561145], [29.8804991, 36.2562187], [29.8804239, 36.2563448], [29.8804561, 36.2564471], [29.8803023, 36.2566], [29.8803005, 36.256857], [29.8802545, 36.2569764], [29.8802697, 36.2570875], [29.8801893, 36.2572249], [29.8802096, 36.2575577], [29.8802957, 36.2577854], [29.8804716, 36.2579703], [29.8806107, 36.2581104], [29.8807228, 36.2582311], [29.8807715, 36.2584183], [29.8807566, 36.2585988], [29.880702, 36.2587912], [29.8806817, 36.259042], [29.880714, 36.2591963], [29.8807419, 36.2592981], [29.8807217, 36.2593567]]}}, {"type": "Feature", "properties": {"category": "lycian_way", "name": "Likya Yolu", "ref": "", "relation_id": 51855, "role": ""}, "geometry": {"type": "LineString", "coordinates": [[29.8807217, 36.2593567], [29.880716, 36.2593827], [29.8810242, 36.2593938], [29.8809717, 36.2597322], [29.8808418, 36.2602607], [29.8807296, 36.2608512], [29.8806469, 36.2610321], [29.8806038, 36.2613226], [29.8804426, 36.2616209], [29.8803507, 36.2617619], [29.8802551, 36.2619967], [29.8801765, 36.2622774], [29.8801582, 36.2623546], [29.880145, 36.2624107], [29.880193, 36.2625057], [29.8803937, 36.2626781], [29.8806467, 36.2628328], [29.8808386, 36.2629243], [29.88094, 36.2630033], [29.8809645, 36.2630703], [29.8809477, 36.2631423], [29.8808517, 36.2632162], [29.8804765, 36.2632725], [29.8803291, 36.2632755]]}}, {"type": "Feature", "properties": {"category": "lycian_way", "name": "Likya Yolu", "ref": "", "relation_id": 51855, "role": ""}, "geometry": {"type": "LineString", "coordinates": [[29.8803291, 36.2632755], [29.8811108, 36.2637013], [29.8810481, 36.2639112], [29.8813257, 36.2641132], [29.8820462, 36.2642725], [29.8821719, 36.264198], [29.8827606, 36.2641836], [29.8829064, 36.2641373], [29.8835263, 36.2643178], [29.8838196, 36.2642779], [29.8840663, 36.2642719], [29.884265, 36.2643064], [29.8843904, 36.2643378], [29.8844724, 36.2644378], [29.8847418, 36.264644], [29.8848602, 36.2649309], [29.88546, 36.2650084], [29.8855421, 36.2651503], [29.8859673, 36.2652668], [29.8860377, 36.2653364], [29.8860826, 36.2654394], [29.8862546, 36.2653928], [29.8863531, 36.2654348], [29.8864631, 36.2653337], [29.8869019, 36.2651232], [29.8870938, 36.2651546], [29.8872645, 36.2651307], [29.8875077, 36.2651564], [29.8876241, 36.2651133], [29.8879718, 36.2651081], [29.8882052, 36.2650334], [29.8882823, 36.2649699], [29.888426, 36.2649356], [29.8885422, 36.2648531], [29.8889021, 36.2646842], [29.8889824, 36.264637], [29.888969, 36.2645494], [29.8891153, 36.2644789], [29.8894543, 36.2644428], [29.8896407, 36.264378], [29.8897142, 36.2643196], [29.8897089, 36.2642442], [29.8897665, 36.26418], [29.8898555, 36.2641675], [29.8900342, 36.2640463], [29.8902378, 36.2639513], [29.8903582, 36.2638032], [29.8904211, 36.2637805], [29.8904034, 36.2636257], [29.8904755, 36.2634062], [29.8905118, 36.2633634], [29.8907139, 36.2632802], [29.8907563, 36.2632564], [29.8908237, 36.2632842], [29.8910481, 36.2631981], [29.891463, 36.2632729], [29.8916171, 36.2632781], [29.8920341, 36.2633725], [29.8920992, 36.263434], [29.8923448, 36.2634218], [29.8925474, 36.2635548], [29.8927522, 36.2636581], [29.8928778, 36.2636583], [29.8933972, 36.2638514], [29.8935083, 36.2638264], [29.8937361, 36.2638127], [29.8937994, 36.2637931], [29.8940561, 36.2638591], [29.8941549, 36.2638394], [29.8943701, 36.2639653], [29.8944402, 36.2639838], [29.8945744, 36.2639202], [29.8947877, 36.2638888], [29.894846, 36.2638488], [29.8949899, 36.2638067], [29.8950946, 36.2637431], [29.8952177, 36.2637116], [29.8952854, 36.2636841], [29.8956733, 36.2636162], [29.8958927, 36.2636693], [29.8959865, 36.263637], [29.8961498, 36.2636045], [29.8963413, 36.2636763], [29.8965163, 36.2636809], [29.8967648, 36.2636961]]}}, {"type": "Feature", "properties": {"category": "lycian_way", "name": "Likya Yolu", "ref": "", "relation_id": 51855, "role": ""}, "geometry": {"type": "LineString", "coordinates": [[29.8967648, 36.2636961], [29.8969725, 36.263713], [29.8965315, 36.2640842], [29.8961098, 36.264312], [29.8953265, 36.2644676], [29.894944, 36.2646384], [29.8946821, 36.2647979], [29.8953562, 36.2647782], [29.8956192, 36.2647663], [29.8962124, 36.2650633], [29.8964034, 36.2651], [29.8961899, 36.2652127], [29.8956591, 36.2651566], [29.8955092, 36.2653677], [29.8955525, 36.2655501], [29.8952651, 36.2657656], [29.8960822, 36.2658579], [29.8968576, 36.2658133], [29.8974159, 36.2656588], [29.8976328, 36.2654679], [29.8978543, 36.265403], [29.8980452, 36.2654942], [29.8985179, 36.2661064]]}}, {"type": "Feature", "properties": {"category": "lycian_way", "name": "Likya Yolu", "ref": "", "relation_id": 51855, "role": ""}, "geometry": {"type": "LineString", "coordinates": [[29.8985179, 36.2661064], [29.8982084, 36.2659211], [29.8977781, 36.2659187], [29.8973491, 36.2660661], [29.8969267, 36.2662637], [29.8966513, 36.2663474], [29.8944456, 36.2664307], [29.8939945, 36.2663742], [29.8933511, 36.2665374], [29.8932649, 36.2667613], [29.893482, 36.2670363], [29.8936464, 36.2671884], [29.8941449, 36.2673074], [29.8946615, 36.2676876], [29.8951203, 36.2681375], [29.8954957, 36.2685185], [29.8958586, 36.2689591], [29.8959035, 36.2691182]]}}, {"type": "Feature", "properties": {"category": "lycian_way", "name": "Likya Yolu", "ref": "", "relation_id": 51855, "role": ""}, "geometry": {"type": "LineString", "coordinates": [[29.8959035, 36.2691182], [29.8960668, 36.2693321], [29.8962178, 36.2695163], [29.8962953, 36.2696907], [29.8965647, 36.2699605], [29.8965892, 36.2700329], [29.8963198, 36.2705495], [29.8963117, 36.2706844], [29.8964178, 36.2708062]]}}, {"type": "Feature", "properties": {"category": "lycian_way", "name": "Likya Yolu", "ref": "", "relation_id": 51855, "role": ""}, "geometry": {"type": "LineString", "coordinates": [[29.8964178, 36.2708062], [29.8965623, 36.2709136], [29.8971715, 36.2718933], [29.8974692, 36.2724706], [29.8976481, 36.2726634], [29.897901, 36.2727689], [29.8984767, 36.2737377], [29.8986677, 36.2742064], [29.8987394, 36.2745485], [29.8981946, 36.2752058], [29.8981331, 36.2758808], [29.8987659, 36.2762643], [29.8992459, 36.2766599], [29.8995591, 36.276876], [29.8999777, 36.2774939], [29.9002284, 36.2782322], [29.900266, 36.2784328], [29.9002835, 36.2789361]]}}, {"type": "Feature", "properties": {"category": "lycian_way", "name": "Likya Yolu", "ref": "", "relation_id": 51855, "role": ""}, "geometry": {"type": "LineString", "coordinates": [[29.9002835, 36.2789361], [29.9012192, 36.2795148], [29.9009836, 36.2795916], [29.9005466, 36.2795033], [29.9004047, 36.2795592], [29.9008044, 36.2799984], [29.900577, 36.2799321], [29.900177, 36.279963], [29.8996731, 36.2803527], [29.9002697, 36.2803027], [29.9007741, 36.2805576], [29.9012102, 36.2810299], [29.9013411, 36.2811595], [29.9014986, 36.2814987], [29.9022588, 36.2816624], [29.9027413, 36.2825288], [29.9026555, 36.2828929], [29.9013658, 36.283125], [29.9021384, 36.2832687], [29.9024002, 36.2834249], [29.9017127, 36.2836571], [29.9015327, 36.2838018], [29.901312, 36.2843598], [29.9018735, 36.2841336], [29.9025034, 36.2841831], [29.90293, 36.2843101], [29.9029423, 36.2843964], [29.902147, 36.2845146], [29.9018538, 36.2846684], [29.9015343, 36.2851346], [29.9023502, 36.2851571], [29.9020243, 36.285483], [29.9036272, 36.2860084], [29.9025052, 36.2864478], [29.9019036, 36.2868545]]}}, {"type": "Feature", "properties": {"category": "lycian_way", "name": "Likya Yolu", "ref": "", "relation_id": 51855, "role": ""}, "geometry": {"type": "LineString", "coordinates": [[29.9019036, 36.2868545], [29.9021456, 36.2867807], [29.9024297, 36.286774], [29.9028223, 36.2868952], [29.9031649, 36.2869019], [29.9037414, 36.2866999], [29.9041842, 36.2866729], [29.9046687, 36.2866932], [29.9052619, 36.2867942], [29.9062478, 36.2870433], [29.9065736, 36.2870568], [29.9079104, 36.2868009], [29.9097807, 36.2864619]]}}, {"type": "Feature", "properties": {"category": "lycian_way", "name": "Likya Yolu", "ref": "", "relation_id": 51855, "role": ""}, "geometry": {"type": "LineString", "coordinates": [[29.9097807, 36.2864619], [29.9097396, 36.2866387]]}}, {"type": "Feature", "properties": {"category": "lycian_way", "name": "Likya Yolu", "ref": "", "relation_id": 51855, "role": ""}, "geometry": {"type": "LineString", "coordinates": [[29.9097396, 36.2866387], [29.9095863, 36.2872984], [29.9095058, 36.287493], [29.9090096, 36.2881351], [29.9089465, 36.2882761], [29.9089579, 36.2883849]]}}, {"type": "Feature", "properties": {"category": "lycian_way", "name": "Likya Yolu", "ref": "", "relation_id": 51855, "role": ""}, "geometry": {"type": "LineString", "coordinates": [[29.9089579, 36.2883849], [29.9089601, 36.2884055]]}}, {"type": "Feature", "properties": {"category": "lycian_way", "name": "Likya Yolu", "ref": "", "relation_id": 51855, "role": ""}, "geometry": {"type": "LineString", "coordinates": [[29.9089601, 36.2884055], [29.9090017, 36.288802]]}}, {"type": "Feature", "properties": {"category": "lycian_way", "name": "Likya Yolu", "ref": "", "relation_id": 51855, "role": ""}, "geometry": {"type": "LineString", "coordinates": [[29.9090017, 36.288802], [29.9109785, 36.2884647], [29.9121909, 36.2884993], [29.9128024, 36.2883436], [29.9130554, 36.288457]]}}, {"type": "Feature", "properties": {"category": "lycian_way", "name": "Likya Yolu", "ref": "", "relation_id": 51855, "role": ""}, "geometry": {"type": "LineString", "coordinates": [[29.9237386, 36.2892637], [29.9233222, 36.2892721], [29.9228988, 36.289196], [29.9224369, 36.2890803], [29.9220485, 36.2890239], [29.9214116, 36.2890211], [29.9209112, 36.2890126], [29.9206523, 36.2889675], [29.9200364, 36.288959], [29.9197425, 36.2889421], [29.919501, 36.288849], [29.9192316, 36.288677], [29.9189936, 36.2886149], [29.9187137, 36.2886121], [29.9184547, 36.2887306], [29.9181328, 36.2887926], [29.9177689, 36.2887616], [29.9175064, 36.2886967], [29.917181, 36.2885783], [29.9169396, 36.288536], [29.9166281, 36.2885388], [29.9159948, 36.2885247], [29.9156064, 36.2885078], [29.9151794, 36.2885585], [29.914728, 36.2886121], [29.9141192, 36.2885726], [29.9137622, 36.2885613], [29.9133038, 36.2884908], [29.9130554, 36.288457]]}}, {"type": "Feature", "properties": {"category": "lycian_way", "name": "Likya Yolu", "ref": "", "relation_id": 51855, "role": ""}, "geometry": {"type": "LineString", "coordinates": [[29.9562011, 36.28756], [29.9555783, 36.2876362], [29.9549449, 36.2877039], [29.954497, 36.2877631], [29.9541506, 36.2878844], [29.9538287, 36.2880142], [29.9535802, 36.2881552], [29.9532618, 36.2882257], [29.9526529, 36.2884006], [29.9521486, 36.2884298], [29.9514933, 36.2883513], [29.9510757, 36.2883922], [29.9503104, 36.2885335], [29.9495145, 36.2886502], [29.9492037, 36.2886543], [29.9487105, 36.2886557], [29.9482251, 36.2886711], [29.9470896, 36.2887395], [29.9463565, 36.288795], [29.9452387, 36.2890211], [29.9449225, 36.2890498], [29.9441047, 36.2890156], [29.9434609, 36.2890091], [29.9421092, 36.2890903], [29.9415836, 36.28921], [29.9401685, 36.2894874], [29.9394848, 36.289497], [29.9389564, 36.2894269], [29.9386421, 36.2893175], [29.9379001, 36.2889449], [29.9376542, 36.288836], [29.9371005, 36.2887107], [29.9365494, 36.2885021], [29.9362834, 36.2884485], [29.9357935, 36.2884401], [29.9353526, 36.288426], [29.9348732, 36.288519], [29.9343343, 36.288536], [29.9340579, 36.2885472], [29.933715, 36.2886347], [29.933428, 36.2886234], [29.9332496, 36.2885811], [29.9330361, 36.2884401], [29.9326232, 36.288189], [29.9324097, 36.2880999], [29.9323328, 36.2880678], [29.9320808, 36.2880254], [29.9317834, 36.2880226], [29.9314999, 36.2881072], [29.931129, 36.2881439], [29.9307643, 36.288201], [29.9306426, 36.2882201], [29.9297433, 36.2884034], [29.9294447, 36.2885002], [29.9292469, 36.288534], [29.929033, 36.2885162], [29.928837, 36.2884288], [29.9285991, 36.2883413], [29.9283926, 36.2883103], [29.9281127, 36.2883019], [29.9276298, 36.2883526], [29.9269999, 36.2884824], [29.9262826, 36.2886431], [29.9255792, 36.2887165], [29.9250053, 36.2888039], [29.9244525, 36.2889224], [29.92426, 36.2889844], [29.9241235, 36.289086], [29.9239731, 36.2892016], [29.9237386, 36.2892637]]}}, {"type": "Feature", "properties": {"category": "lycian_way", "name": "Likya Yolu", "ref": "", "relation_id": 51855, "role": ""}, "geometry": {"type": "LineString", "coordinates": [[29.9562206, 36.2875593], [29.9562011, 36.28756]]}}, {"type": "Feature", "properties": {"category": "lycian_way", "name": "Likya Yolu", "ref": "", "relation_id": 51855, "role": ""}, "geometry": {"type": "LineString", "coordinates": [[29.9563224, 36.2875559], [29.9562206, 36.2875593]]}}, {"type": "Feature", "properties": {"category": "lycian_way", "name": "Likya Yolu", "ref": "", "relation_id": 51855, "role": ""}, "geometry": {"type": "LineString", "coordinates": [[29.9589004, 36.2872331], [29.9583444, 36.2873625], [29.9582696, 36.2873799], [29.9576997, 36.2875024], [29.9574041, 36.287566], [29.9571064, 36.2875913], [29.9566811, 36.2875711], [29.9564013, 36.2875532], [29.9563224, 36.2875559]]}}, {"type": "Feature", "properties": {"category": "lycian_way", "name": "Likya Yolu", "ref": "", "relation_id": 51855, "role": ""}, "geometry": {"type": "LineString", "coordinates": [[29.9689501, 36.2854807], [29.9684826, 36.28572], [29.9679479, 36.2860156], [29.9675, 36.2861849], [29.9671836, 36.2863295], [29.966786, 36.2864372], [29.9663167, 36.2865095], [29.9657597, 36.2865195], [29.9651416, 36.2865206], [29.9648111, 36.2865213], [29.9643386, 36.2865031], [29.9636514, 36.2864767], [29.9630986, 36.2864521], [29.9623985, 36.2863812], [29.9620177, 36.286396], [29.9619194, 36.2864241], [29.9615798, 36.2865209], [29.9615099, 36.2865299], [29.9610894, 36.2865887], [29.960432, 36.2867145], [29.9597278, 36.2869069], [29.9592832, 36.2870563], [29.9589004, 36.2872331]]}}, {"type": "Feature", "properties": {"category": "lycian_way", "name": "Likya Yolu", "ref": "", "relation_id": 51855, "role": ""}, "geometry": {"type": "LineString", "coordinates": [[29.9689501, 36.2854807], [29.9692423, 36.2859189], [29.9693084, 36.2859521], [29.9697579, 36.2858744], [29.9699188, 36.2857945], [29.970061, 36.2856411], [29.9703997, 36.285571], [29.9705518, 36.285548], [29.9706126, 36.2855848], [29.9706162, 36.2856999], [29.9705046, 36.2858038], [29.9703947, 36.2858859], [29.9701286, 36.2860076], [29.9701151, 36.2860896], [29.970356, 36.2860676], [29.9705523, 36.2860637], [29.9709445, 36.2860141], [29.9710335, 36.285902], [29.9710924, 36.2858802], [29.9711441, 36.2860085], [29.9712599, 36.2857064], [29.971303, 36.285558], [29.9714467, 36.2854647], [29.9716728, 36.285262], [29.9719055, 36.2851621], [29.9722665, 36.2850113], [29.9721069, 36.2852719], [29.9719825, 36.2854406], [29.9719477, 36.2855894], [29.9718876, 36.2857693], [29.9718457, 36.285834], [29.971918, 36.2858677], [29.9720532, 36.2857834], [29.9722219, 36.2857236], [29.9723114, 36.2856919], [29.9724988, 36.2856011], [29.9724492, 36.2857601], [29.9723983, 36.2858473], [29.9723728, 36.2859419], [29.9724535, 36.2859808], [29.9725031, 36.2859602], [29.9726222, 36.2858569], [29.9728674, 36.2856819], [29.9729679, 36.2855755], [29.973107, 36.2855013], [29.9732338, 36.2855585], [29.9732821, 36.2856082], [29.9732765, 36.2856931], [29.9732731, 36.2858199], [29.9732729, 36.285897], [29.9732636, 36.2860438], [29.9732226, 36.2861362], [29.9732477, 36.2862378], [29.9733735, 36.286381], [29.9736264, 36.2865705], [29.9739931, 36.2867851], [29.9740548, 36.2869022], [29.9739924, 36.2869305], [29.97397, 36.2869734], [29.9740148, 36.2870162], [29.9740652, 36.287111], [29.9741072, 36.2871923], [29.9742249, 36.2873061], [29.9742982, 36.2874467], [29.9742752, 36.2875986], [29.9743284, 36.2877513], [29.9741836, 36.287861], [29.9738721, 36.2879008], [29.9737486, 36.2882685], [29.9737624, 36.2883555], [29.9736896, 36.2883765], [29.9733927, 36.2882757], [29.9733574, 36.2882898], [29.973392, 36.2883448], [29.9734728, 36.2884281], [29.9735602, 36.288554], [29.9735865, 36.2886302], [29.9735101, 36.2886886], [29.9735342, 36.288814], [29.9735153, 36.2889261], [29.9734845, 36.288987], [29.9734285, 36.2890908], [29.9734761, 36.2892127], [29.9735543, 36.2893835], [29.9736521, 36.2894983], [29.9737327, 36.2895851], [29.9737533, 36.2897523], [29.973773, 36.2899401], [29.9737662, 36.2900483], [29.9737494, 36.2901967], [29.9736322, 36.2900949], [29.9735473, 36.2899795], [29.9734568, 36.2898972], [29.9733539, 36.2898261], [29.97331, 36.2898741], [29.9733502, 36.2900058], [29.9734057, 36.2902062], [29.9735087, 36.290398], [29.9735849, 36.2905773], [29.9736688, 36.2906417], [29.9738586, 36.2906805], [29.9742847, 36.2906432], [29.9744394, 36.2906735], [29.974595, 36.2907185], [29.9747039, 36.2907969], [29.9747897, 36.2908581], [29.9748695, 36.2909567], [29.9749053, 36.2910405], [29.97502, 36.2910924], [29.9750558, 36.2911329], [29.9750451, 36.2911618], [29.974934, 36.2911574], [29.9748014, 36.2911242], [29.974762, 36.2911502], [29.9747907, 36.291182], [29.9748767, 36.291221], [29.9750487, 36.2912989], [29.9748659, 36.2912903], [29.9750307, 36.2914073], [29.9748355, 36.2914188], [29.974899, 36.2915103], [29.9750487, 36.2916282], [29.9752563, 36.2917087], [29.9753368, 36.2918157], [29.9753604, 36.2919366], [29.9753416, 36.2920404], [29.9751779, 36.2921082], [29.9750641, 36.2921621], [29.9750472, 36.2922238], [29.9749859, 36.2922822], [29.9749672, 36.2924597], [29.9749501, 36.2926174], [29.9749232, 36.2927502], [29.9748973, 36.2928473], [29.9747897, 36.2929935], [29.9747298, 36.2930607], [29.9745667, 36.2931695], [29.9744395, 36.2932282], [29.9743266, 36.2932787], [29.9741045, 36.2934159], [29.9739737, 36.293543], [29.9737981, 36.2937524], [29.9737014, 36.2939488], [29.9734882, 36.2945582], [29.9734864, 36.2948542], [29.9734183, 36.2952614], [29.9734563, 36.2956221], [29.9735234, 36.2958229], [29.9736662, 36.2960034], [29.9737418, 36.2962516], [29.9737698, 36.2964343], [29.9736802, 36.2968224], [29.9736046, 36.2970007], [29.973557, 36.2973459], [29.973557, 36.297585], [29.9736242, 36.2977655], [29.9736186, 36.2980001], [29.9735794, 36.2983092], [29.973471, 36.2986549], [29.9734251, 36.2987766], [29.9733107, 36.2989274], [29.9731595, 36.2990493], [29.9731651, 36.2991373], [29.9730783, 36.29932], [29.9730559, 36.2995862], [29.972986, 36.2997915], [29.9728376, 36.3001322], [29.9728163, 36.3002861], [29.9728243, 36.3005823], [29.9729191, 36.300745], [29.9729027, 36.300958], [29.9728118, 36.3011102], [29.972645, 36.3013741]]}}, {"type": "Feature", "properties": {"category": "lycian_way", "name": "Likya Yolu", "ref": "", "relation_id": 51855, "role": ""}, "geometry": {"type": "LineString", "coordinates": [[29.972645, 36.3013741], [29.972578, 36.3014757], [29.9726102, 36.3016832], [29.9724787, 36.3017675], [29.972384, 36.3019458], [29.9722454, 36.3021976], [29.9721006, 36.302336], [29.9720491, 36.3025648], [29.9720502, 36.302682], [29.9717535, 36.3026925], [29.9719009, 36.3029114], [29.9718641, 36.3030992], [29.9717826, 36.3032471], [29.971705, 36.3034228], [29.9716099, 36.3035312], [29.9715191, 36.3036136]]}}, {"type": "Feature", "properties": {"category": "lycian_way", "name": "Likya Yolu", "ref": "", "relation_id": 51855, "role": ""}, "geometry": {"type": "LineString", "coordinates": [[29.9715191, 36.3036136], [29.9714966, 36.3038031], [29.9715388, 36.3039797], [29.9719206, 36.3042666], [29.9721386, 36.304524], [29.972279, 36.304785], [29.9723619, 36.3050238], [29.9725378, 36.3053114], [29.9726249, 36.3054303], [29.9727282, 36.3054984], [29.9728462, 36.3055956], [29.9730514, 36.3056497], [29.9733143, 36.3056788], [29.9733985, 36.3057443], [29.9734304, 36.3059192], [29.9734923, 36.3060221], [29.9736308, 36.3061014], [29.9739003, 36.3061856]]}}, {"type": "Feature", "properties": {"category": "lycian_way", "name": "Likya Yolu", "ref": "", "relation_id": 51855, "role": ""}, "geometry": {"type": "LineString", "coordinates": [[29.974061, 36.3062695], [29.9739003, 36.3061856]]}}, {"type": "Feature", "properties": {"category": "lycian_way", "name": "Likya Yolu", "ref": "", "relation_id": 51855, "role": ""}, "geometry": {"type": "LineString", "coordinates": [[29.9754388, 36.3088953], [29.9753248, 36.3084887], [29.9751489, 36.3077886], [29.9749175, 36.3072175], [29.9748579, 36.3070481], [29.9748874, 36.3069336], [29.974933, 36.3068536], [29.9749743, 36.3067177], [29.9749075, 36.3066007], [29.9747868, 36.306511], [29.9746124, 36.3064408], [29.9743643, 36.30639], [29.974061, 36.3062695]]}}, {"type": "Feature", "properties": {"category": "lycian_way", "name": "Likya Yolu", "ref": "", "relation_id": 51855, "role": ""}, "geometry": {"type": "LineString", "coordinates": [[29.9756367, 36.3102931], [29.9757177, 36.31006], [29.9757223, 36.309871], [29.9756831, 36.3093754], [29.9754388, 36.3088953]]}}, {"type": "Feature", "properties": {"category": "lycian_way", "name": "Likya Yolu", "ref": "", "relation_id": 51855, "role": ""}, "geometry": {"type": "LineString", "coordinates": [[29.9801293, 36.3224307], [29.9801354, 36.3223224], [29.9801257, 36.3221403], [29.9800174, 36.3219548], [29.979469, 36.3213747], [29.9793123, 36.321078], [29.9791977, 36.3208847], [29.979022, 36.3207917], [29.9789804, 36.3206415], [29.9787524, 36.3204524], [29.9786881, 36.3202493], [29.9785244, 36.3199995], [29.9781167, 36.3196668], [29.9778171, 36.3193957], [29.9778037, 36.318996], [29.9775712, 36.3186246], [29.9775371, 36.3184419], [29.9776065, 36.3175164], [29.9774947, 36.3170858], [29.9774867, 36.3169478], [29.9774694, 36.3166933], [29.9774962, 36.3163496], [29.977589, 36.3160692], [29.9776401, 36.3155804], [29.9775724, 36.3154419], [29.9774043, 36.3153415], [29.9771138, 36.3150617], [29.9769869, 36.3149653], [29.9768247, 36.3149072], [29.9764557, 36.3145588], [29.9764215, 36.3144341], [29.9763195, 36.3142484], [29.976307, 36.3140708], [29.9762469, 36.3139688], [29.9762043, 36.3138601], [29.9761944, 36.3137624], [29.9760965, 36.3135763], [29.9760041, 36.313379], [29.9759463, 36.313518], [29.9759319, 36.3133388], [29.9758892, 36.313127], [29.9757859, 36.313166], [29.975743, 36.3127629], [29.9757738, 36.3126483], [29.9756813, 36.3126689], [29.9756893, 36.3124063], [29.9758181, 36.3121015], [29.9758669, 36.3118356], [29.9757779, 36.3113213], [29.9757993, 36.3106685], [29.9757419, 36.3103888], [29.9756367, 36.3102931]]}}, {"type": "Feature", "properties": {"category": "lycian_way", "name": "Likya Yolu", "ref": "", "relation_id": 51855, "role": ""}, "geometry": {"type": "LineString", "coordinates": [[29.9802936, 36.3246718], [29.9803537, 36.3245066], [29.9803591, 36.3240636], [29.9802732, 36.3235989], [29.9802491, 36.3231495], [29.9802731, 36.3229227], [29.9802956, 36.3228591], [29.980335, 36.3226899], [29.9802475, 36.322549], [29.9801293, 36.3224307]]}}, {"type": "Feature", "properties": {"category": "lycian_way", "name": "Likya Yolu", "ref": "", "relation_id": 51855, "role": ""}, "geometry": {"type": "LineString", "coordinates": [[29.9826041, 36.3266502], [29.9823761, 36.3264882], [29.9822554, 36.3265055], [29.9821374, 36.3265789], [29.9819791, 36.3266394], [29.981896, 36.3267259], [29.9818128, 36.3267756], [29.9816734, 36.3267237], [29.9816573, 36.3266373], [29.9815111, 36.326566], [29.9814521, 36.3263855], [29.9812415, 36.3263866], [29.9810209, 36.3263613], [29.9809568, 36.3262246], [29.9809964, 36.3261032], [29.9808686, 36.3258715], [29.9807959, 36.3256427], [29.980763, 36.3253536], [29.9808151, 36.3251948], [29.9807442, 36.3252221], [29.9805683, 36.3253519], [29.9804975, 36.3252019], [29.9802625, 36.3253861], [29.9802936, 36.3246718]]}}, {"type": "Feature", "properties": {"category": "lycian_way", "name": "Likya Yolu", "ref": "", "relation_id": 51855, "role": ""}, "geometry": {"type": "LineString", "coordinates": [[29.983964, 36.3265335], [29.9837226, 36.3265573], [29.9833433, 36.3266242], [29.9829571, 36.3267098], [29.9826041, 36.3266502]]}}, {"type": "Feature", "properties": {"category": "lycian_way", "name": "Likya Yolu", "ref": "", "relation_id": 51855, "role": ""}, "geometry": {"type": "LineString", "coordinates": [[29.9895993, 36.3257037], [29.9892817, 36.3257278], [29.9889236, 36.3256675], [29.9879808, 36.3258512], [29.9877137, 36.3257726], [29.9872727, 36.3257519], [29.9867749, 36.3258905], [29.9862886, 36.325937], [29.9860024, 36.3260884], [29.9856323, 36.3260668], [29.9852782, 36.3258874], [29.9851763, 36.3256886], [29.9851173, 36.3256746], [29.9850288, 36.3257383], [29.9849161, 36.3257297], [29.9847659, 36.325868], [29.9846935, 36.3259825], [29.9845805, 36.326019], [29.9840713, 36.326419], [29.9840605, 36.326499], [29.983964, 36.3265335]]}}, {"type": "Feature", "properties": {"category": "lycian_way", "name": "Likya Yolu", "ref": "", "relation_id": 51855, "role": ""}, "geometry": {"type": "LineString", "coordinates": [[29.9931365, 36.3258091], [29.9929543, 36.3257303], [29.9926034, 36.3256324], [29.9920535, 36.325613], [29.9911308, 36.3255849], [29.9906105, 36.3256151], [29.9900982, 36.3255935], [29.9895993, 36.3257037]]}}, {"type": "Feature", "properties": {"category": "lycian_way", "name": "Likya Yolu", "ref": "", "relation_id": 51855, "role": ""}, "geometry": {"type": "LineString", "coordinates": [[30.0019303, 36.3297076], [30.0019523, 36.329661], [30.0016148, 36.3297599], [30.000462, 36.3296213], [30.0001669, 36.3294075], [29.999852, 36.3291785], [29.9993815, 36.3289412], [29.9986448, 36.3287873], [29.9982074, 36.3286534], [29.997805, 36.3285865], [29.9972976, 36.3285547], [29.9970395, 36.3284138], [29.9967027, 36.3283327], [29.9965059, 36.3283962], [29.9963178, 36.3284173], [29.9961778, 36.3283468], [29.9960546, 36.3281632], [29.9958847, 36.3279381], [29.9955873, 36.3276914], [29.9947781, 36.3268386], [29.9943009, 36.3263801], [29.9940269, 36.3263142], [29.9932354, 36.3257708], [29.9931365, 36.3258091]]}}, {"type": "Feature", "properties": {"category": "lycian_way", "name": "Likya Yolu", "ref": "", "relation_id": 51855, "role": ""}, "geometry": {"type": "LineString", "coordinates": [[30.0019303, 36.3297076], [30.0036474, 36.3311182], [30.003827, 36.331657], [30.0044265, 36.3321799], [30.0044909, 36.3323117], [30.004845, 36.3325342], [30.0049636, 36.3330016], [30.0051912, 36.3335135]]}}, {"type": "Feature", "properties": {"category": "lycian_way", "name": "Likya Yolu", "ref": "", "relation_id": 51855, "role": ""}, "geometry": {"type": "LineString", "coordinates": [[30.0072964, 36.3352154], [30.0067379, 36.334832], [30.0064383, 36.3345614], [30.0060212, 36.3341397], [30.0056657, 36.3338578], [30.0053707, 36.3336081], [30.0051912, 36.3335135]]}}, {"type": "Feature", "properties": {"category": "lycian_way", "name": "Likya Yolu", "ref": "", "relation_id": 51855, "role": ""}, "geometry": {"type": "LineString", "coordinates": [[30.0072964, 36.3352154], [30.0072536, 36.3352665], [30.0071476, 36.3353032], [30.0071973, 36.3354847], [30.0074467, 36.3356305], [30.0078034, 36.335959], [30.0080878, 36.3363544], [30.0082701, 36.3364624], [30.0084445, 36.336605], [30.0086349, 36.3368492], [30.0086805, 36.3369831], [30.0089058, 36.3371668], [30.0089622, 36.3373872], [30.0090131, 36.3374649], [30.0090507, 36.3375924], [30.0093806, 36.3377847], [30.0094664, 36.3378711], [30.0096086, 36.3378906], [30.0096542, 36.337964], [30.0098097, 36.338085], [30.0100511, 36.3382989], [30.0101209, 36.3384804], [30.0104782, 36.3387453], [30.0105426, 36.3388633], [30.0105118, 36.3390241], [30.0103662, 36.3391374], [30.0103413, 36.339292], [30.0102756, 36.3394427], [30.0102525, 36.3395639], [30.0102096, 36.3396936], [30.0100914, 36.3398913], [30.0099438, 36.339982], [30.0098795, 36.3400814], [30.0099682, 36.3402542], [30.0100806, 36.3404487], [30.0100592, 36.3405848], [30.0101531, 36.3406756], [30.010145, 36.3408873], [30.0102416, 36.3410871], [30.0101651, 36.3411584], [30.0103113, 36.3414296], [30.0104454, 36.3415139], [30.0105286, 36.3416975], [30.0107072, 36.3419387], [30.0107807, 36.3423932], [30.0108424, 36.3424947], [30.0110516, 36.3426157], [30.0112045, 36.3427993], [30.0113654, 36.3428987], [30.0115988, 36.343091], [30.0118107, 36.3431126], [30.0120923, 36.3432617], [30.0121379, 36.3433416], [30.0124356, 36.343508], [30.0125161, 36.3436571], [30.0125912, 36.3438429], [30.0126046, 36.344087], [30.0125536, 36.3443074], [30.0122935, 36.344504], [30.0122921, 36.3446282], [30.0123122, 36.3447297], [30.0122358, 36.3448356], [30.0122496, 36.3448856], [30.012154, 36.3449965], [30.0121593, 36.3450662], [30.0119703, 36.3453922], [30.0119805, 36.3457253], [30.011462, 36.3459903], [30.0115129, 36.3461135], [30.0113225, 36.3462712], [30.0113765, 36.3463989], [30.0112045, 36.3466017], [30.0112984, 36.3467378], [30.0110838, 36.3468415], [30.0110865, 36.3469754], [30.0106198, 36.3473168], [30.0108772, 36.3476344], [30.0112286, 36.3478936], [30.0112179, 36.347993], [30.0109926, 36.347967], [30.0109309, 36.3480902], [30.0106922, 36.3480383], [30.0105713, 36.3480627], [30.0105653, 36.3481406], [30.0106359, 36.3482976], [30.0108129, 36.348384], [30.0109416, 36.3485957], [30.0111321, 36.3487232], [30.0114346, 36.349318], [30.0121896, 36.3498512], [30.0125322, 36.3506998], [30.0128169, 36.3510394], [30.0133977, 36.3515446], [30.0139668, 36.3517785], [30.0145012, 36.351741], [30.0140714, 36.3519843], [30.0138383, 36.3521237], [30.013648, 36.3521169], [30.0135219, 36.3521882], [30.0132778, 36.3522854], [30.0134549, 36.352428], [30.0133905, 36.3525123], [30.0135568, 36.3526289], [30.0138786, 36.3527348], [30.0141951, 36.3528795], [30.0144392, 36.3529551], [30.0146189, 36.3531214], [30.0147451, 36.3536495], [30.0148264, 36.3541734]]}}, {"type": "Feature", "properties": {"category": "lycian_way", "name": "Likya Yolu", "ref": "", "relation_id": 51855, "role": ""}, "geometry": {"type": "LineString", "coordinates": [[30.0148264, 36.3541734], [30.0150239, 36.3544802], [30.0151634, 36.3547351], [30.0156018, 36.3549107], [30.0157634, 36.3549492], [30.0159599, 36.3549924], [30.0163288, 36.3550224], [30.0165601, 36.3550384]]}}, {"type": "Feature", "properties": {"category": "lycian_way", "name": "Likya Yolu", "ref": "", "relation_id": 51855, "role": ""}, "geometry": {"type": "LineString", "coordinates": [[30.0165601, 36.3550384], [30.0166438, 36.3551636], [30.0166733, 36.3554457], [30.0169089, 36.356068], [30.0169575, 36.3566354]]}}, {"type": "Feature", "properties": {"category": "lycian_way", "name": "Likya Yolu", "ref": "", "relation_id": 51855, "role": ""}, "geometry": {"type": "LineString", "coordinates": [[30.0169575, 36.3566354], [30.0168532, 36.3569125], [30.0168639, 36.3572322], [30.0172073, 36.357837], [30.0175989, 36.3583036], [30.0179976, 36.3588227], [30.0182372, 36.3591071], [30.0186396, 36.3593966], [30.0189733, 36.3597862], [30.0193584, 36.3603642], [30.0195773, 36.36089], [30.0196427, 36.3614442], [30.0198329, 36.3619845], [30.0200397, 36.3623644], [30.0203769, 36.3626792], [30.0206163, 36.3628676], [30.0207826, 36.3630555], [30.020898, 36.3632154]]}}, {"type": "Feature", "properties": {"category": "lycian_way", "name": "Likya Yolu", "ref": "", "relation_id": 51855, "role": ""}, "geometry": {"type": "LineString", "coordinates": [[30.020898, 36.3632154], [30.0210509, 36.3633126], [30.0212359, 36.3633515], [30.0214532, 36.3633385], [30.021656, 36.3632356], [30.0220744, 36.363157], [30.0227932, 36.3629237], [30.023217, 36.3626427], [30.0236754, 36.3623788], [30.0243747, 36.3624709], [30.0252485, 36.3625674], [30.0259298, 36.362494], [30.026772, 36.3624378], [30.0271314, 36.3622866], [30.0278036, 36.3621779], [30.0283347, 36.3620442], [30.0285879, 36.3619539], [30.0289258, 36.3617337], [30.0290278, 36.3615522]]}}, {"type": "Feature", "properties": {"category": "lycian_way", "name": "Likya Yolu", "ref": "", "relation_id": 51855, "role": ""}, "geometry": {"type": "LineString", "coordinates": [[30.0290278, 36.3615522], [30.0293469, 36.3613751], [30.029757, 36.3609529], [30.0304382, 36.3606468], [30.0309187, 36.3605284], [30.0313398, 36.3602994], [30.0317493, 36.3601674], [30.0322464, 36.359956], [30.0325349, 36.3600078], [30.0330079, 36.3601416], [30.0333422, 36.3600388], [30.0334805, 36.3599051], [30.0336906, 36.359702], [30.0346199, 36.3591688], [30.0348455, 36.3590034], [30.0356537, 36.3585702], [30.0360371, 36.3585608], [30.0367108, 36.3585234], [30.0371173, 36.3583831], [30.0374526, 36.3582712], [30.0376242, 36.3581567], [30.0377664, 36.3581113], [30.03804, 36.3580725], [30.0383618, 36.3578608], [30.0387642, 36.3577074], [30.0391021, 36.3575821], [30.0396496, 36.3572418], [30.0405905, 36.3563063], [30.0409738, 36.3555018], [30.0409805, 36.3547769], [30.041531, 36.3545689], [30.042751, 36.3548376], [30.0430369, 36.3547783], [30.0430995, 36.3546599], [30.0434015, 36.3541453], [30.044203, 36.3537524], [30.0450394, 36.3535185], [30.0457596, 36.3536121], [30.046108, 36.3538927], [30.0466308, 36.3539489], [30.0471767, 36.3541827], [30.0477134, 36.3544402], [30.0479159, 36.3544705], [30.0480479, 36.354426], [30.0483731, 36.3536682], [30.0487565, 36.3522182], [30.0486055, 36.3518346], [30.0487913, 36.3505716], [30.0488064, 36.3501835], [30.0490469, 36.3500758], [30.0496625, 36.3493928], [30.0501155, 36.3483356], [30.0502092, 36.3478526], [30.0502085, 36.3469696], [30.0502413, 36.346215], [30.0503272, 36.3459774], [30.0506169, 36.3457051], [30.0510353, 36.3454329], [30.0519365, 36.345178], [30.0527358, 36.3447718], [30.0529034, 36.3445558], [30.053283, 36.3437737], [30.0533232, 36.3435404], [30.0535244, 36.3431385], [30.0535074, 36.3428623], [30.0537565, 36.3425113], [30.0539106, 36.3421706], [30.0541896, 36.3420583], [30.0546885, 36.3420021], [30.0550881, 36.3420572], [30.0555159, 36.3420248], [30.0555866, 36.3418424], [30.0555554, 36.3408431]]}}, {"type": "Feature", "properties": {"category": "lycian_way", "name": "Likya Yolu", "ref": "", "relation_id": 51855, "role": ""}, "geometry": {"type": "LineString", "coordinates": [[30.0555554, 36.3408431], [30.055595, 36.3407231], [30.0558874, 36.340358], [30.0560081, 36.3398718], [30.0559115, 36.3396255], [30.0559235, 36.3384459], [30.05591, 36.3382293], [30.0558422, 36.3379874], [30.0558654, 36.3378377], [30.0557238, 36.3376702], [30.0555877, 36.3374816]]}}, {"type": "Feature", "properties": {"category": "lycian_way", "name": "Likya Yolu", "ref": "", "relation_id": 51855, "role": ""}, "geometry": {"type": "LineString", "coordinates": [[30.0555877, 36.3374816], [30.0553349, 36.3371668], [30.0552839, 36.3369702], [30.0552958, 36.336807], [30.0555256, 36.3365278], [30.0557677, 36.3361311], [30.0561207, 36.3357969], [30.0564587, 36.3354512], [30.0565284, 36.3352784], [30.0564587, 36.3351401], [30.0562602, 36.3350364], [30.0560135, 36.3348635], [30.0558203, 36.3346172], [30.0556219, 36.3341375], [30.0555629, 36.3338307], [30.055477, 36.3335844], [30.0554502, 36.3333899], [30.0554609, 36.3332991], [30.0556004, 36.3330723], [30.0556111, 36.3326812], [30.055697, 36.3325169], [30.0558123, 36.3324154], [30.0559866, 36.3323959], [30.0557962, 36.3321453], [30.0557935, 36.3318817], [30.0559303, 36.3318147], [30.0560812, 36.3319199], [30.0563568, 36.3319487], [30.056515, 36.3316159], [30.0567121, 36.3312805], [30.0568062, 36.331075], [30.0568399, 36.3306421], [30.0569487, 36.3303327], [30.0570542, 36.3300255], [30.05725, 36.3298397], [30.0574002, 36.3297165], [30.0574249, 36.3296119], [30.0574015, 36.3295588], [30.0573988, 36.3295123], [30.0574739, 36.329441], [30.0574002, 36.3293319]]}}, {"type": "Feature", "properties": {"category": "lycian_way", "name": "Likya Yolu", "ref": "", "relation_id": 51855, "role": ""}, "geometry": {"type": "LineString", "coordinates": [[30.0559927, 36.3284019], [30.0562227, 36.3284135], [30.0567189, 36.3286988], [30.0569656, 36.328917], [30.0569952, 36.3290726], [30.0571507, 36.3290942], [30.0572392, 36.329239], [30.0574002, 36.3293319]]}}, {"type": "Feature", "properties": {"category": "lycian_way", "name": "Likya Yolu", "ref": "", "relation_id": 51855, "role": ""}, "geometry": {"type": "LineString", "coordinates": [[30.0604141, 36.3266437], [30.0602353, 36.3267172], [30.0600234, 36.3267583], [30.0596693, 36.3269312], [30.059436, 36.3271753], [30.0589612, 36.3275297], [30.0585695, 36.3279902], [30.0582692, 36.3282363], [30.0580037, 36.3282904], [30.057714, 36.3282644], [30.0566384, 36.3281521], [30.0562254, 36.3282212], [30.0560296, 36.3282147], [30.0559358, 36.3282398], [30.0559927, 36.3284019]]}}, {"type": "Feature", "properties": {"category": "lycian_way", "name": "Likya Yolu", "ref": "", "relation_id": 51855, "role": ""}, "geometry": {"type": "LineString", "coordinates": [[30.0604141, 36.3266437], [30.0606054, 36.3264644], [30.0607932, 36.326177], [30.0611778, 36.3258902], [30.0621184, 36.3251284], [30.0622512, 36.3248731], [30.0624316, 36.3245354], [30.0627995, 36.3242494], [30.0629041, 36.3240722], [30.0628906, 36.3236249], [30.0629564, 36.3233443]]}}, {"type": "Feature", "properties": {"category": "lycian_way", "name": "Likya Yolu", "ref": "", "relation_id": 51855, "role": ""}, "geometry": {"type": "LineString", "coordinates": [[30.0629564, 36.3233443], [30.0629765, 36.32305], [30.0630596, 36.322955], [30.0630945, 36.3228815], [30.0633069, 36.3226021]]}}, {"type": "Feature", "properties": {"category": "lycian_way", "name": "Likya Yolu", "ref": "", "relation_id": 51855, "role": ""}, "geometry": {"type": "LineString", "coordinates": [[30.0633069, 36.3226021], [30.063445, 36.3224203], [30.0638094, 36.3221249], [30.0643551, 36.3217556], [30.0648245, 36.3215524], [30.0650125, 36.3214058]]}}, {"type": "Feature", "properties": {"category": "lycian_way", "name": "Likya Yolu", "ref": "", "relation_id": 51855, "role": ""}, "geometry": {"type": "LineString", "coordinates": [[30.0650125, 36.3214058], [30.0655759, 36.3206827]]}}, {"type": "Feature", "properties": {"category": "lycian_way", "name": "Likya Yolu", "ref": "", "relation_id": 51855, "role": ""}, "geometry": {"type": "LineString", "coordinates": [[30.0655759, 36.3206827], [30.0655165, 36.3205367], [30.0656292, 36.3202882], [30.0655702, 36.3199619], [30.0655809, 36.3198473], [30.0656962, 36.3196831], [30.0658827, 36.3189673], [30.0660129, 36.318258], [30.0660181, 36.3176278], [30.0660288, 36.3170832], [30.0659054, 36.3165905], [30.0658947, 36.3159054], [30.0658464, 36.3151857], [30.0657445, 36.3149955], [30.0657606, 36.3145243], [30.0659054, 36.3142282], [30.0659591, 36.313997], [30.0659886, 36.3136771], [30.0660932, 36.3133896], [30.0666296, 36.3121901], [30.0666566, 36.3118957], [30.0665894, 36.3116865], [30.066645, 36.311306], [30.0667604, 36.3112602], [30.0669056, 36.3113262], [30.0669618, 36.3114809], [30.0672258, 36.3115868], [30.0676408, 36.3115115], [30.0681826, 36.3113277], [30.0682658, 36.3110965], [30.0683355, 36.3108501], [30.0686882, 36.3101703], [30.0688827, 36.3099358], [30.0694755, 36.3096246], [30.0696579, 36.3095165], [30.0698295, 36.309309], [30.0702023, 36.3090648], [30.0705913, 36.3090367], [30.0710736, 36.3090859], [30.0714442, 36.309054], [30.0718489, 36.3089472], [30.0722903, 36.308554], [30.0728711, 36.3081983], [30.0731796, 36.3077938], [30.073303, 36.3075172]]}}, {"type": "Feature", "properties": {"category": "lycian_way", "name": "Likya Yolu", "ref": "", "relation_id": 51855, "role": ""}, "geometry": {"type": "LineString", "coordinates": [[30.073303, 36.3075172], [30.073413, 36.3075366], [30.0735256, 36.3075993], [30.0737751, 36.307716], [30.0742571, 36.3079023], [30.0743732, 36.3079192], [30.0745529, 36.3079462], [30.0746367, 36.3079081]]}}, {"type": "Feature", "properties": {"category": "lycian_way", "name": "Likya Yolu", "ref": "", "relation_id": 51855, "role": ""}, "geometry": {"type": "LineString", "coordinates": [[30.0746367, 36.3079081], [30.074797, 36.3076598], [30.0750204, 36.307537], [30.075151, 36.3074653], [30.0754166, 36.3073918], [30.0757652, 36.3072621], [30.0761408, 36.3070417]]}}, {"type": "Feature", "properties": {"category": "lycian_way", "name": "Likya Yolu", "ref": "", "relation_id": 51855, "role": ""}, "geometry": {"type": "LineString", "coordinates": [[30.0761408, 36.3070417], [30.0762749, 36.3068817], [30.0764232, 36.3065027], [30.0766279, 36.306227], [30.0766699, 36.3061593], [30.076694, 36.3060291], [30.0769336, 36.3055468], [30.076957, 36.3054249], [30.0768829, 36.3051409], [30.076942, 36.3047574], [30.0771841, 36.3044046], [30.0772646, 36.3040004], [30.0773075, 36.3037064], [30.0773317, 36.3035832], [30.0773744, 36.3035045]]}}, {"type": "Feature", "properties": {"category": "lycian_way", "name": "Likya Yolu", "ref": "", "relation_id": 51855, "role": ""}, "geometry": {"type": "LineString", "coordinates": [[30.0773744, 36.3035045], [30.0775756, 36.3032363], [30.077747, 36.3028373], [30.0778486, 36.3025789]]}}, {"type": "Feature", "properties": {"category": "lycian_way", "name": "Likya Yolu", "ref": "", "relation_id": 51855, "role": ""}, "geometry": {"type": "LineString", "coordinates": [[30.0778486, 36.3025789], [30.0776535, 36.3024592], [30.0775436, 36.3024678], [30.0774309, 36.3024289], [30.0772378, 36.3022798], [30.0771058, 36.3022515], [30.0769508, 36.3022236]]}}, {"type": "Feature", "properties": {"category": "lycian_way", "name": "Likya Yolu", "ref": "", "relation_id": 51855, "role": ""}, "geometry": {"type": "LineString", "coordinates": [[30.0769508, 36.3022236], [30.0768091, 36.3021689], [30.0764358, 36.3022992], [30.0762024, 36.3023187], [30.0759476, 36.3024246], [30.0757197, 36.3025803], [30.0754943, 36.3026624], [30.0752637, 36.302483], [30.0751108, 36.3023057], [30.0749157, 36.3020285], [30.0747031, 36.3019383], [30.0745341, 36.3017545], [30.0743625, 36.3017134], [30.0741908, 36.3014519], [30.0741452, 36.3012444], [30.0739226, 36.3008401], [30.0737509, 36.3006197], [30.0737375, 36.3004057], [30.0736141, 36.3001657], [30.0737526, 36.3000133], [30.0744022, 36.2992993], [30.0751342, 36.2988096], [30.0754105, 36.2985294], [30.0755234, 36.2982951], [30.0756755, 36.2977264], [30.0759335, 36.2974466], [30.0760167, 36.2968419], [30.0763189, 36.2964559], [30.0764152, 36.2963098], [30.0764519, 36.2960822], [30.0767147, 36.2958012], [30.0768167, 36.2954764], [30.0767684, 36.2952175], [30.0766289, 36.2950921], [30.076586, 36.2948197], [30.0766557, 36.2945603], [30.0765149, 36.2943718], [30.0763607, 36.2941084], [30.0763087, 36.2938972], [30.0762395, 36.2937363], [30.0761586, 36.2935195], [30.076101, 36.2933148], [30.0759423, 36.2932034], [30.0756032, 36.293026], [30.0754933, 36.2929038], [30.0753645, 36.2927177], [30.0751422, 36.2925421], [30.0748856, 36.2923497], [30.0747137, 36.2921913], [30.074645, 36.2921104], [30.0747836, 36.291791], [30.0747353, 36.2916396], [30.0747755, 36.2914948], [30.0750022, 36.2912224], [30.0750692, 36.2910786], [30.0750732, 36.2910159], [30.0751555, 36.290876], [30.0752583, 36.2909986], [30.075442, 36.2908927], [30.0755051, 36.2909662], [30.0754127, 36.2911447], [30.0753938, 36.2912613], [30.0754367, 36.2914126], [30.0754461, 36.2915748], [30.0754568, 36.2917218], [30.0755668, 36.291711], [30.0757384, 36.2915769], [30.0758967, 36.2913932], [30.0761622, 36.2912159], [30.0763607, 36.2912246], [30.0768132, 36.2912696], [30.0773678, 36.2913961], [30.0780036, 36.2916537], [30.0785226, 36.2917877], [30.078991, 36.2920143], [30.0794724, 36.2923684], [30.0797671, 36.2926017], [30.079899, 36.2927695], [30.0800031, 36.2927444], [30.0800058, 36.292619], [30.0800514, 36.2925628], [30.0801238, 36.2925195], [30.0802687, 36.2924287], [30.0803089, 36.2922428], [30.0804752, 36.2921109], [30.0806817, 36.2918385], [30.0807327, 36.2917023], [30.0808695, 36.2915791], [30.0814182, 36.2909882], [30.0820419, 36.2905818], [30.0822455, 36.2903951], [30.0826398, 36.2900982], [30.0826907, 36.2899447], [30.0829831, 36.2897371], [30.0832218, 36.2895101], [30.0833417, 36.2894077], [30.0835115, 36.2894258], [30.0836188, 36.2894085], [30.0838454, 36.2892929], [30.0843537, 36.288907], [30.0845656, 36.2888097], [30.0852951, 36.288347], [30.0854722, 36.2881892], [30.0857057, 36.2881988], [30.0861552, 36.2879346]]}}, {"type": "Feature", "properties": {"category": "lycian_way", "name": "Likya Yolu", "ref": "", "relation_id": 51855, "role": ""}, "geometry": {"type": "LineString", "coordinates": [[30.0876673, 36.2880028], [30.0870503, 36.2878471], [30.0866469, 36.2879032], [30.0864109, 36.2879103], [30.0861552, 36.2879346]]}}, {"type": "Feature", "properties": {"category": "lycian_way", "name": "Likya Yolu", "ref": "", "relation_id": 51855, "role": ""}, "geometry": {"type": "LineString", "coordinates": [[30.0892407, 36.2877049], [30.0890797, 36.2877879], [30.0890221, 36.2878], [30.088798, 36.2879084], [30.088546, 36.2879622], [30.088243, 36.2880084], [30.0879508, 36.2880159], [30.0876673, 36.2880028]]}}, {"type": "Feature", "properties": {"category": "lycian_way", "name": "Likya Yolu", "ref": "", "relation_id": 51855, "role": ""}, "geometry": {"type": "LineString", "coordinates": [[30.0892407, 36.2877049], [30.0897194, 36.2872984], [30.089981, 36.2869179], [30.0899944, 36.2866887]]}}, {"type": "Feature", "properties": {"category": "lycian_way", "name": "Likya Yolu", "ref": "", "relation_id": 51855, "role": ""}, "geometry": {"type": "LineString", "coordinates": [[30.0899944, 36.2866887], [30.0900679, 36.2865462], [30.0902133, 36.2864502], [30.0902278, 36.2863172], [30.0902756, 36.2861867], [30.0904756, 36.2861843], [30.0906341, 36.286133], [30.0907786, 36.2861328], [30.0909011, 36.2861434], [30.0911069, 36.286153], [30.0913082, 36.286153], [30.091517, 36.286117]]}}, {"type": "Feature", "properties": {"category": "lycian_way", "name": "Likya Yolu", "ref": "", "relation_id": 51855, "role": ""}, "geometry": {"type": "LineString", "coordinates": [[30.091517, 36.286117], [30.092083, 36.286033], [30.092417, 36.286067], [30.0931, 36.286517], [30.093417, 36.28665], [30.093967, 36.2869], [30.0945, 36.286817], [30.0955, 36.286533], [30.096033, 36.286433], [30.09626, 36.2864987], [30.0966153, 36.2866923], [30.0969789, 36.2868187], [30.0973788, 36.2869303], [30.097717, 36.287067]]}}, {"type": "Feature", "properties": {"category": "lycian_way", "name": "Likya Yolu", "ref": "", "relation_id": 51855, "role": ""}, "geometry": {"type": "LineString", "coordinates": [[30.097717, 36.287067], [30.0973312, 36.28722], [30.0970093, 36.2871854], [30.0966445, 36.2871681], [30.0963441, 36.2871076], [30.0960008, 36.2872892], [30.0953249, 36.2873411], [30.0950245, 36.287393], [30.0945524, 36.2876006], [30.0942949, 36.2877908], [30.0940267, 36.2877995]]}}, {"type": "Feature", "properties": {"category": "lycian_way", "name": "Likya Yolu", "ref": "", "relation_id": 51855, "role": ""}, "geometry": {"type": "LineString", "coordinates": [[30.0940267, 36.2877995], [30.0938529, 36.2878523], [30.0936116, 36.2878325], [30.0934284, 36.2879118], [30.0933479, 36.2880108]]}}, {"type": "Feature", "properties": {"category": "lycian_way", "name": "Likya Yolu", "ref": "", "relation_id": 51855, "role": ""}, "geometry": {"type": "LineString", "coordinates": [[30.0933479, 36.2880108], [30.0936205, 36.2880198], [30.0940852, 36.2881333], [30.0942595, 36.2881477], [30.0947488, 36.2881243], [30.0949566, 36.2881477], [30.0951331, 36.2882233], [30.0954012, 36.2882702], [30.0956716, 36.2882539], [30.0958079, 36.2882774], [30.0959799, 36.2883296], [30.0960916, 36.2883422], [30.0963575, 36.2883296], [30.0964402, 36.2883566], [30.0966592, 36.2885295], [30.0971194, 36.2887798], [30.0972222, 36.2887996], [30.097401, 36.2888068], [30.098355, 36.2892247], [30.0991035, 36.2892445], [30.0993426, 36.2893885], [30.1000729, 36.289612]]}}, {"type": "Feature", "properties": {"category": "lycian_way", "name": "Likya Yolu", "ref": "", "relation_id": 51855, "role": ""}, "geometry": {"type": "LineString", "coordinates": [[30.1000729, 36.289612], [30.1001452, 36.2896972], [30.1003444, 36.2897333], [30.1006037, 36.2896669], [30.1008683, 36.2896346], [30.101057, 36.2896237], [30.101415, 36.2897726], [30.1019497, 36.2899028], [30.1024977, 36.2901504], [30.1034697, 36.2903646], [30.1042751, 36.2904957], [30.1049372, 36.2906904]]}}, {"type": "Feature", "properties": {"category": "lycian_way", "name": "Likya Yolu", "ref": "", "relation_id": 51855, "role": ""}, "geometry": {"type": "LineString", "coordinates": [[30.1049372, 36.2906904], [30.1046089, 36.2903478], [30.1053919, 36.2905739], [30.1070718, 36.2909294], [30.1078839, 36.2913357], [30.1090409, 36.2920006], [30.1096195, 36.2924801], [30.1096566, 36.2925109], [30.1103117, 36.2925925]]}}, {"type": "Feature", "properties": {"category": "lycian_way", "name": "Likya Yolu", "ref": "", "relation_id": 51855, "role": ""}, "geometry": {"type": "LineString", "coordinates": [[30.1103117, 36.2925925], [30.1105921, 36.2925034], [30.1112541, 36.2921434]]}}, {"type": "Feature", "properties": {"category": "lycian_way", "name": "Likya Yolu", "ref": "", "relation_id": 51855, "role": ""}, "geometry": {"type": "LineString", "coordinates": [[30.1112541, 36.2921434], [30.1112164, 36.2921216], [30.111195, 36.2920616], [30.1113198, 36.2918964], [30.1116108, 36.2916149], [30.1121414, 36.2911359], [30.1122379, 36.2909716], [30.1125222, 36.2907381], [30.1135573, 36.2895386], [30.1138702, 36.2893245], [30.1142158, 36.289216], [30.1143432, 36.2892219], [30.1145893, 36.2891002], [30.1146434, 36.2890196], [30.1144508, 36.2889697], [30.1142952, 36.288868], [30.114271, 36.2888118], [30.1143891, 36.288721]]}}, {"type": "Feature", "properties": {"category": "lycian_way", "name": "Likya Yolu", "ref": "", "relation_id": 51855, "role": ""}, "geometry": {"type": "LineString", "coordinates": [[30.1143891, 36.288721], [30.1143327, 36.2886259], [30.11455, 36.2885546], [30.1148416, 36.2885298], [30.1150033, 36.2885305], [30.1151126, 36.2884902], [30.1152903, 36.2884767], [30.1156602, 36.2883392], [30.1158674, 36.2882542], [30.1159957, 36.2881178], [30.1162156, 36.2880897], [30.1164374, 36.288026], [30.1167279, 36.2880357], [30.1168916, 36.2880227], [30.1171008, 36.2879362], [30.1172754, 36.2878851], [30.1174226, 36.2877222], [30.1175537, 36.2876705], [30.1176801, 36.2876206], [30.1177436, 36.2876213], [30.1178625, 36.2876227], [30.1180148, 36.2875511], [30.1180717, 36.2875244], [30.1182078, 36.2875073], [30.1182448, 36.2875026], [30.1184084, 36.2874617], [30.1185902, 36.2873051], [30.1187664, 36.2872682]]}}, {"type": "Feature", "properties": {"category": "lycian_way", "name": "Likya Yolu", "ref": "", "relation_id": 51855, "role": ""}, "geometry": {"type": "LineString", "coordinates": [[30.1187664, 36.2872682], [30.1193055, 36.287026], [30.119732, 36.2869006], [30.1199225, 36.2867428], [30.1201612, 36.286626], [30.1205072, 36.2864747], [30.1208049, 36.2864466], [30.1214104, 36.2862385], [30.1216632, 36.2862693], [30.1219532, 36.2862094], [30.1222506, 36.2862109], [30.1225993, 36.2859753], [30.1228997, 36.2858412], [30.1231223, 36.2856401]]}}, {"type": "Feature", "properties": {"category": "lycian_way", "name": "Likya Yolu", "ref": "", "relation_id": 51855, "role": ""}, "geometry": {"type": "LineString", "coordinates": [[30.1231223, 36.2856401], [30.1234584, 36.2852296], [30.1236486, 36.2849652], [30.1238415, 36.2846355], [30.1239702, 36.2843762], [30.1242274, 36.2840341], [30.1245152, 36.2836275], [30.1247574, 36.2833891], [30.1249632, 36.2830677], [30.1251561, 36.2829619], [30.1253748, 36.2827856], [30.1258582, 36.2826391], [30.1262122, 36.2825224], [30.1265623, 36.2824889], [30.1266527, 36.2824585], [30.1267196, 36.2824285], [30.1269364, 36.2824456], [30.1270464, 36.2825083], [30.1273012, 36.2825548], [30.1274809, 36.2827408], [30.1278242, 36.2828943], [30.1280549, 36.2829743], [30.128307, 36.2830672], [30.1285645, 36.2831948], [30.1289071, 36.2833621], [30.1291653, 36.2834456], [30.1295516, 36.2835624], [30.1298305, 36.2835213], [30.1302985, 36.2834189], [30.1304743, 36.2833786], [30.1307639, 36.2833786], [30.1310295, 36.2832986], [30.131184, 36.2832595], [30.1312307, 36.2832208], [30.1316947, 36.2831148], [30.1320273, 36.2830499], [30.1323062, 36.2830759], [30.1326844, 36.2831516], [30.1330358, 36.2833375], [30.1335964, 36.2837353], [30.1334321, 36.2841047], [30.1334837, 36.2841699], [30.1333496, 36.2844272], [30.1332906, 36.2845807], [30.1336366, 36.2844986], [30.1341355, 36.2844856], [30.1344761, 36.2845569], [30.1347765, 36.2845505], [30.1352352, 36.284611], [30.1357663, 36.2845418], [30.1360132, 36.2846644], [30.1360322, 36.2849525], [30.1358896, 36.2852964], [30.1357716, 36.2857396], [30.135785, 36.2863709], [30.1359889, 36.286719], [30.1362625, 36.2870736], [30.1364076, 36.2871322]]}}, {"type": "Feature", "properties": {"category": "lycian_way", "name": "Likya Yolu", "ref": "", "relation_id": 51855, "role": ""}, "geometry": {"type": "LineString", "coordinates": [[30.1364076, 36.2871322], [30.1363951, 36.2875369], [30.1366192, 36.2880414], [30.1367698, 36.2885474]]}}, {"type": "Feature", "properties": {"category": "lycian_way", "name": "Likya Yolu", "ref": "", "relation_id": 51855, "role": ""}, "geometry": {"type": "LineString", "coordinates": [[30.137386, 36.2916041], [30.1373226, 36.2913458], [30.137217, 36.2909679], [30.1372305, 36.2908265], [30.1372214, 36.2906218], [30.1372381, 36.2896236], [30.1372861, 36.2889976], [30.1373327, 36.2888594], [30.1367698, 36.2885474]]}}, {"type": "Feature", "properties": {"category": "lycian_way", "name": "Likya Yolu", "ref": "", "relation_id": 51855, "role": ""}, "geometry": {"type": "LineString", "coordinates": [[30.1400908, 36.2948198], [30.1400003, 36.2946386], [30.1398857, 36.2944638], [30.1395038, 36.2940333], [30.13932, 36.293833], [30.139061, 36.2934923], [30.1386304, 36.2930529], [30.1383242, 36.2927335], [30.1376782, 36.2920232], [30.137386, 36.2916041]]}}, {"type": "Feature", "properties": {"category": "lycian_way", "name": "Likya Yolu", "ref": "", "relation_id": 51855, "role": ""}, "geometry": {"type": "LineString", "coordinates": [[30.1422694, 36.295011], [30.1419581, 36.29491], [30.1417466, 36.2948673], [30.1409504, 36.2948758], [30.1402042, 36.2948268], [30.1400908, 36.2948198]]}}, {"type": "Feature", "properties": {"category": "lycian_way", "name": "Likya Yolu", "ref": "", "relation_id": 51855, "role": ""}, "geometry": {"type": "LineString", "coordinates": [[30.1422694, 36.295011], [30.1422752, 36.2949923], [30.1422882, 36.2949761], [30.1423069, 36.2949642], [30.1423294, 36.2949577], [30.1423534, 36.2949574], [30.1423761, 36.2949633], [30.1423953, 36.2949747], [30.1424063, 36.2949884], [30.1424148, 36.2950053], [30.1424157, 36.2950208]]}}, {"type": "Feature", "properties": {"category": "lycian_way", "name": "Likya Yolu", "ref": "", "relation_id": 51855, "role": ""}, "geometry": {"type": "LineString", "coordinates": [[30.1452936, 36.2959814], [30.1450129, 36.2958698], [30.1447145, 36.2957512], [30.1441052, 36.2955272], [30.1440578, 36.2955231], [30.1435063, 36.2953192], [30.1426533, 36.2950958], [30.1424157, 36.2950208]]}}, {"type": "Feature", "properties": {"category": "lycian_way", "name": "Likya Yolu", "ref": "", "relation_id": 51855, "role": ""}, "geometry": {"type": "LineString", "coordinates": [[30.1457965, 36.2961113], [30.1454881, 36.2960456], [30.1452936, 36.2959814]]}}, {"type": "Feature", "properties": {"category": "lycian_way", "name": "Likya Yolu", "ref": "", "relation_id": 51855, "role": ""}, "geometry": {"type": "LineString", "coordinates": [[30.1457965, 36.2961113], [30.1457642, 36.2965503], [30.1457011, 36.2974073], [30.1457063, 36.2976402]]}}, {"type": "Feature", "properties": {"category": "lycian_way", "name": "Likya Yolu", "ref": "", "relation_id": 51855, "role": ""}, "geometry": {"type": "LineString", "coordinates": [[30.1453721, 36.2982649], [30.1455452, 36.2978578], [30.1457063, 36.2976402]]}}, {"type": "Feature", "properties": {"category": "lycian_way", "name": "Likya Yolu", "ref": "", "relation_id": 51855, "role": ""}, "geometry": {"type": "LineString", "coordinates": [[30.1454647, 36.2982948], [30.1453721, 36.2982649]]}}, {"type": "Feature", "properties": {"category": "lycian_way", "name": "Likya Yolu", "ref": "", "relation_id": 51855, "role": ""}, "geometry": {"type": "LineString", "coordinates": [[30.1455268, 36.2983101], [30.1454647, 36.2982948]]}}, {"type": "Feature", "properties": {"category": "lycian_way", "name": "Likya Yolu", "ref": "", "relation_id": 51855, "role": ""}, "geometry": {"type": "LineString", "coordinates": [[30.1456638, 36.2983241], [30.1455268, 36.2983101]]}}, {"type": "Feature", "properties": {"category": "lycian_way", "name": "Likya Yolu", "ref": "", "relation_id": 51855, "role": ""}, "geometry": {"type": "LineString", "coordinates": [[30.1459412, 36.2983488], [30.1456638, 36.2983241]]}}, {"type": "Feature", "properties": {"category": "lycian_way", "name": "Likya Yolu", "ref": "", "relation_id": 51855, "role": ""}, "geometry": {"type": "LineString", "coordinates": [[30.1465809, 36.298562], [30.1464307, 36.2985401], [30.1460702, 36.2983992], [30.1459412, 36.2983488]]}}, {"type": "Feature", "properties": {"category": "lycian_way", "name": "Likya Yolu", "ref": "", "relation_id": 51855, "role": ""}, "geometry": {"type": "LineString", "coordinates": [[30.1466826, 36.2987772], [30.1465809, 36.298562]]}}, {"type": "Feature", "properties": {"category": "lycian_way", "name": "Likya Yolu", "ref": "", "relation_id": 51855, "role": ""}, "geometry": {"type": "LineString", "coordinates": [[30.1466826, 36.2987772], [30.1467746, 36.2987481], [30.1468532, 36.2987249], [30.1466873, 36.2984147]]}}, {"type": "Feature", "properties": {"category": "lycian_way", "name": "Likya Yolu", "ref": "", "relation_id": 51855, "role": ""}, "geometry": {"type": "LineString", "coordinates": [[30.1466873, 36.2984147], [30.146838, 36.2983469], [30.14699, 36.2982786], [30.1473507, 36.2981337]]}}, {"type": "Feature", "properties": {"category": "lycian_way", "name": "Likya Yolu", "ref": "", "relation_id": 51855, "role": ""}, "geometry": {"type": "LineString", "coordinates": [[30.1473507, 36.2981337], [30.1474473, 36.2981521], [30.1475318, 36.2981888], [30.1475948, 36.2982494], [30.1475961, 36.2983175], [30.1475921, 36.2983802], [30.1476029, 36.2984266], [30.1476257, 36.2984612], [30.1476605, 36.2984893], [30.1477034, 36.2985088], [30.1477705, 36.2985109], [30.1478268, 36.2985001], [30.1478845, 36.2985055], [30.1479354, 36.2985282], [30.147973, 36.2985671], [30.1479904, 36.298605], [30.1479864, 36.2986644], [30.147965, 36.2987044], [30.1479274, 36.2987509], [30.1479167, 36.2987855], [30.1479153, 36.2988265], [30.1479341, 36.2988687], [30.1479918, 36.2989011], [30.1480481, 36.2989411]]}}, {"type": "Feature", "properties": {"category": "lycian_way", "name": "Likya Yolu", "ref": "", "relation_id": 51855, "role": ""}, "geometry": {"type": "LineString", "coordinates": [[30.1482104, 36.2989033], [30.14815, 36.2989], [30.1480937, 36.2989119], [30.1480481, 36.2989411]]}}, {"type": "Feature", "properties": {"category": "lycian_way", "name": "Likya Yolu", "ref": "", "relation_id": 51855, "role": ""}, "geometry": {"type": "LineString", "coordinates": [[30.1482104, 36.2989033], [30.1482278, 36.2989681], [30.1482506, 36.2990049], [30.1482707, 36.2990416], [30.1483472, 36.2990903], [30.1484196, 36.2991238], [30.1484893, 36.2991562], [30.1485121, 36.2992178], [30.1485229, 36.2992762], [30.1485054, 36.2993173]]}}, {"type": "Feature", "properties": {"category": "lycian_way", "name": "Likya Yolu", "ref": "", "relation_id": 51855, "role": ""}, "geometry": {"type": "LineString", "coordinates": [[30.1485054, 36.2993173], [30.1485845, 36.2993529], [30.1486771, 36.2994016], [30.1487133, 36.2994513], [30.1487361, 36.2995042], [30.1487321, 36.2995594], [30.1487401, 36.2996199], [30.148771, 36.2996685], [30.1488112, 36.2996966], [30.1488715, 36.2997118], [30.1489185, 36.2997172], [30.1489815, 36.2997031]]}}, {"type": "Feature", "properties": {"category": "lycian_way", "name": "Likya Yolu", "ref": "", "relation_id": 51855, "role": ""}, "geometry": {"type": "LineString", "coordinates": [[30.1489815, 36.2997031], [30.1490647, 36.2998977], [30.1493222, 36.3004035], [30.1492953, 36.3004683], [30.1491052, 36.3004891]]}}, {"type": "Feature", "properties": {"category": "lycian_way", "name": "Likya Yolu", "ref": "", "relation_id": 51855, "role": ""}, "geometry": {"type": "LineString", "coordinates": [[30.1494114, 36.3015956], [30.1495081, 36.3014303], [30.1495447, 36.3012237], [30.1493249, 36.3006982], [30.1491052, 36.3004891]]}}, {"type": "Feature", "properties": {"category": "lycian_way", "name": "Likya Yolu", "ref": "", "relation_id": 51855, "role": ""}, "geometry": {"type": "LineString", "coordinates": [[30.1501492, 36.3020058], [30.1498745, 36.3018531], [30.1494114, 36.3015956]]}}, {"type": "Feature", "properties": {"category": "lycian_way", "name": "Likya Yolu", "ref": "", "relation_id": 51855, "role": ""}, "geometry": {"type": "LineString", "coordinates": [[30.1757799, 36.3125767], [30.1753466, 36.3125123], [30.1749306, 36.312418], [30.1744331, 36.3123265], [30.1736682, 36.3121336], [30.173346, 36.3120343], [30.1732278, 36.3119387], [30.1731219, 36.3118259], [30.172942, 36.3117862], [30.1727933, 36.3117162], [30.1726396, 36.3117245], [30.1723458, 36.3117193], [30.1723163, 36.311438], [30.1720153, 36.3113049], [30.1717012, 36.3112223], [30.1715331, 36.3111734], [30.1697378, 36.3105982], [30.1688666, 36.3103191], [30.1682758, 36.3101242], [30.1667866, 36.3096328], [30.1666997, 36.3096041], [30.1662537, 36.3094146], [30.1657348, 36.3091941], [30.1654149, 36.3090581], [30.1652473, 36.3089869], [30.1639401, 36.3084835], [30.1634068, 36.3082348], [30.1632584, 36.3081936], [30.1628703, 36.3080521], [30.1625964, 36.3079394], [30.1625206, 36.3078637], [30.162369, 36.307798], [30.1619067, 36.3076123], [30.1617664, 36.3075864], [30.161191, 36.3073057], [30.1600435, 36.3067379], [30.1592962, 36.3063319], [30.1588643, 36.3061162], [30.1580182, 36.3056413], [30.1578464, 36.3055516], [30.1566474, 36.3049259], [30.1561354, 36.3046865], [30.1557367, 36.3045356], [30.1550703, 36.3041903], [30.1539879, 36.303658], [30.1534415, 36.3033607], [30.1531585, 36.3031326], [30.1525916, 36.3026757], [30.1520266, 36.3022994], [30.1516389, 36.3020209], [30.1512046, 36.3017536], [30.1509058, 36.3015993], [30.1505789, 36.3015391], [30.150336, 36.3015542], [30.1502846, 36.3015912], [30.1501586, 36.3016821], [30.1500185, 36.3018289], [30.1501772, 36.3019644], [30.1501492, 36.3020058]]}}, {"type": "Feature", "properties": {"category": "lycian_way", "name": "Likya Yolu", "ref": "", "relation_id": 51855, "role": ""}, "geometry": {"type": "LineString", "coordinates": [[30.181195, 36.3139907], [30.1806996, 36.3138705], [30.1804572, 36.3137959], [30.1802163, 36.3137], [30.1800885, 36.3135414], [30.1800327, 36.3134715], [30.1799959, 36.3134348], [30.1799269, 36.3134277], [30.1797756, 36.3134585], [30.179633, 36.3134632], [30.1792129, 36.313404], [30.1790689, 36.3133898], [30.1788882, 36.3133176], [30.1787663, 36.3132999], [30.1784901, 36.3132679], [30.178158, 36.3132265], [30.1780155, 36.3131945], [30.1779289, 36.313114], [30.1778363, 36.313043], [30.1776482, 36.3130027], [30.1773165, 36.3129144], [30.1770516, 36.3129642], [30.1769407, 36.3129439], [30.1760637, 36.3127041], [30.1757799, 36.3125767]]}}, {"type": "Feature", "properties": {"category": "lycian_way", "name": "Likya Yolu", "ref": "", "relation_id": 51855, "role": ""}, "geometry": {"type": "LineString", "coordinates": [[30.1811593, 36.3141008], [30.181195, 36.3139907]]}}, {"type": "Feature", "properties": {"category": "lycian_way", "name": "Likya Yolu", "ref": "", "relation_id": 51855, "role": ""}, "geometry": {"type": "LineString", "coordinates": [[30.1811593, 36.3141008], [30.1811761, 36.314105], [30.1837054, 36.314734], [30.1837814, 36.3147509], [30.1848909, 36.3149976], [30.1856258, 36.3151295], [30.1861712, 36.3152078], [30.1862255, 36.3152156], [30.1864681, 36.3152505], [30.18648, 36.3152519], [30.1872352, 36.3153434], [30.1876524, 36.315382], [30.1880532, 36.3154191], [30.1888545, 36.3154609], [30.1890054, 36.3154688], [30.1904833, 36.3154969], [30.1910747, 36.3155028], [30.1911297, 36.3155034], [30.1936859, 36.3155293], [30.1959604, 36.3155552], [30.199061, 36.3155855], [30.2016011, 36.3156158], [30.205434, 36.3156482], [30.2057562, 36.3156555], [30.2065991, 36.3156669], [30.2078694, 36.3156741], [30.2089316, 36.3156438], [30.2100903, 36.3155747], [30.2114877, 36.3154645], [30.2126276, 36.315365], [30.2142289, 36.3152311], [30.2165678, 36.3150365], [30.2193519, 36.3147966], [30.2217901, 36.3145848], [30.2229005, 36.3145503], [30.2237642, 36.3145503], [30.2248505, 36.3146389], [30.2257249, 36.3147815], [30.2265349, 36.3149652], [30.2278411, 36.3153564], [30.2288968, 36.3157665], [30.2292654, 36.3159097], [30.2298716, 36.3161388], [30.2300932, 36.3162089], [30.2303222, 36.3162814], [30.2312905, 36.3165343], [30.2320817, 36.3166964], [30.232822, 36.3167871], [30.2334818, 36.3168325], [30.234485, 36.3168563], [30.235818, 36.3168109], [30.2385075, 36.316709], [30.2385539, 36.3167072], [30.2391082, 36.3166842], [30.2404797, 36.3166272], [30.2434543, 36.3165127], [30.2440979, 36.3164808], [30.2448946, 36.3164413], [30.2465174, 36.3164024], [30.2472898, 36.3163895], [30.2510335, 36.3164489]]}}, {"type": "Feature", "properties": {"category": "lycian_way", "name": "Likya Yolu", "ref": "", "relation_id": 51855, "role": ""}, "geometry": {"type": "LineString", "coordinates": [[30.2510335, 36.3164489], [30.2523892, 36.3164533]]}}, {"type": "Feature", "properties": {"category": "lycian_way", "name": "Likya Yolu", "ref": "", "relation_id": 51855, "role": ""}, "geometry": {"type": "LineString", "coordinates": [[30.2523892, 36.3164533], [30.2562913, 36.3164478], [30.2566132, 36.3164629], [30.2569243, 36.3164932], [30.2589976, 36.3167526], [30.2601188, 36.3168822], [30.2611139, 36.3170854], [30.262679, 36.3174599], [30.2634528, 36.3176451], [30.264806, 36.3179704], [30.2653318, 36.3181046]]}}, {"type": "Feature", "properties": {"category": "lycian_way", "name": "Likya Yolu", "ref": "", "relation_id": 51855, "role": ""}, "geometry": {"type": "LineString", "coordinates": [[30.2653318, 36.3181046], [30.2657009, 36.3181865]]}}, {"type": "Feature", "properties": {"category": "lycian_way", "name": "Likya Yolu", "ref": "", "relation_id": 51855, "role": ""}, "geometry": {"type": "LineString", "coordinates": [[30.2657009, 36.3181865], [30.2690949, 36.3189299], [30.2727082, 36.3197018], [30.2731782, 36.3198651], [30.2734759, 36.3200255], [30.2735834, 36.3200283], [30.2736858, 36.3199599], [30.2739524, 36.3196739], [30.2740891, 36.3196096], [30.2747959, 36.3194886], [30.2815422, 36.3190181], [30.2848059, 36.3187905], [30.2856293, 36.3186846], [30.2891216, 36.317898], [30.2910139, 36.3174884], [30.2913585, 36.3173728], [30.2916261, 36.3172723], [30.2917649, 36.3171902], [30.2918601, 36.3171059], [30.2920157, 36.3169028], [30.2920698, 36.3167485], [30.2920197, 36.3164478], [30.2920478, 36.3163756], [30.2921891, 36.31628], [30.2924824, 36.3162771], [30.2931046, 36.3163873], [30.2933282, 36.3165198]]}}, {"type": "Feature", "properties": {"category": "lycian_way", "name": "Likya Yolu", "ref": "", "relation_id": 51855, "role": ""}, "geometry": {"type": "LineString", "coordinates": [[30.2933282, 36.3165198], [30.2935482, 36.3166204]]}}, {"type": "Feature", "properties": {"category": "lycian_way", "name": "Likya Yolu", "ref": "", "relation_id": 51855, "role": ""}, "geometry": {"type": "LineString", "coordinates": [[30.2935482, 36.3166204], [30.2941114, 36.3168852], [30.2944036, 36.3169429]]}}, {"type": "Feature", "properties": {"category": "lycian_way", "name": "Likya Yolu", "ref": "", "relation_id": 51855, "role": ""}, "geometry": {"type": "LineString", "coordinates": [[30.2944036, 36.3169429], [30.2948149, 36.3168555]]}}, {"type": "Feature", "properties": {"category": "lycian_way", "name": "Likya Yolu", "ref": "", "relation_id": 51855, "role": ""}, "geometry": {"type": "LineString", "coordinates": [[30.2948149, 36.3168555], [30.2962419, 36.3166406], [30.2976551, 36.3163749], [30.3009174, 36.315382], [30.3014474, 36.315094], [30.3031354, 36.3141766], [30.3037406, 36.3138477], [30.3045605, 36.3136519], [30.3051682, 36.3136436], [30.3055846, 36.3135752], [30.306805, 36.3130532], [30.3072351, 36.3128557], [30.3086333, 36.3122769], [30.3091338, 36.3121757], [30.3095737, 36.3121238], [30.3103421, 36.3122043], [30.3110026, 36.3123601], [30.311628, 36.3124646]]}}, {"type": "Feature", "properties": {"category": "lycian_way", "name": "Likya Yolu", "ref": "", "relation_id": 51855, "role": ""}, "geometry": {"type": "LineString", "coordinates": [[30.3101552, 36.3087967], [30.3100965, 36.3088897], [30.3104473, 36.3096302], [30.3106959, 36.3101808], [30.3111935, 36.3112737], [30.3115636, 36.3120367], [30.3116441, 36.3122679], [30.311628, 36.3124646]]}}, {"type": "Feature", "properties": {"category": "lycian_way", "name": "Likya Yolu", "ref": "", "relation_id": 51855, "role": ""}, "geometry": {"type": "LineString", "coordinates": [[30.3205023, 36.3030164], [30.3202477, 36.3030026], [30.3188271, 36.3038904], [30.3172488, 36.3048567], [30.3156814, 36.3058007], [30.3148628, 36.3062526], [30.314544, 36.306427], [30.3142937, 36.3065627], [30.3140028, 36.3067176], [30.3137219, 36.306859], [30.313513, 36.3069641], [30.3123112, 36.3075879], [30.3121614, 36.3076619], [30.3120429, 36.3077213], [30.311702, 36.3079053], [30.3105996, 36.3084759], [30.3101806, 36.308713], [30.3101552, 36.3087967]]}}, {"type": "Feature", "properties": {"category": "lycian_way", "name": "Likya Yolu", "ref": "", "relation_id": 51855, "role": ""}, "geometry": {"type": "LineString", "coordinates": [[30.3205023, 36.3030164], [30.3213714, 36.3034992], [30.3220472, 36.3038507], [30.3223465, 36.3039599], [30.3225252, 36.3039588]]}}, {"type": "Feature", "properties": {"category": "lycian_way", "name": "Likya Yolu", "ref": "", "relation_id": 51855, "role": ""}, "geometry": {"type": "LineString", "coordinates": [[30.322655, 36.3036719], [30.322603, 36.303781], [30.3225252, 36.3039588]]}}, {"type": "Feature", "properties": {"category": "lycian_way", "name": "Likya Yolu", "ref": "", "relation_id": 51855, "role": ""}, "geometry": {"type": "LineString", "coordinates": [[30.3227589, 36.3034846], [30.322655, 36.3036719]]}}, {"type": "Feature", "properties": {"category": "lycian_way", "name": "Likya Yolu", "ref": "", "relation_id": 51855, "role": ""}, "geometry": {"type": "LineString", "coordinates": [[30.3261712, 36.303736], [30.3259974, 36.3035002], [30.3258744, 36.3034182], [30.3256873, 36.3034222], [30.3247547, 36.3035085], [30.3233441, 36.3034257], [30.3229592, 36.3034226], [30.3227589, 36.3034846]]}}, {"type": "Feature", "properties": {"category": "lycian_way", "name": "Likya Yolu", "ref": "", "relation_id": 51855, "role": ""}, "geometry": {"type": "LineString", "coordinates": [[30.3261712, 36.303736], [30.3271794, 36.3032979], [30.3272733, 36.3031336], [30.3285688, 36.3024592], [30.3287458, 36.302256], [30.3290623, 36.3020615], [30.3291749, 36.3017329], [30.3299904, 36.301279], [30.330264, 36.3001765], [30.3344911, 36.2977187], [30.333901, 36.2969426], [30.3373504, 36.2949667], [30.3406763, 36.2931551], [30.3433102, 36.291685], [30.3436911, 36.2915294], [30.3443791, 36.2914331], [30.3445428, 36.2913339]]}}, {"type": "Feature", "properties": {"category": "lycian_way", "name": "Likya Yolu", "ref": "", "relation_id": 51855, "role": ""}, "geometry": {"type": "LineString", "coordinates": [[30.3445428, 36.2913339], [30.3435835, 36.2903778], [30.3428761, 36.2894896], [30.3423219, 36.2887929], [30.3421061, 36.2885087]]}}, {"type": "Feature", "properties": {"category": "lycian_way", "name": "Likya Yolu", "ref": "", "relation_id": 51855, "role": ""}, "geometry": {"type": "LineString", "coordinates": [[30.3421061, 36.2885087], [30.3435024, 36.2874951], [30.34651, 36.2853675], [30.3493532, 36.2836467]]}}, {"type": "Feature", "properties": {"category": "lycian_way", "name": "Likya Yolu", "ref": "", "relation_id": 51855, "role": ""}, "geometry": {"type": "LineString", "coordinates": [[30.351077, 36.2827251], [30.350183, 36.2832414], [30.3499943, 36.2832424], [30.3493532, 36.2836467]]}}, {"type": "Feature", "properties": {"category": "lycian_way", "name": "Likya Yolu", "ref": "", "relation_id": 51855, "role": ""}, "geometry": {"type": "LineString", "coordinates": [[30.3516132, 36.2831119], [30.3514962, 36.2830486], [30.3511586, 36.2828274], [30.351077, 36.2827251]]}}, {"type": "Feature", "properties": {"category": "lycian_way", "name": "Likya Yolu", "ref": "", "relation_id": 51855, "role": ""}, "geometry": {"type": "LineString", "coordinates": [[30.3516132, 36.2831119], [30.3534078, 36.2819859], [30.3538477, 36.2816754], [30.3545387, 36.2809382], [30.354987, 36.280547], [30.3559573, 36.2798313], [30.3562854, 36.279642], [30.3571603, 36.279259], [30.3582264, 36.278575], [30.3585767, 36.2782167], [30.3588386, 36.2778861], [30.359235, 36.2773761], [30.3600976, 36.2767473], [30.3604413, 36.2765536], [30.3606175, 36.2765012], [30.3607801, 36.2764934], [30.3611112, 36.276536], [30.3613707, 36.2765254], [30.3615944, 36.2764755], [30.3618725, 36.2763249], [30.3624012, 36.2759948], [30.3627524, 36.2758439], [30.3630352, 36.2757762], [30.3636347, 36.2756458], [30.3639486, 36.2755601], [30.3645151, 36.2752214], [30.3650729, 36.2749561], [30.3652917, 36.2748051], [30.3654821, 36.2746115], [30.3656583, 36.27432], [30.365938, 36.2741507], [30.3664041, 36.2739205], [30.3669355, 36.2737444], [30.367527, 36.2736694], [30.3678963, 36.273594], [30.3682543, 36.2734872], [30.368585, 36.2733448], [30.3688254, 36.2732272], [30.3690194, 36.2730968], [30.3692257, 36.2729521], [30.3696308, 36.2726144], [30.3699719, 36.2723737], [30.3704457, 36.2720957], [30.3705902, 36.2720462], [30.370734, 36.2720197], [30.3708696, 36.2720297], [30.3709682, 36.2720595], [30.3711204, 36.2721964], [30.3713099, 36.2723848], [30.3714824, 36.2726313], [30.3716935, 36.2728794], [30.3718511, 36.2730338], [30.371966, 36.27311], [30.372511, 36.273359], [30.3727133, 36.2734033], [30.3729661, 36.2734229], [30.3732972, 36.2734215], [30.3737976, 36.2735237], [30.3743515, 36.2736163], [30.3746198, 36.2735963], [30.3750928, 36.2735247], [30.3754232, 36.2734655], [30.3755895, 36.27347], [30.3758005, 36.2735329], [30.37627, 36.273701], [30.3765538, 36.2737389], [30.3767604, 36.2737664], [30.3774374, 36.2737851], [30.377879, 36.2738483], [30.378139, 36.273874], [30.3783468, 36.2739139], [30.3784979, 36.2740053], [30.3786509, 36.2742244], [30.3787158, 36.2744035], [30.3787361, 36.2745464], [30.3786606, 36.2747174], [30.3786194, 36.2748718], [30.378659, 36.274993], [30.3787971, 36.275132], [30.3790848, 36.2752022], [30.3793666, 36.275235], [30.379625, 36.275282], [30.3797356, 36.2753639], [30.3797995, 36.2754857], [30.3798069, 36.2757178], [30.3798828, 36.2760092], [30.3798954, 36.2761485], [30.3798699, 36.2762379], [30.379861, 36.276269], [30.3796978, 36.2763617], [30.3794712, 36.2765092], [30.37939, 36.2766826], [30.3794288, 36.2769539], [30.3794694, 36.2772551], [30.379533, 36.2774078], [30.3799985, 36.277665]]}}, {"type": "Feature", "properties": {"category": "lycian_way", "name": "Likya Yolu", "ref": "", "relation_id": 51855, "role": ""}, "geometry": {"type": "LineString", "coordinates": [[30.3799985, 36.277665], [30.3802913, 36.2778584], [30.380474, 36.2780242], [30.3805523, 36.2781728], [30.3806425, 36.2782448], [30.3807735, 36.2782468], [30.380902, 36.2781739], [30.3812148, 36.277844], [30.3815061, 36.277507], [30.3817977, 36.2770869], [30.3819076, 36.2769808], [30.3821467, 36.2768517], [30.3824263, 36.2768053], [30.3826419, 36.2767379], [30.3827869, 36.2766065], [30.3828773, 36.2764342], [30.3829903, 36.2761291], [30.3832093, 36.2757312], [30.3833803, 36.2755169], [30.3838529, 36.2752256], [30.3853066, 36.2745366], [30.3858856, 36.2743741], [30.3861739, 36.2743799], [30.3864591, 36.2744407], [30.3866943, 36.2745386], [30.3869239, 36.2747016], [30.3871246, 36.2749], [30.3872453, 36.2751063], [30.3872915, 36.2753393], [30.3872545, 36.2755754]]}}, {"type": "Feature", "properties": {"category": "lycian_way", "name": "Likya Yolu", "ref": "", "relation_id": 51855, "role": ""}, "geometry": {"type": "LineString", "coordinates": [[30.3872545, 36.2755754], [30.3875154, 36.2754736], [30.387539, 36.2755062], [30.3874968, 36.2755675], [30.3873934, 36.2761386], [30.3872261, 36.2765498], [30.3873203, 36.2770516], [30.3871754, 36.2772311], [30.3871383, 36.277453], [30.3871329, 36.277651], [30.3871602, 36.2779794], [30.3877852, 36.2784442], [30.3880891, 36.2785929], [30.3882024, 36.2786842]]}}, {"type": "Feature", "properties": {"category": "lycian_way", "name": "Likya Yolu", "ref": "", "relation_id": 51855, "role": ""}, "geometry": {"type": "LineString", "coordinates": [[30.3882024, 36.2786842], [30.3892213, 36.2788551], [30.3895511, 36.2789667], [30.3898894, 36.2789912], [30.3900751, 36.2789326], [30.3903344, 36.278996], [30.39134, 36.2791166], [30.3918836, 36.2792314], [30.3920694, 36.2793578], [30.3922531, 36.2793864], [30.3924553, 36.2793637]]}}, {"type": "Feature", "properties": {"category": "lycian_way", "name": "Likya Yolu", "ref": "", "relation_id": 51855, "role": ""}, "geometry": {"type": "LineString", "coordinates": [[30.3946045, 36.2781649], [30.3945224, 36.2782204], [30.3944547, 36.2783613], [30.3942514, 36.2786006], [30.3942324, 36.2786945], [30.3940468, 36.2789928], [30.3939356, 36.2790942], [30.3937942, 36.2790804], [30.393731, 36.2790245], [30.3935142, 36.2789502], [30.3932445, 36.2790419], [30.393163, 36.2791411], [30.3931253, 36.279255], [30.3930275, 36.2793344], [30.3928953, 36.2793658], [30.392696, 36.2793783], [30.3925699, 36.2793595], [30.3924553, 36.2793637]]}}, {"type": "Feature", "properties": {"category": "lycian_way", "name": "Likya Yolu", "ref": "", "relation_id": 51855, "role": ""}, "geometry": {"type": "LineString", "coordinates": [[30.3946045, 36.2781649], [30.3948202, 36.2777168], [30.3949631, 36.2774732], [30.3951019, 36.2773294], [30.3952414, 36.2772556], [30.3953548, 36.2771777], [30.3954084, 36.2770514], [30.3955178, 36.2769171], [30.3956525, 36.2768481], [30.3959578, 36.2767718], [30.3961597, 36.2766837], [30.3965388, 36.276406], [30.3980365, 36.2758555], [30.398179, 36.2757681], [30.398535, 36.2754578], [30.3988175, 36.2752525], [30.3990086, 36.2751521], [30.3995199, 36.2749788], [30.3997537, 36.2749272], [30.4001281, 36.2748724], [30.4002813, 36.274818], [30.4004869, 36.2747746], [30.4008342, 36.2747449], [30.4011103, 36.2747847], [30.4013982, 36.2748918], [30.4016792, 36.2750114]]}}, {"type": "Feature", "properties": {"category": "lycian_way", "name": "Likya Yolu", "ref": "", "relation_id": 51855, "role": ""}, "geometry": {"type": "LineString", "coordinates": [[30.4055113, 36.2758989], [30.4051919, 36.2759289], [30.4048752, 36.2759189], [30.4046302, 36.2758227], [30.4041419, 36.2754512], [30.4035237, 36.2746447], [30.4034199, 36.2745496], [30.4033269, 36.2745197], [30.4032722, 36.2745287], [30.4031297, 36.2745898], [30.4030157, 36.2746148], [30.4029076, 36.2746026], [30.4028595, 36.2746091], [30.4028247, 36.274639], [30.4027831, 36.2746547], [30.4027398, 36.2746509], [30.4026882, 36.2746441], [30.4026411, 36.2746165], [30.4025844, 36.2746023], [30.4025372, 36.2746053], [30.4024845, 36.2746518], [30.4024144, 36.2746801], [30.4022983, 36.2747083], [30.4021311, 36.2747144], [30.4019127, 36.2746972], [30.4018457, 36.2746788], [30.4017395, 36.2747343], [30.4017388, 36.2747887], [30.4016792, 36.2750114]]}}, {"type": "Feature", "properties": {"category": "lycian_way", "name": "Likya Yolu", "ref": "", "relation_id": 51855, "role": ""}, "geometry": {"type": "LineString", "coordinates": [[30.4055113, 36.2758989], [30.4074045, 36.2754474]]}}, {"type": "Feature", "properties": {"category": "lycian_way", "name": "Likya Yolu", "ref": "", "relation_id": 51855, "role": ""}, "geometry": {"type": "LineString", "coordinates": [[30.4074045, 36.2754474], [30.4076017, 36.2754081], [30.4084126, 36.2750223], [30.4087822, 36.2748789], [30.4093737, 36.2746104], [30.4096375, 36.2744693], [30.4100113, 36.2741556], [30.4103542, 36.2738557], [30.4105025, 36.2736422], [30.4105125, 36.273353], [30.4106438, 36.273147], [30.4108934, 36.2729556]]}}, {"type": "Feature", "properties": {"category": "lycian_way", "name": "Likya Yolu", "ref": "", "relation_id": 51855, "role": ""}, "geometry": {"type": "LineString", "coordinates": [[30.4108934, 36.2729556], [30.4110777, 36.2726766], [30.411222, 36.2720043], [30.4114645, 36.2716013], [30.411931, 36.271152], [30.4124522, 36.2708448], [30.4126926, 36.2706766], [30.4130973, 36.2702004], [30.4132676, 36.270049], [30.4135694, 36.2699182]]}}, {"type": "Feature", "properties": {"category": "lycian_way", "name": "Likya Yolu", "ref": "", "relation_id": 51855, "role": ""}, "geometry": {"type": "LineString", "coordinates": [[30.4135694, 36.2699182], [30.4137973, 36.2695743], [30.4142413, 36.2691256], [30.4144008, 36.2689926], [30.4145779, 36.2689353], [30.4147321, 36.2690207], [30.4148699, 36.2689962], [30.4149172, 36.2689191], [30.4149064, 36.2687872], [30.4150566, 36.2687115], [30.415113, 36.2686207], [30.414995, 36.2684866], [30.4148729, 36.2683914], [30.4147572, 36.268194], [30.414787, 36.26797], [30.415027, 36.267595], [30.4150962, 36.267479]]}}, {"type": "Feature", "properties": {"category": "lycian_way", "name": "Likya Yolu", "ref": "", "relation_id": 51855, "role": ""}, "geometry": {"type": "LineString", "coordinates": [[30.4150962, 36.267479], [30.4150936, 36.2669279], [30.4152147, 36.2666357], [30.4152008, 36.2665177], [30.415139, 36.2664112], [30.4150697, 36.2662918], [30.414978, 36.2656093], [30.4150983, 36.265353], [30.415075, 36.2652119], [30.4149593, 36.2650191], [30.4147211, 36.2641275], [30.4147928, 36.2639572], [30.4149804, 36.263739], [30.4149896, 36.2636136], [30.4147788, 36.2634224], [30.4147961, 36.2631296], [30.414868, 36.262944], [30.4148319, 36.262867], [30.4147009, 36.262822], [30.414527, 36.262807]]}}, {"type": "Feature", "properties": {"category": "lycian_way", "name": "Likya Yolu", "ref": "", "relation_id": 51855, "role": ""}, "geometry": {"type": "LineString", "coordinates": [[30.414527, 36.262807], [30.4138041, 36.2633309], [30.4135412, 36.2633136], [30.4133293, 36.263199], [30.4132006, 36.2630779], [30.4130997, 36.2628517], [30.4130491, 36.2625541], [30.4129982, 36.2624722], [30.412772, 36.2624765], [30.412704, 36.262395], [30.4125408, 36.2619756], [30.4123752, 36.2617957], [30.4122814, 36.2615218], [30.412307, 36.261205], [30.412212, 36.261162], [30.4120919, 36.2609778], [30.4120803, 36.260869], [30.4121134, 36.2607962], [30.4120187, 36.2606363], [30.411695, 36.260511], [30.411347, 36.2602138], [30.4113508, 36.2601398], [30.4115141, 36.260061], [30.4115202, 36.2599346], [30.411107, 36.2595046], [30.411096, 36.259359], [30.4111556, 36.2593108], [30.4111591, 36.2592129], [30.4110052, 36.2591008], [30.4107072, 36.2590777], [30.4105985, 36.2590213], [30.4106185, 36.2589446], [30.4103726, 36.2585591], [30.4103675, 36.2583609], [30.4102141, 36.2580831], [30.4099817, 36.2579875], [30.4099695, 36.2578275], [30.4099, 36.2577061], [30.4098784, 36.2575879], [30.4099432, 36.2574027], [30.4101319, 36.2572929], [30.410124, 36.2572263], [30.4099863, 36.2570736], [30.409987, 36.2568815], [30.4101985, 36.2566979], [30.4104991, 36.2565767], [30.4106216, 36.256593], [30.4107745, 36.2565206], [30.4108465, 36.2565196], [30.4109387, 36.2565787], [30.4110713, 36.2565349], [30.4110128, 36.2563923], [30.4105029, 36.2561448], [30.4104612, 36.2560654]]}}, {"type": "Feature", "properties": {"category": "lycian_way", "name": "Likya Yolu", "ref": "", "relation_id": 51855, "role": ""}, "geometry": {"type": "LineString", "coordinates": [[30.4104612, 36.2560654], [30.4099765, 36.2557409], [30.4097861, 36.2553654], [30.4096305, 36.2552875], [30.4094323, 36.2549319]]}}, {"type": "Feature", "properties": {"category": "lycian_way", "name": "Likya Yolu", "ref": "", "relation_id": 51855, "role": ""}, "geometry": {"type": "LineString", "coordinates": [[30.4094323, 36.2549319], [30.4093475, 36.2548982], [30.4090944, 36.2549423], [30.4089781, 36.254929], [30.4083207, 36.2546577], [30.4080486, 36.2546684], [30.4079017, 36.2546488], [30.4075758, 36.2548201], [30.4073121, 36.2548998], [30.407183, 36.2550387], [30.4071133, 36.2550679], [30.4069845, 36.2550758], [30.4068665, 36.2550615], [30.4066747, 36.2549836], [30.4065564, 36.2547485]]}}, {"type": "Feature", "properties": {"category": "lycian_way", "name": "Likya Yolu", "ref": "", "relation_id": 51855, "role": ""}, "geometry": {"type": "LineString", "coordinates": [[30.4065564, 36.2547485], [30.4063577, 36.2541272], [30.4063391, 36.2539379], [30.4073123, 36.2527302], [30.4074772, 36.2523548], [30.4074581, 36.2520589], [30.4075545, 36.2519695]]}}, {"type": "Feature", "properties": {"category": "lycian_way", "name": "Likya Yolu", "ref": "", "relation_id": 51855, "role": ""}, "geometry": {"type": "LineString", "coordinates": [[30.4075545, 36.2519695], [30.4070704, 36.2515304], [30.4066105, 36.2508108], [30.4054403, 36.2481262], [30.4053269, 36.2474693], [30.4056166, 36.2465348], [30.4060243, 36.2460286], [30.4060511, 36.245689], [30.405807, 36.2450368], [30.4058272, 36.2447383], [30.406031, 36.2443727], [30.4061598, 36.2442754], [30.4062858, 36.2441629], [30.4063314, 36.2438146], [30.4067299, 36.2435444], [30.407403, 36.2429709], [30.4076002, 36.2427113], [30.4082304, 36.2412381], [30.4084718, 36.2403469], [30.4083163, 36.2392738], [30.4084431, 36.2388896], [30.4086381, 36.2386779], [30.4087401, 36.2381533], [30.4087266, 36.2373463], [30.4085979, 36.2368682], [30.4080614, 36.2358967], [30.4072661, 36.2354348], [30.4073238, 36.2350768], [30.4072139, 36.2347653], [30.4070234, 36.2346485], [30.4066721, 36.234616], [30.4065755, 36.2345165], [30.4063717, 36.2336013], [30.4065058, 36.2328809], [30.4062268, 36.2308991], [30.4062472, 36.2302511]]}}, {"type": "Feature", "properties": {"category": "lycian_way", "name": "Likya Yolu", "ref": "", "relation_id": 51855, "role": ""}, "geometry": {"type": "LineString", "coordinates": [[30.4062472, 36.2302511], [30.4064523, 36.2292988], [30.4062765, 36.2283077], [30.4062563, 36.2277692], [30.4060775, 36.2269945], [30.4060782, 36.226901], [30.4060921, 36.2268162], [30.4061447, 36.2266416], [30.4061428, 36.2265662], [30.4061298, 36.2265085], [30.4060639, 36.2263455], [30.4060448, 36.2262771], [30.4060478, 36.2262038], [30.4060498, 36.2261369], [30.4060356, 36.2260454], [30.4060132, 36.2259769], [30.4059949, 36.2258707], [30.4059666, 36.2253232], [30.4059725, 36.2252318], [30.4060256, 36.22491], [30.4060262, 36.2248146], [30.4059917, 36.2245125], [30.4059819, 36.2244097], [30.4059978, 36.2243221], [30.4060283, 36.2242359], [30.4060873, 36.2241317], [30.4061182, 36.224037], [30.4061198, 36.2239202], [30.4061046, 36.2238263], [30.406073, 36.2237438], [30.4060275, 36.2236759], [30.4059937, 36.2235928], [30.405994, 36.2235059], [30.4060215, 36.223423], [30.4061367, 36.2231604], [30.406149, 36.22306], [30.4061464, 36.2229808], [30.4061344, 36.22286], [30.4061407, 36.2227567], [30.4061739, 36.22261], [30.4062118, 36.2225193], [30.4062519, 36.2224308], [30.4063963, 36.2221343], [30.4064283, 36.2220386], [30.4064471, 36.2219498], [30.4064789, 36.2217466], [30.4065162, 36.2213695], [30.4065597, 36.2210437], [30.4066572, 36.2204993], [30.406772, 36.219946], [30.4067999, 36.2198542], [30.4072351, 36.2191016], [30.4076212, 36.2187006]]}}, {"type": "Feature", "properties": {"category": "lycian_way", "name": "Likya Yolu", "ref": "", "relation_id": 51855, "role": ""}, "geometry": {"type": "LineString", "coordinates": [[30.4076212, 36.2187006], [30.4077863, 36.2184649], [30.4081591, 36.218076], [30.4087636, 36.2176878], [30.4089223, 36.2176208], [30.4090104, 36.2176034], [30.4090598, 36.217614], [30.4090837, 36.2176505], [30.4090777, 36.2177449], [30.4090481, 36.2177842], [30.4089807, 36.2179287], [30.408922, 36.2181862], [30.4088592, 36.2185067], [30.4086264, 36.2188956], [30.4086124, 36.2190285], [30.4086249, 36.2191508], [30.4085831, 36.2192657], [30.4085798, 36.2193796], [30.4086177, 36.2194679], [30.4086603, 36.219483], [30.4087286, 36.2194629], [30.4088274, 36.2194006], [30.409362, 36.2192626]]}}, {"type": "Feature", "properties": {"category": "lycian_way", "name": "Likya Yolu", "ref": "", "relation_id": 51855, "role": ""}, "geometry": {"type": "LineString", "coordinates": [[30.409362, 36.2192626], [30.4094244, 36.219234], [30.4095958, 36.2192382], [30.4096412, 36.219305], [30.409671, 36.21939], [30.4096438, 36.2194914], [30.4096881, 36.2195885], [30.4097052, 36.2196214], [30.4096922, 36.2203043], [30.4098853, 36.2206062], [30.4098558, 36.2206668], [30.4098974, 36.2207793], [30.4098411, 36.2210412], [30.4098786, 36.2211667], [30.40988, 36.2212402], [30.4099122, 36.2213127], [30.4099055, 36.2213885], [30.4099953, 36.2215324], [30.40999, 36.2216687], [30.4100811, 36.2219457], [30.4100785, 36.2220376], [30.4101294, 36.2221079], [30.4101522, 36.2221967], [30.4102474, 36.2222551], [30.4102729, 36.2224098], [30.4104379, 36.2225699], [30.4105599, 36.2228058], [30.410808, 36.2230589], [30.4108161, 36.2231249], [30.410918, 36.2232288], [30.4109582, 36.2233197], [30.4111339, 36.2235371], [30.4113548, 36.2236566], [30.4114772, 36.2237752], [30.4115108, 36.2238617], [30.4116006, 36.2238714], [30.4117562, 36.2239688], [30.4117656, 36.2240326], [30.4119171, 36.2241581], [30.4119252, 36.2242469], [30.4119802, 36.2243085], [30.412011, 36.2243951], [30.4119949, 36.2244611], [30.4119305, 36.2245043], [30.4119486, 36.2245427], [30.4119319, 36.224606], [30.4120459, 36.2248322], [30.4119761, 36.22491], [30.4119694, 36.2251037], [30.4121183, 36.2252844], [30.4121357, 36.2253547], [30.4122376, 36.2254423], [30.4122578, 36.2255364], [30.4124241, 36.2256452], [30.4124723, 36.2260135], [30.4125153, 36.2260666], [30.4126091, 36.2261055], [30.4125954, 36.226264], [30.4125166, 36.2264333], [30.4125555, 36.2266172], [30.4125984, 36.2266865], [30.4127298, 36.2267406], [30.4130182, 36.2267752], [30.4132062, 36.2268238], [30.4133238, 36.2267788], [30.4134742, 36.2267976], [30.413567, 36.226856], [30.4138278, 36.227125], [30.4140455, 36.2272393], [30.4142694, 36.2274492], [30.4144639, 36.2275584], [30.4146945, 36.2277326], [30.4150446, 36.2281167], [30.4151948, 36.2282378], [30.415239, 36.2283633], [30.4153101, 36.2284261], [30.4153597, 36.2285288], [30.4154804, 36.2286716], [30.4156294, 36.2287721], [30.4156709, 36.2288426], [30.415655, 36.229045], [30.4158386, 36.2292733], [30.4158948, 36.2295457], [30.416037, 36.229761], [30.4165844, 36.2301347], [30.4167142, 36.2301548], [30.4168081, 36.2302467], [30.4168966, 36.2302684], [30.4169221, 36.2304177], [30.416906, 36.2305269], [30.4169302, 36.2306286], [30.41713, 36.230951], [30.4171662, 36.2310722], [30.4172721, 36.2310505], [30.4173258, 36.2311327], [30.4172882, 36.2313383], [30.4173032, 36.2314477], [30.4173649, 36.2317532], [30.4174532, 36.2319873], [30.4174264, 36.2321161], [30.4174921, 36.2321907], [30.4174358, 36.232247], [30.4173848, 36.2323389], [30.4173955, 36.2324417], [30.4174331, 36.2325953], [30.4175645, 36.232777], [30.4177201, 36.232896], [30.4178944, 36.2329977], [30.4180688, 36.2330734], [30.4182404, 36.2332033], [30.4183933, 36.233478], [30.4185113, 36.233597], [30.4185837, 36.2337333], [30.4187758, 36.2338291], [30.4191068, 36.2340881], [30.4193294, 36.2341465], [30.4195654, 36.2343196], [30.4197317, 36.2345035], [30.4199329, 36.234655], [30.4199758, 36.2347696], [30.42, 36.2349319], [30.420281, 36.235451], [30.4203852, 36.235501], [30.4205216, 36.2356177], [30.4206705, 36.2357118], [30.4207684, 36.2358005], [30.4209334, 36.2358513], [30.421215, 36.2360655], [30.4213411, 36.2361369], [30.4214932, 36.2363013], [30.4217421, 36.2364404], [30.4222135, 36.2369188], [30.4224227, 36.2372704], [30.4227787, 36.2375258], [30.4229102, 36.2377314], [30.4230872, 36.237885], [30.4232535, 36.2381943], [30.4233585, 36.238266], [30.4236, 36.2384505], [30.4236664, 36.2386936], [30.4238214, 36.2388005], [30.4239959, 36.2389984], [30.424119, 36.2392456], [30.424171, 36.239465], [30.4243329, 36.239727], [30.4244363, 36.239951], [30.424549, 36.2400873], [30.4246804, 36.2401478], [30.4249272, 36.2404031], [30.425072, 36.2405156], [30.4255414, 36.2406497], [30.4256326, 36.2407514], [30.4257439, 36.2407384], [30.4259035, 36.2407568], [30.4261181, 36.2408639], [30.4267162, 36.2405459], [30.4267698, 36.2405805], [30.4267886, 36.240667], [30.4267752, 36.2409007], [30.4268771, 36.241355], [30.427066, 36.241746], [30.4274297, 36.2419153], [30.4276094, 36.2419088], [30.4278991, 36.2420753], [30.4281163, 36.2422527], [30.4282775, 36.242341], [30.428504, 36.242554], [30.428704, 36.242658], [30.428762, 36.242753], [30.4288993, 36.242816], [30.4289559, 36.242919], [30.428929, 36.2431288], [30.4289988, 36.2432197], [30.429267, 36.2432305], [30.4294521, 36.243263], [30.4296666, 36.2432997], [30.4298946, 36.2432997], [30.430203, 36.243332], [30.4303238, 36.2434166], [30.4304284, 36.2434641], [30.4304954, 36.2435269], [30.430516, 36.243593], [30.4305909, 36.2436824], [30.4307906, 36.2437723], [30.4309916, 36.2438968], [30.4311164, 36.2440326], [30.4312311, 36.2441297], [30.4313725, 36.2443186], [30.431512, 36.2444376], [30.4315791, 36.2445328], [30.4316863, 36.2446301], [30.4317883, 36.2448032], [30.4318741, 36.2448875], [30.4319707, 36.2450152], [30.4321155, 36.2451039], [30.4322818, 36.2451601], [30.4324159, 36.2452315], [30.432491, 36.2453288], [30.4326117, 36.2454089], [30.4327002, 36.2455603], [30.4327458, 36.2457052], [30.4327753, 36.2457874], [30.4328379, 36.2458599], [30.4329094, 36.2458934], [30.4330261, 36.2459864], [30.4332725, 36.2460704], [30.4334512, 36.2461357], [30.4335639, 36.2461919], [30.4336712, 36.2462222], [30.4339394, 36.2463542], [30.4339877, 36.2464537], [30.4341245, 36.2466162], [30.4342023, 36.2467046], [30.4342639, 36.2468841], [30.4343739, 36.2469858], [30.4344115, 36.2471242], [30.4344222, 36.2472886], [30.4344597, 36.2473773], [30.4344249, 36.2476131], [30.4345643, 36.2478727], [30.4346877, 36.2479895], [30.4346716, 36.2481344], [30.4348969, 36.2483269], [30.4350767, 36.2484459], [30.4352, 36.2485432], [30.4353368, 36.2486471], [30.4354575, 36.2487423], [30.4356453, 36.2487747], [30.4358008, 36.2488915], [30.4358438, 36.2490581], [30.435965, 36.249148], [30.4360905, 36.2491684], [30.4362354, 36.2492095], [30.4363802, 36.2491619], [30.4366833, 36.2491814], [30.436812, 36.2492138], [30.43695, 36.249253], [30.437093, 36.249371], [30.4373243, 36.249402], [30.4375416, 36.2493739], [30.437834, 36.2493804], [30.4379972, 36.2492931], [30.438264, 36.249319], [30.4387271, 36.2496745], [30.438985, 36.2500033], [30.439107, 36.250121], [30.439144, 36.250322], [30.439378, 36.250624], [30.4395474, 36.2506042], [30.4396503, 36.2507265], [30.4397169, 36.2507993], [30.4398832, 36.2507647], [30.4399449, 36.2508015], [30.4401004, 36.250689], [30.4402506, 36.2506912], [30.4402855, 36.2509983], [30.4403552, 36.2510827], [30.4402935, 36.2512514], [30.4403686, 36.2513055], [30.4403016, 36.2515239], [30.4402506, 36.2516342], [30.440315, 36.2517273], [30.4402909, 36.2519565], [30.4403928, 36.2519652], [30.4403941, 36.2520896], [30.4404733, 36.252082], [30.4405765, 36.2522896], [30.4407227, 36.2524248], [30.4409306, 36.2523881], [30.44107, 36.252401], [30.4412212, 36.2523169]]}}, {"type": "Feature", "properties": {"category": "lycian_way", "name": "Likya Yolu", "ref": "", "relation_id": 51855, "role": ""}, "geometry": {"type": "LineString", "coordinates": [[30.4412212, 36.2523169], [30.441347, 36.252256], [30.4415032, 36.2521945], [30.441643, 36.252103], [30.4417567, 36.2521079], [30.4418747, 36.2520701], [30.4419686, 36.2521117], [30.4420839, 36.2521134], [30.4422127, 36.2521761], [30.4424112, 36.252201], [30.4426673, 36.2521728], [30.4428899, 36.2520928], [30.4430898, 36.2521577], [30.4432239, 36.252241], [30.4433902, 36.2523556], [30.4435417, 36.2524075], [30.4436517, 36.252547], [30.4438448, 36.2526184], [30.444196, 36.252825], [30.4444188, 36.2530132], [30.4446724, 36.2531293], [30.4448038, 36.2532674], [30.444831, 36.253377], [30.4449445, 36.2535225], [30.4449901, 36.2536945], [30.4450545, 36.2537875], [30.4452141, 36.2538308], [30.4454005, 36.2538243], [30.4455346, 36.2540568], [30.4456741, 36.2541736], [30.4458202, 36.2543488], [30.445938, 36.254448], [30.4459584, 36.2546105], [30.446073, 36.254736], [30.446162, 36.254919], [30.4461408, 36.2550863], [30.4462266, 36.2553221], [30.44624, 36.2554648], [30.4462829, 36.2555514], [30.4463124, 36.2556595], [30.4462078, 36.2557503], [30.446222, 36.255861], [30.4463714, 36.2559234], [30.4463929, 36.2560726], [30.4464988, 36.2561462], [30.446476, 36.2562024], [30.4465319, 36.2562982], [30.4466075, 36.2563819], [30.4466397, 36.2566263], [30.4467416, 36.2567345], [30.4467496, 36.2568318], [30.4466839, 36.2568783], [30.4467049, 36.2569753], [30.4466893, 36.2571227], [30.4466866, 36.2572471], [30.4466088, 36.257459], [30.4465471, 36.2575931], [30.4465069, 36.2576796], [30.446535, 36.2577748], [30.4464935, 36.257857], [30.446578, 36.2580581], [30.4466477, 36.2582463], [30.446763, 36.2585794], [30.4468985, 36.2586756], [30.4469548, 36.2587837], [30.4471318, 36.2590217], [30.4471868, 36.2592671], [30.4472753, 36.2593947], [30.4472847, 36.2595223], [30.4472163, 36.2595797], [30.4472405, 36.2596532], [30.4472324, 36.2597732], [30.4468864, 36.2605432], [30.4467738, 36.2605129], [30.4465163, 36.2607227], [30.4465082, 36.2608957], [30.4466222, 36.2613337], [30.447101, 36.2617824], [30.4472834, 36.2619836], [30.4476106, 36.262215], [30.4474926, 36.2622496], [30.4475489, 36.2623793], [30.4478654, 36.2627816], [30.4479942, 36.2628378], [30.4481095, 36.2630087], [30.4482168, 36.2631103], [30.4482624, 36.2633028], [30.4483321, 36.2634109], [30.448367, 36.2635753], [30.4484448, 36.2637483], [30.4486191, 36.264103], [30.4487693, 36.2645896], [30.4488364, 36.2648859], [30.4487693, 36.265074], [30.4487447, 36.2651939], [30.4487881, 36.2654741], [30.4487693, 36.2656147], [30.4485628, 36.2657899], [30.4485521, 36.2659953], [30.4484877, 36.2661142], [30.4486138, 36.2664257], [30.448548, 36.2666679], [30.4485615, 36.2669685], [30.4487532, 36.2672431], [30.448764, 36.2674291], [30.4487343, 36.2675653], [30.4487586, 36.2677708], [30.448949, 36.2679719], [30.4489705, 36.2681687], [30.4490617, 36.2682898], [30.4490912, 36.2684195], [30.4491314, 36.2686509], [30.4491797, 36.2688953], [30.4491717, 36.2691656], [30.4490046, 36.2694151], [30.4488944, 36.2695866], [30.4487633, 36.2698513], [30.4488235, 36.2700323], [30.4487131, 36.2702729], [30.4486245, 36.2706945], [30.4486513, 36.2709367], [30.4486406, 36.2712697], [30.4485387, 36.2715898], [30.4485387, 36.2718449], [30.4483885, 36.2721909], [30.4483838, 36.2722269], [30.4483777, 36.2722731], [30.4483134, 36.2723985], [30.4481833, 36.2724818], [30.4481108, 36.2726245], [30.4480518, 36.2726861], [30.4480197, 36.2727953], [30.4479258, 36.2728591], [30.4475878, 36.2730764], [30.447439, 36.2732603], [30.4474734, 36.2733306], [30.4475878, 36.2733467], [30.4476213, 36.2734689], [30.4475409, 36.2736181], [30.447624, 36.2736917], [30.4477608, 36.2737111], [30.4478064, 36.2737846], [30.4477581, 36.2738798], [30.4477313, 36.2740463], [30.4475865, 36.2741133], [30.4475462, 36.2742733], [30.4475945, 36.2743793], [30.4477286, 36.2744615], [30.4477555, 36.2745955], [30.4479727, 36.274775], [30.4479647, 36.2750107], [30.4480264, 36.2752961], [30.4480854, 36.2755102], [30.44808, 36.2756399], [30.4481149, 36.2757848], [30.4480424, 36.2759297], [30.4478413, 36.2759362], [30.4478011, 36.2760075], [30.4479181, 36.2762872], [30.4479747, 36.2763744], [30.4481605, 36.2763914], [30.448073, 36.276583], [30.4482114, 36.2768444], [30.4481953, 36.2770779], [30.4484796, 36.2772638], [30.4486191, 36.2774455], [30.4487342, 36.2776651], [30.448777, 36.277943], [30.4487613, 36.2782909], [30.4488847, 36.2785115], [30.4490885, 36.2786196], [30.4492521, 36.2786347], [30.4494855, 36.2787364], [30.4497089, 36.2788738], [30.4498208, 36.2789958], [30.4498476, 36.2791753], [30.4497403, 36.2792942], [30.4497564, 36.2795126], [30.4498851, 36.2796359], [30.45003, 36.2796921], [30.450176, 36.27985], [30.4502311, 36.2800688], [30.4502419, 36.2802305], [30.4502901, 36.2804272], [30.4504135, 36.2804078], [30.4504243, 36.2805007], [30.4503491, 36.280598], [30.4501882, 36.2806759], [30.4501051, 36.280864], [30.4501748, 36.2810975], [30.4503518, 36.2812791], [30.4505503, 36.2814781], [30.45073, 36.2815775], [30.4508856, 36.2815787], [30.4509735, 36.2816213], [30.4510978, 36.2815815], [30.4511458, 36.2815191], [30.4512396, 36.2814824], [30.4513898, 36.2817181], [30.4515025, 36.2819602], [30.4517305, 36.2820186], [30.4518995, 36.2820662], [30.4520175, 36.2822132], [30.4522058, 36.2822984], [30.4523285, 36.2824442], [30.4526233, 36.2825639]]}}, {"type": "Feature", "properties": {"category": "lycian_way", "name": "Likya Yolu", "ref": "", "relation_id": 51855, "role": ""}, "geometry": {"type": "LineString", "coordinates": [[30.4526233, 36.2825639], [30.4527886, 36.2828748], [30.453203, 36.2832521], [30.453195, 36.2833667], [30.4531078, 36.2834845], [30.4529214, 36.2836218], [30.4528806, 36.2840232], [30.452788, 36.284117], [30.452744, 36.2843175], [30.4527746, 36.284619], [30.4527033, 36.2848039], [30.4525342, 36.2849382], [30.4525208, 36.2851428], [30.4530359, 36.2858039], [30.4535576, 36.2860196], [30.4539932, 36.2863942], [30.4549629, 36.2877484], [30.4551593, 36.2882239], [30.4553407, 36.2884551], [30.4555768, 36.2886497], [30.455727, 36.2888529], [30.4558999, 36.2889559], [30.4562956, 36.2892983], [30.4565746, 36.2893977], [30.456772, 36.2895784], [30.4568056, 36.2897616], [30.4569616, 36.2899362], [30.4573507, 36.2901701], [30.457508, 36.2902861], [30.4575992, 36.2904124], [30.4579755, 36.2905588], [30.4583218, 36.2906043], [30.4594338, 36.2912227], [30.4596298, 36.2914933], [30.4600549, 36.2916639], [30.4601768, 36.2917023], [30.4602299, 36.2917888], [30.4600333, 36.2922762], [30.4599734, 36.2924585], [30.4601526, 36.2925498], [30.460743, 36.29277], [30.4612921, 36.2930216], [30.4620662, 36.2933268], [30.4627168, 36.2940004], [30.462961, 36.294275], [30.463282, 36.2947173], [30.463313, 36.29476], [30.463727, 36.295781], [30.4638796, 36.2959266], [30.464142, 36.296104], [30.4643261, 36.2962919], [30.4643503, 36.2963989], [30.4643181, 36.2965362], [30.4642953, 36.2967448]]}}, {"type": "Feature", "properties": {"category": "lycian_way", "name": "Likya Yolu", "ref": "", "relation_id": 51855, "role": ""}, "geometry": {"type": "LineString", "coordinates": [[30.4642953, 36.2967448], [30.464398, 36.2972948], [30.4643373, 36.2979226], [30.4643693, 36.2982386], [30.4644195, 36.298373], [30.464479, 36.2985055], [30.4649051, 36.2989911], [30.4651979, 36.2993119], [30.4651416, 36.2997766], [30.4651625, 36.3000501], [30.4651744, 36.3006273], [30.4651968, 36.3009104], [30.4653495, 36.301362], [30.4655407, 36.3017119], [30.465786, 36.3020488], [30.4660056, 36.3022374]]}}, {"type": "Feature", "properties": {"category": "lycian_way", "name": "Likya Yolu", "ref": "", "relation_id": 51855, "role": ""}, "geometry": {"type": "LineString", "coordinates": [[30.4658211, 36.3026547], [30.4660056, 36.3022374]]}}, {"type": "Feature", "properties": {"category": "lycian_way", "name": "Likya Yolu", "ref": "", "relation_id": 51855, "role": ""}, "geometry": {"type": "LineString", "coordinates": [[30.4658211, 36.3026547], [30.4656581, 36.3033101], [30.4654031, 36.3039278], [30.4650601, 36.304918], [30.4649704, 36.3053683], [30.4648429, 36.3065225], [30.46484, 36.3075448], [30.4647313, 36.3080006], [30.4646829, 36.3081743], [30.4646279, 36.3090046], [30.4646298, 36.3096682]]}}, {"type": "Feature", "properties": {"category": "lycian_way", "name": "Likya Yolu", "ref": "", "relation_id": 51855, "role": ""}, "geometry": {"type": "LineString", "coordinates": [[30.4646298, 36.3096682], [30.4646162, 36.3099159], [30.4641572, 36.310286], [30.4633512, 36.3111927], [30.463112, 36.3115054], [30.4624112, 36.3121993], [30.4622043, 36.3124467], [30.461933, 36.3127533], [30.4617515, 36.3130523], [30.4615425, 36.3137957], [30.4613434, 36.3142134]]}}, {"type": "Feature", "properties": {"category": "lycian_way", "name": "Likya Yolu", "ref": "", "relation_id": 51855, "role": ""}, "geometry": {"type": "LineString", "coordinates": [[30.4620637, 36.3141094], [30.4616967, 36.3142507], [30.4613434, 36.3142134]]}}, {"type": "Feature", "properties": {"category": "lycian_way", "name": "Likya Yolu", "ref": "", "relation_id": 51855, "role": ""}, "geometry": {"type": "LineString", "coordinates": [[30.4620637, 36.3141094], [30.4622376, 36.3142989], [30.4625971, 36.3145687], [30.4629215, 36.3147695], [30.4632561, 36.3149334], [30.4637577, 36.3152636], [30.4642935, 36.3157176], [30.464446, 36.3158504], [30.4645675, 36.3160004], [30.4646185, 36.3161453], [30.4645836, 36.3162814], [30.4645085, 36.3164219], [30.464361, 36.3165753], [30.4641625, 36.3167763], [30.464066, 36.316986], [30.4640499, 36.3172583], [30.4641035, 36.3175522], [30.464353, 36.3180397], [30.4645069, 36.3183269], [30.4645571, 36.3185639], [30.4645706, 36.3186928], [30.4646343, 36.3189917], [30.4646265, 36.3191601], [30.4644898, 36.3193308], [30.4644281, 36.3195102], [30.4644603, 36.3197133], [30.4644522, 36.3199078], [30.4641277, 36.3208987], [30.4639755, 36.321134], [30.4638613, 36.3216383], [30.464006, 36.321994], [30.4639999, 36.322128], [30.4641172, 36.3224732], [30.4640682, 36.3227388], [30.4641683, 36.3231487], [30.4641711, 36.3233139], [30.4639723, 36.3240291], [30.4640025, 36.3242518], [30.4640739, 36.3244884], [30.4640968, 36.3246525], [30.4640454, 36.3248644], [30.4640196, 36.3250118], [30.4640467, 36.3252456], [30.4642768, 36.3258618], [30.4644169, 36.3260066], [30.464518, 36.3261826], [30.4644998, 36.3263244], [30.4644671, 36.3264725], [30.4643683, 36.3266629], [30.4642449, 36.3267809], [30.4641271, 36.3269473]]}}, {"type": "Feature", "properties": {"category": "lycian_way", "name": "Likya Yolu", "ref": "", "relation_id": 51855, "role": ""}, "geometry": {"type": "LineString", "coordinates": [[30.4641271, 36.3269473], [30.4641865, 36.3271267], [30.4643348, 36.3275297], [30.4643652, 36.327681]]}}, {"type": "Feature", "properties": {"category": "lycian_way", "name": "Likya Yolu", "ref": "", "relation_id": 51855, "role": ""}, "geometry": {"type": "LineString", "coordinates": [[30.4643652, 36.327681], [30.4644543, 36.3277835], [30.4645027, 36.3278984], [30.4646601, 36.3281558], [30.46477, 36.3281753], [30.464815, 36.3281699], [30.4649377, 36.3282115], [30.4650309, 36.3282023], [30.4651093, 36.3283104], [30.4651415, 36.3283536], [30.4651281, 36.3284395], [30.465157, 36.3286831], [30.4651395, 36.3287344], [30.4651643, 36.3287857], [30.4652294, 36.3288333], [30.465226, 36.3289451], [30.4653286, 36.3290888], [30.4654963, 36.3292574], [30.4656029, 36.3293951], [30.465621, 36.3295204], [30.4656062, 36.3296571], [30.4656591, 36.3297738]]}}, {"type": "Feature", "properties": {"category": "lycian_way", "name": "Likya Yolu", "ref": "", "relation_id": 51855, "role": ""}, "geometry": {"type": "LineString", "coordinates": [[30.4656591, 36.3297738], [30.465745, 36.329844]]}}, {"type": "Feature", "properties": {"category": "lycian_way", "name": "Likya Yolu", "ref": "", "relation_id": 51855, "role": ""}, "geometry": {"type": "LineString", "coordinates": [[30.465745, 36.329844], [30.4658926, 36.329884], [30.4660535, 36.3298559], [30.4660615, 36.3299802], [30.466083, 36.3300968], [30.4661635, 36.3302092], [30.4661754, 36.3302381], [30.4661846, 36.3302854], [30.4664803, 36.3302441], [30.4667491, 36.3302687], [30.4671789, 36.3303088], [30.4671051, 36.3304643], [30.4670171, 36.330615], [30.4669755, 36.3307179], [30.4669735, 36.3309007], [30.4669279, 36.3310238], [30.4670218, 36.3311362], [30.4670043, 36.3312291], [30.4670204, 36.331308], [30.4670016, 36.3313696], [30.4670298, 36.3314463], [30.4671121, 36.3315398], [30.4670799, 36.3316248], [30.4670785, 36.331714], [30.4670776, 36.3317764], [30.4670019, 36.3318837], [30.4670363, 36.3320094], [30.4670317, 36.3321518], [30.4670111, 36.3322831], [30.4669353, 36.33237], [30.4668619, 36.3325142], [30.4669904, 36.3326696], [30.4670478, 36.3328563], [30.4669583, 36.3329155], [30.466871, 36.33313], [30.4668068, 36.3332539], [30.466933, 36.333424], [30.4670386, 36.3335645], [30.4670845, 36.3338826], [30.4670937, 36.3340656], [30.4670157, 36.3341396], [30.4670225, 36.3342376], [30.4670891, 36.3343134], [30.4671121, 36.3344317], [30.4670501, 36.3346555], [30.4670834, 36.3348462], [30.4670942, 36.3350493], [30.467121, 36.3352135], [30.4671049, 36.3353734], [30.4671264, 36.3354987], [30.4670781, 36.3356457], [30.4671371, 36.3357753], [30.4672444, 36.3358401], [30.4672551, 36.3359698], [30.4671786, 36.3361143], [30.467239, 36.3363241], [30.4671166, 36.3365895], [30.4670593, 36.3366525], [30.4670593, 36.3368448], [30.4671237, 36.3369334], [30.4671264, 36.3369918]]}}, {"type": "Feature", "properties": {"category": "lycian_way", "name": "Likya Yolu", "ref": "", "relation_id": 51855, "role": ""}, "geometry": {"type": "LineString", "coordinates": [[30.4671264, 36.3369918], [30.4665416, 36.3380029]]}}, {"type": "Feature", "properties": {"category": "lycian_way", "name": "Likya Yolu", "ref": "", "relation_id": 51855, "role": ""}, "geometry": {"type": "LineString", "coordinates": [[30.4665416, 36.3380029], [30.4666643, 36.3380822], [30.4667911, 36.3380742], [30.4668947, 36.3381222], [30.4669519, 36.3381056], [30.4670647, 36.3381995], [30.4674375, 36.3379057], [30.4674724, 36.3377674], [30.4675421, 36.3377048], [30.4676253, 36.3377653], [30.4676865, 36.3377719], [30.4678372, 36.3379424], [30.4681188, 36.3379878], [30.4682904, 36.3379187], [30.468336, 36.3379316], [30.4683042, 36.3381388], [30.4683409, 36.3382323], [30.4684675, 36.3382449], [30.4689476, 36.3384826], [30.4691702, 36.3384977], [30.4695211, 36.3386484], [30.4699776, 36.338649], [30.4703659, 36.3388026], [30.4706615, 36.3388931], [30.4710127, 36.3390771], [30.4712739, 36.3393812], [30.4713025, 36.3395472], [30.4712489, 36.3397638], [30.4715106, 36.3404332], [30.4715359, 36.340695], [30.4716164, 36.3407706], [30.4717693, 36.3407944], [30.4719329, 36.3406259], [30.4720107, 36.3406324], [30.4720598, 36.3407168], [30.4721528, 36.3411185], [30.4723781, 36.341153], [30.472421, 36.3414101], [30.4724908, 36.3416111], [30.472692, 36.3417688], [30.4731399, 36.3419805], [30.4734519, 36.3425106], [30.4735789, 36.3426008], [30.4736066, 36.3427151], [30.473561, 36.3429722], [30.4737058, 36.3430737], [30.4738989, 36.3433654], [30.4739242, 36.3435865], [30.4739767, 36.3436484], [30.474025, 36.3439638], [30.4740894, 36.3440589], [30.4740786, 36.3442879], [30.474436, 36.3447523], [30.4744738, 36.3450431], [30.4747519, 36.3452191], [30.4747176, 36.3453672], [30.4748041, 36.3454207], [30.4748676, 36.3454165], [30.475177, 36.345576], [30.4752627, 36.3457995], [30.4753393, 36.345878], [30.475283, 36.3460594], [30.4753543, 36.3461947], [30.475377, 36.3463304], [30.4753871, 36.3463904], [30.4755002, 36.3465391], [30.4755297, 36.3466967], [30.4756772, 36.3468566], [30.4757041, 36.3471807], [30.475797, 36.3473979], [30.4758978, 36.34751], [30.4759669, 36.347562], [30.475983, 36.3476462], [30.4759964, 36.3478093], [30.4760233, 36.3479541], [30.4761332, 36.3481744], [30.4761359, 36.3482889], [30.4761225, 36.3485093], [30.4760152, 36.3487426], [30.4760474, 36.3490105], [30.4762727, 36.3492136], [30.4760742, 36.3494425], [30.4760715, 36.349637], [30.4761466, 36.3497644], [30.4761144, 36.349894], [30.476152, 36.3499869], [30.4762325, 36.350069], [30.4762459, 36.3502354]]}}, {"type": "Feature", "properties": {"category": "lycian_way", "name": "Likya Yolu", "ref": "", "relation_id": 51855, "role": ""}, "geometry": {"type": "LineString", "coordinates": [[30.4762459, 36.3502354], [30.476338, 36.350304], [30.4764821, 36.3503258], [30.4766034, 36.3502786], [30.4767307, 36.3502733], [30.47677, 36.3503471], [30.4768259, 36.3504616], [30.4767879, 36.3505892], [30.4766764, 36.3506275], [30.4766093, 36.3506964], [30.4766239, 36.3507969], [30.476748, 36.350866], [30.476734, 36.3509483], [30.4766499, 36.3510008], [30.4766375, 36.351093], [30.4766549, 36.3511664], [30.4767944, 36.351241], [30.4767998, 36.3513101], [30.4768816, 36.3513803], [30.4769989, 36.351393], [30.4771545, 36.3514688], [30.4772873, 36.3514741], [30.4774499, 36.351468], [30.4774998, 36.3515736], [30.4775176, 36.35166], [30.47753, 36.35172], [30.4775012, 36.3517713], [30.4775991, 36.3519312], [30.4776983, 36.3519593], [30.4777332, 36.3520435], [30.4776484, 36.3521769], [30.4777011, 36.3522264], [30.4775828, 36.3523934], [30.4776877, 36.3524748], [30.4776879, 36.3525279], [30.4774926, 36.3526301], [30.477436, 36.352767], [30.4774637, 36.3529276], [30.4775918, 36.3531249], [30.4777206, 36.3532972], [30.477701, 36.3534213], [30.4778648, 36.3534436], [30.4778938, 36.3534994], [30.4778386, 36.3536359], [30.4778974, 36.3537418], [30.478019, 36.353825], [30.4780113, 36.3539494], [30.4780671, 36.3539963], [30.4780349, 36.3540633], [30.4779786, 36.3541043], [30.4780054, 36.3542145], [30.478161, 36.3542512], [30.4783273, 36.3543311], [30.4783058, 36.3544586], [30.4784426, 36.3545299]]}}, {"type": "Feature", "properties": {"category": "lycian_way", "name": "Likya Yolu", "ref": "", "relation_id": 51855, "role": ""}, "geometry": {"type": "LineString", "coordinates": [[30.4784426, 36.3545299], [30.4783541, 36.3546271], [30.4784211, 36.3547243], [30.4783313, 36.3547849], [30.4782844, 36.3548582], [30.4781905, 36.3549101], [30.4780993, 36.3549814], [30.4781476, 36.3551002], [30.4779947, 36.3553637], [30.4778704, 36.355537], [30.477703, 36.3557369], [30.477562, 36.3558387], [30.477457, 36.3559716], [30.4773004, 36.3560488], [30.4773105, 36.3561644], [30.4773532, 36.3562551], [30.4773912, 36.3563163], [30.4773483, 36.356407], [30.4771247, 36.3564515], [30.477013, 36.3564826], [30.4769272, 36.3565215], [30.4766965, 36.3565626], [30.4764658, 36.3566252], [30.4762056, 36.3565928], [30.4759616, 36.3566101], [30.475409, 36.3568067], [30.4752696, 36.3568952], [30.4744139, 36.3572275], [30.4741383, 36.3572543], [30.4737171, 36.3573523]]}}, {"type": "Feature", "properties": {"category": "lycian_way", "name": "Likya Yolu", "ref": "", "relation_id": 51855, "role": ""}, "geometry": {"type": "LineString", "coordinates": [[30.4737171, 36.3573523], [30.4733357, 36.3581351], [30.473311, 36.3583079], [30.4733891, 36.3584647], [30.4736001, 36.3586398], [30.473934, 36.359409], [30.4739444, 36.3595319], [30.4739175, 36.3597298], [30.473688, 36.360131], [30.473722, 36.360723], [30.4736652, 36.3610788], [30.4736707, 36.3612787], [30.4736163, 36.3614503], [30.4732226, 36.3618578], [30.4729355, 36.3619356], [30.4728752, 36.3619754], [30.4728608, 36.3620288], [30.4728556, 36.3621192], [30.4729252, 36.362238], [30.4729763, 36.3624702], [30.472995, 36.3630015], [30.472995, 36.3631203]]}}, {"type": "Feature", "properties": {"category": "lycian_way", "name": "Likya Yolu", "ref": "", "relation_id": 51855, "role": ""}, "geometry": {"type": "LineString", "coordinates": [[30.472995, 36.3631203], [30.4730239, 36.3633336], [30.4731006, 36.3634291], [30.4735137, 36.3636154], [30.4736012, 36.3637251], [30.4735878, 36.3638612], [30.4737246, 36.3639497], [30.4740706, 36.3639109], [30.4745011, 36.3638104], [30.4747613, 36.3638461], [30.4752307, 36.3637002], [30.4754814, 36.363771], [30.4760807, 36.3639303], [30.4761902, 36.3640786], [30.4766324, 36.3642108], [30.4767904, 36.3641074], [30.4770935, 36.3640837], [30.4774383, 36.3639956], [30.4775414, 36.3638871], [30.478, 36.3636711], [30.4782629, 36.3633169], [30.4784051, 36.3632845], [30.4786424, 36.3630469], [30.4788516, 36.3629637], [30.4789723, 36.3630858], [30.4790032, 36.3632467], [30.4791319, 36.3633569], [30.4792634, 36.3635836], [30.4793841, 36.3636398], [30.479427, 36.3637521], [30.4795933, 36.3638191], [30.4797368, 36.3638385], [30.4799594, 36.3638504], [30.4801311, 36.3640793], [30.4801284, 36.3644022], [30.4802155, 36.3644476], [30.4802357, 36.3644984], [30.4801807, 36.3645718], [30.4802451, 36.3647813], [30.4802786, 36.3649012], [30.4802544, 36.3650383], [30.4801753, 36.365264], [30.4801431, 36.365291], [30.480127, 36.3653429], [30.4801793, 36.3654185], [30.4800653, 36.3656593], [30.4801726, 36.3659109], [30.4803403, 36.3660221], [30.480351, 36.3661863], [30.4805642, 36.3664141], [30.4807158, 36.3665135], [30.4808056, 36.366737], [30.480748, 36.3668731], [30.4805937, 36.3669487], [30.4805441, 36.3670005], [30.4805978, 36.3672338], [30.4806881, 36.3672891], [30.480748, 36.3674012], [30.4808539, 36.3673807], [30.4808982, 36.367426], [30.4809009, 36.3674671], [30.4808512, 36.3675211], [30.4808392, 36.367574], [30.4809363, 36.3676075], [30.4811208, 36.3679919], [30.4810993, 36.3681118], [30.4811731, 36.3683007], [30.4811371, 36.3684268], [30.4811899, 36.368528], [30.4813179, 36.3686269], [30.4814231, 36.3686472], [30.4815308, 36.3685896], [30.4816894, 36.3686085], [30.4817551, 36.3686895], [30.4817806, 36.3688569], [30.4817203, 36.3689357], [30.4817229, 36.3690005], [30.4817431, 36.3690923], [30.4818356, 36.3691981], [30.4818504, 36.3692791], [30.4819563, 36.3693547], [30.4819576, 36.3694389], [30.4819979, 36.3695458], [30.4819161, 36.3696365], [30.4819255, 36.3696981], [30.4818624, 36.3697553], [30.4818082, 36.3698017], [30.4817317, 36.3698353], [30.4816586, 36.3698655], [30.4816398, 36.3700177], [30.4817028, 36.3701614], [30.4816877, 36.3702342], [30.4816753, 36.3702872], [30.4816868, 36.3703504], [30.4816304, 36.3704259], [30.4816317, 36.3705072], [30.4815754, 36.3706397], [30.4815446, 36.3707024], [30.4815432, 36.370792], [30.4814909, 36.3708276], [30.4814722, 36.371036], [30.4814172, 36.3711473], [30.4814923, 36.3712574], [30.4814519, 36.3714021], [30.4814212, 36.3715058], [30.4813378, 36.3715644], [30.4812482, 36.3715814], [30.4811946, 36.3716246], [30.4811811, 36.3716839], [30.4811034, 36.3717649], [30.4811423, 36.371847], [30.4810792, 36.3719075], [30.4810578, 36.3719852], [30.4809706, 36.3720079], [30.4809089, 36.3721083], [30.4809304, 36.3721656], [30.4808687, 36.3722411], [30.480803, 36.3723351], [30.480701, 36.3724398], [30.4807171, 36.3725435], [30.4808754, 36.372578], [30.4809317, 36.3726752], [30.4809397, 36.3727681], [30.4809236, 36.3728696], [30.4809317, 36.3729366], [30.4809451, 36.373051], [30.4809455, 36.3731411], [30.480944, 36.373256], [30.4809424, 36.3733512], [30.4809585, 36.3734743], [30.4808459, 36.373565], [30.4807761, 36.3736579], [30.4806474, 36.37366], [30.480634, 36.3738242], [30.4806554, 36.3739494], [30.4806152, 36.3742474], [30.4807073, 36.3745113], [30.4806634, 36.3746556], [30.4806741, 36.3748157], [30.4806497, 36.3748682], [30.4806114, 36.3749303], [30.4804416, 36.3750603], [30.4804623, 36.3751502], [30.4805079, 36.375256], [30.4804596, 36.3753208], [30.4803808, 36.3753279], [30.4803175, 36.3753812], [30.4802611, 36.3754395], [30.4802604, 36.37553], [30.4801109, 36.3756209], [30.480112, 36.3757294], [30.4801517, 36.3758269], [30.4800992, 36.3759062], [30.4799604, 36.3759494], [30.4799286, 36.3760356], [30.479977, 36.3761003], [30.4798892, 36.3762118], [30.4799219, 36.3762731], [30.4798463, 36.3763054], [30.479804, 36.3764191], [30.4798004, 36.3765037], [30.4797365, 36.3766213], [30.4798053, 36.3767003], [30.4797591, 36.3767436], [30.4797074, 36.3767653], [30.4797278, 36.3768822], [30.479694, 36.3769027], [30.4796442, 36.3769366], [30.479535, 36.3769705], [30.4794689, 36.3770129], [30.479596, 36.3771049], [30.479419, 36.37717], [30.479116, 36.377374], [30.479114, 36.377499], [30.478915, 36.377595], [30.478866, 36.377669], [30.4781717, 36.3780224], [30.477663, 36.378318], [30.4773778, 36.3784521], [30.4772785, 36.3785018], [30.4772329, 36.3786054], [30.477367, 36.3786875], [30.4773912, 36.378817], [30.4771551, 36.3788494], [30.47719, 36.3789725], [30.4774207, 36.3790827], [30.477367, 36.3792749], [30.4772732, 36.3793029], [30.4772302, 36.3794174], [30.4769486, 36.3795988], [30.4767287, 36.3796031], [30.4765533, 36.3797431], [30.4764223, 36.3798315], [30.4763719, 36.3799788], [30.4764518, 36.3801259], [30.4763237, 36.3802034], [30.4763854, 36.3803697], [30.4760956, 36.3805516], [30.4760367, 36.380834], [30.4758063, 36.3811231], [30.4756703, 36.3815424], [30.4751508, 36.3818934], [30.4747828, 36.3823002], [30.474474, 36.3828901], [30.4736902, 36.3839313], [30.4734113, 36.3846751], [30.4733832, 36.3856291], [30.4730567, 36.3864915], [30.4729736, 36.3866448], [30.4730648, 36.3870745], [30.4731587, 36.3873228], [30.4731023, 36.3874782], [30.4731747, 36.3876877], [30.4729468, 36.3878799], [30.4729387, 36.3880288], [30.473054, 36.3881346], [30.4731225, 36.3883698], [30.4730626, 36.3887935], [30.4731323, 36.3892197], [30.4730316, 36.3896188], [30.4731067, 36.3897124], [30.4731703, 36.3897513], [30.4732025, 36.3898743], [30.4731633, 36.3899093], [30.4731274, 36.3900384], [30.473164, 36.3901686], [30.4730567, 36.3903953], [30.4730648, 36.3905918], [30.4729012, 36.3908682]]}}, {"type": "Feature", "properties": {"category": "lycian_way", "name": "Likya Yolu", "ref": "", "relation_id": 51855, "role": ""}, "geometry": {"type": "LineString", "coordinates": [[30.4729012, 36.3908682], [30.4727787, 36.3909345], [30.4726102, 36.3910826], [30.4725524, 36.3911333], [30.4723335, 36.3914548], [30.4723174, 36.3917269], [30.4721971, 36.3919574], [30.472177, 36.3920946]]}}, {"type": "Feature", "properties": {"category": "lycian_way", "name": "Likya Yolu", "ref": "", "relation_id": 51855, "role": ""}, "geometry": {"type": "LineString", "coordinates": [[30.4720992, 36.3936556], [30.4723588, 36.393502], [30.4725091, 36.3931534], [30.4724714, 36.3926116], [30.4722921, 36.3921696], [30.472177, 36.3920946]]}}, {"type": "Feature", "properties": {"category": "lycian_way", "name": "Likya Yolu", "ref": "", "relation_id": 51855, "role": ""}, "geometry": {"type": "LineString", "coordinates": [[30.4714938, 36.3930023], [30.4715788, 36.3930834], [30.4716754, 36.3930921], [30.4718637, 36.3934133], [30.4720214, 36.3934893], [30.4720992, 36.3936556]]}}, {"type": "Feature", "properties": {"category": "lycian_way", "name": "Likya Yolu", "ref": "", "relation_id": 51855, "role": ""}, "geometry": {"type": "LineString", "coordinates": [[30.4711502, 36.3934122], [30.4711886, 36.3932227], [30.4712507, 36.3931535], [30.4714938, 36.3930023]]}}, {"type": "Feature", "properties": {"category": "lycian_way", "name": "Likya Yolu", "ref": "", "relation_id": 51855, "role": ""}, "geometry": {"type": "LineString", "coordinates": [[30.4706741, 36.3939444], [30.4713597, 36.3937503], [30.4711502, 36.3934122]]}}, {"type": "Feature", "properties": {"category": "lycian_way", "name": "Likya Yolu", "ref": "", "relation_id": 51855, "role": ""}, "geometry": {"type": "LineString", "coordinates": [[30.4706741, 36.3939444], [30.4707059, 36.3940144], [30.4707645, 36.3941433], [30.4708975, 36.3942674], [30.4709295, 36.3942972], [30.4712456, 36.3946239], [30.4712936, 36.3946636], [30.4713433, 36.3947122], [30.4714042, 36.3947719], [30.4715192, 36.3948908], [30.4716115, 36.3949862], [30.4719637, 36.3952498], [30.4720147, 36.395288], [30.4722198, 36.395417], [30.4723995, 36.3955299], [30.4725677, 36.3956544], [30.4726165, 36.3956854], [30.4727705, 36.3957834], [30.4729917, 36.3958479], [30.4731128, 36.3958863], [30.4733449, 36.3959599], [30.4735757, 36.3960705]]}}, {"type": "Feature", "properties": {"category": "lycian_way", "name": "Likya Yolu", "ref": "", "relation_id": 51855, "role": ""}, "geometry": {"type": "LineString", "coordinates": [[30.4735757, 36.3960705], [30.4736722, 36.3961223], [30.4743752, 36.3964013], [30.4744273, 36.3964247]]}}, {"type": "Feature", "properties": {"category": "lycian_way", "name": "Likya Yolu", "ref": "", "relation_id": 51855, "role": ""}, "geometry": {"type": "LineString", "coordinates": [[30.4744273, 36.3964247], [30.4744599, 36.396439]]}}, {"type": "Feature", "properties": {"category": "lycian_way", "name": "Likya Yolu", "ref": "", "relation_id": 51855, "role": ""}, "geometry": {"type": "LineString", "coordinates": [[30.4744599, 36.396439], [30.475032, 36.396528], [30.475408, 36.3964965], [30.4754895, 36.3964917], [30.4758291, 36.3965427]]}}, {"type": "Feature", "properties": {"category": "lycian_way", "name": "Likya Yolu", "ref": "", "relation_id": 51855, "role": ""}, "geometry": {"type": "LineString", "coordinates": [[30.4758291, 36.3965427], [30.4759857, 36.396578], [30.4760765, 36.3966446], [30.4759988, 36.3969845], [30.4758208, 36.3973345], [30.4757363, 36.3981593], [30.4757725, 36.3984464], [30.4757899, 36.3986623], [30.4758543, 36.3989268], [30.475932, 36.3990401], [30.4759922, 36.3994762], [30.4760473, 36.3998626]]}}, {"type": "Feature", "properties": {"category": "lycian_way", "name": "Likya Yolu", "ref": "", "relation_id": 51855, "role": ""}, "geometry": {"type": "LineString", "coordinates": [[30.4760473, 36.3998626], [30.4760689, 36.3999177], [30.4761507, 36.4000354], [30.4761706, 36.4003001], [30.4761896, 36.4005524], [30.4761265, 36.4008158], [30.4760206, 36.4008957], [30.4758503, 36.4009583], [30.475641, 36.4010338], [30.4752843, 36.4012508], [30.4750579, 36.4012804], [30.4748492, 36.4015133]]}}, {"type": "Feature", "properties": {"category": "lycian_way", "name": "Likya Yolu", "ref": "", "relation_id": 51855, "role": ""}, "geometry": {"type": "LineString", "coordinates": [[30.4748492, 36.4015133], [30.474713, 36.4015368], [30.4745002, 36.4017393], [30.474188, 36.4018747], [30.4738629, 36.4020199], [30.4738471, 36.4021193], [30.4735061, 36.4023639]]}}, {"type": "Feature", "properties": {"category": "lycian_way", "name": "Likya Yolu", "ref": "", "relation_id": 51855, "role": ""}, "geometry": {"type": "LineString", "coordinates": [[30.4725615, 36.4037613], [30.4726568, 36.4035333], [30.4727506, 36.4033657], [30.4727993, 36.4032466], [30.472966, 36.4032487], [30.4730725, 36.4030711], [30.4733159, 36.4027251], [30.4735061, 36.4023639]]}}, {"type": "Feature", "properties": {"category": "lycian_way", "name": "Likya Yolu", "ref": "", "relation_id": 51855, "role": ""}, "geometry": {"type": "LineString", "coordinates": [[30.4725615, 36.4037613], [30.4726652, 36.4037635]]}}, {"type": "Feature", "properties": {"category": "lycian_way", "name": "Likya Yolu", "ref": "", "relation_id": 51855, "role": ""}, "geometry": {"type": "LineString", "coordinates": [[30.4726652, 36.4037635], [30.4730914, 36.4038708]]}}, {"type": "Feature", "properties": {"category": "lycian_way", "name": "Likya Yolu", "ref": "", "relation_id": 51855, "role": ""}, "geometry": {"type": "LineString", "coordinates": [[30.4730914, 36.4038708], [30.4732722, 36.4039363]]}}, {"type": "Feature", "properties": {"category": "lycian_way", "name": "Likya Yolu", "ref": "", "relation_id": 51855, "role": ""}, "geometry": {"type": "LineString", "coordinates": [[30.4732722, 36.4039363], [30.4733999, 36.4040506], [30.4735772, 36.4041811], [30.473763, 36.4043123], [30.4739438, 36.4044299], [30.4739983, 36.4044893], [30.4740443, 36.4045833], [30.474076, 36.4047202], [30.4741409, 36.4049007], [30.4741743, 36.4050186], [30.4742167, 36.4052236], [30.4742883, 36.4054379], [30.4745007, 36.4058469], [30.4745837, 36.4060473], [30.4746019, 36.4064685], [30.4745771, 36.4068215], [30.4745757, 36.4070262], [30.4745911, 36.4071156], [30.4746205, 36.4072009], [30.4746337, 36.4072927], [30.4745924, 36.4074426], [30.4745821, 36.4074883], [30.4745586, 36.4076057], [30.4745261, 36.4077492], [30.474497, 36.4079165], [30.4745241, 36.4080922], [30.4745818, 36.4082855], [30.47461, 36.4086038], [30.4746028, 36.4088013], [30.4745702, 36.4088776], [30.4744952, 36.4089741], [30.4744484, 36.4090571], [30.4743979, 36.4092848], [30.474402, 36.4093885], [30.4744016, 36.4094821], [30.4744454, 36.4096846], [30.4745223, 36.4098529], [30.4746805, 36.4100287], [30.4747858, 36.4102596], [30.4748467, 36.4104496], [30.4748152, 36.4106818], [30.4746543, 36.4110811], [30.4744598, 36.411542], [30.4743632, 36.4118319], [30.4743392, 36.4119041], [30.4742146, 36.4119807], [30.4740502, 36.4121041], [30.4739236, 36.4122216], [30.4738201, 36.4123226], [30.473669, 36.4124621]]}}, {"type": "Feature", "properties": {"category": "lycian_way", "name": "Likya Yolu", "ref": "", "relation_id": 51855, "role": ""}, "geometry": {"type": "LineString", "coordinates": [[30.473669, 36.4124621], [30.4733596, 36.4127204], [30.4730308, 36.4129964], [30.4728354, 36.4132162], [30.4726807, 36.4134626], [30.472647, 36.4136648], [30.4725701, 36.4137961], [30.4724818, 36.4139177], [30.4723061, 36.4141078], [30.4722128, 36.4142302], [30.4720309, 36.414515], [30.471706, 36.4151835], [30.4712642, 36.4160202], [30.4707879, 36.4169799], [30.470695, 36.417167], [30.4706386, 36.4172805], [30.4705071, 36.4176493]]}}, {"type": "Feature", "properties": {"category": "lycian_way", "name": "Likya Yolu", "ref": "", "relation_id": 51855, "role": ""}, "geometry": {"type": "LineString", "coordinates": [[30.4705071, 36.4176493], [30.4702358, 36.4179281], [30.4699349, 36.4181461], [30.4697904, 36.4181904], [30.4696871, 36.4182252], [30.4693272, 36.4184818], [30.4691419, 36.4187025], [30.4688526, 36.4190055], [30.4686172, 36.4192551], [30.4684604, 36.4194151], [30.4683907, 36.4195973], [30.4683565, 36.4199699], [30.4683628, 36.4201263], [30.4683998, 36.4201854], [30.4684562, 36.4202755], [30.4686326, 36.4203421], [30.4688799, 36.4203588], [30.4690759, 36.4203585], [30.4692881, 36.4204527], [30.4694088, 36.4205919], [30.4695591, 36.4207717], [30.4696902, 36.4210192], [30.4697629, 36.4212002], [30.4698507, 36.421329], [30.4700328, 36.4215936], [30.4702851, 36.4219906], [30.4705377, 36.422478], [30.4705647, 36.4226189]]}}, {"type": "Feature", "properties": {"category": "lycian_way", "name": "Likya Yolu", "ref": "", "relation_id": 51855, "role": ""}, "geometry": {"type": "LineString", "coordinates": [[30.4705647, 36.4226189], [30.4702436, 36.4239846], [30.470189, 36.4242766], [30.4701783, 36.4246137], [30.4701662, 36.4249316], [30.470168, 36.4250507], [30.4698408, 36.4253227], [30.4695779, 36.4256917], [30.4692909, 36.4258924], [30.4689637, 36.4260737], [30.468379, 36.4264104], [30.4680249, 36.4265917], [30.4676253, 36.4268464], [30.4673785, 36.427019], [30.4671371, 36.4271981], [30.466893, 36.4274118], [30.4666623, 36.4276017], [30.4665229, 36.4277247], [30.4664049, 36.4278693], [30.4661956, 36.4281002], [30.4660696, 36.4282966], [30.4658657, 36.428575], [30.4655841, 36.4287261], [30.4654822, 36.4288383]]}}, {"type": "Feature", "properties": {"category": "lycian_way", "name": "Likya Yolu", "ref": "", "relation_id": 51855, "role": ""}, "geometry": {"type": "LineString", "coordinates": [[30.4654822, 36.4288383], [30.4652624, 36.4290792], [30.4651312, 36.4292829], [30.465, 36.4294661], [30.4649678, 36.4295064]]}}, {"type": "Feature", "properties": {"category": "lycian_way", "name": "Likya Yolu", "ref": "", "relation_id": 51855, "role": ""}, "geometry": {"type": "LineString", "coordinates": [[30.4555915, 36.4318714], [30.4557592, 36.4316656], [30.4559285, 36.431499], [30.4561282, 36.4313597], [30.4562305, 36.4313073], [30.4563694, 36.4312363], [30.4566923, 36.4310725], [30.4571099, 36.4308957], [30.4573939, 36.4308633], [30.4576681, 36.4307344], [30.4579049, 36.4306066], [30.4580539, 36.4304782], [30.4583132, 36.4303608], [30.4586204, 36.4302511], [30.4587548, 36.4301464], [30.4588915, 36.4301849], [30.4591127, 36.4302496], [30.4593155, 36.4302264], [30.4596052, 36.4302733], [30.4597817, 36.4302063], [30.4599799, 36.4301161], [30.4602069, 36.4300895], [30.4604074, 36.4300533], [30.4606569, 36.4300813], [30.4609144, 36.4300425], [30.4610512, 36.4299907], [30.461146, 36.4298915], [30.4613489, 36.4299216], [30.4615205, 36.4298914], [30.4616278, 36.4299519], [30.4617271, 36.429831], [30.4619819, 36.4298353], [30.4620731, 36.4297922], [30.462175, 36.4296476], [30.4625049, 36.4296778], [30.4627433, 36.4295932], [30.4630092, 36.4296346], [30.4633398, 36.4296692], [30.4636636, 36.4295807], [30.4638943, 36.4295246], [30.4639131, 36.4293649], [30.4640885, 36.4293132], [30.4641947, 36.4293023], [30.4643873, 36.4293308], [30.4645945, 36.4294625], [30.4647099, 36.4295058], [30.4648056, 36.4294808], [30.4649678, 36.4295064]]}}, {"type": "Feature", "properties": {"category": "lycian_way", "name": "Likya Yolu", "ref": "", "relation_id": 51855, "role": ""}, "geometry": {"type": "LineString", "coordinates": [[30.4424903, 36.4392418], [30.4427451, 36.4393324], [30.4429758, 36.4393086], [30.4433238, 36.4395325], [30.443598, 36.439546], [30.4437804, 36.4394748], [30.4440647, 36.4395525], [30.4445422, 36.4395395], [30.4449043, 36.4396561], [30.4450786, 36.4396539], [30.4452154, 36.4395417], [30.4453254, 36.4394683], [30.4455855, 36.4393863], [30.4459664, 36.4391964], [30.4463044, 36.4388944], [30.4466075, 36.4387865], [30.4468542, 36.4386203], [30.4472539, 36.4385577], [30.4474121, 36.4383592], [30.4475757, 36.4382729], [30.4478011, 36.4382319], [30.4483294, 36.4378953], [30.4484636, 36.4377442], [30.4488595, 36.4375075], [30.4490805, 36.4373903], [30.4495152, 36.4373638], [30.4498261, 36.4371141], [30.450089, 36.4370839], [30.4504859, 36.436935], [30.4507059, 36.4370472], [30.4509285, 36.437058], [30.4512021, 36.4367775], [30.451394, 36.4368271], [30.4516768, 36.4366739], [30.451955, 36.4364444], [30.4522589, 36.4362186], [30.4526639, 36.436169], [30.4527767, 36.43608], [30.4527993, 36.4360397], [30.4528275, 36.435841], [30.4529978, 36.4356899], [30.4532459, 36.4352476], [30.4532728, 36.4350641], [30.4533814, 36.4347545], [30.453486, 36.4346174], [30.453549, 36.4344146], [30.4537582, 36.4342484], [30.4541767, 36.4341427], [30.4543305, 36.434028], [30.4544342, 36.4339506], [30.4546407, 36.4339269], [30.4548606, 36.4337931], [30.4549491, 36.4336162], [30.4548526, 36.4335687], [30.4547185, 36.4335169], [30.4544422, 36.4335428], [30.4543375, 36.4334888], [30.4543523, 36.4334025], [30.4544194, 36.4333809], [30.4544395, 36.4333475], [30.4544207, 36.4332979], [30.4544435, 36.4332374], [30.4545213, 36.433177], [30.454524, 36.4330389], [30.4545803, 36.4330011], [30.4547131, 36.4330141], [30.4547449, 36.4329679], [30.4547815, 36.4329148], [30.4548539, 36.4327109], [30.4547895, 36.4325771], [30.4547976, 36.4325372], [30.4548687, 36.4324983], [30.4548445, 36.4324142], [30.4549089, 36.4323106], [30.4549974, 36.432261], [30.4550001, 36.4321487], [30.4551892, 36.4320128], [30.4553702, 36.4319588], [30.4555915, 36.4318714]]}}, {"type": "Feature", "properties": {"category": "lycian_way", "name": "Likya Yolu", "ref": "", "relation_id": 51855, "role": ""}, "geometry": {"type": "LineString", "coordinates": [[30.4414674, 36.4397529], [30.4415435, 36.4396863], [30.4417899, 36.439729], [30.4420593, 36.4396909], [30.4421317, 36.4396385], [30.4421626, 36.4395209], [30.4424903, 36.4392418]]}}, {"type": "Feature", "properties": {"category": "lycian_way", "name": "Likya Yolu", "ref": "", "relation_id": 51855, "role": ""}, "geometry": {"type": "LineString", "coordinates": [[30.4404847, 36.4402807], [30.4403579, 36.4404372], [30.4400482, 36.4406217], [30.4399341, 36.4407198], [30.4398711, 36.4408698], [30.4398617, 36.4411438], [30.4399931, 36.4415765], [30.4399663, 36.4418224], [30.4398061, 36.4421954], [30.4397209, 36.4424173], [30.4396494, 36.4427348], [30.4394488, 36.4434962], [30.4392844, 36.443876]]}}, {"type": "Feature", "properties": {"category": "lycian_way", "name": "Likya Yolu", "ref": "", "relation_id": 51855, "role": ""}, "geometry": {"type": "LineString", "coordinates": [[30.4381308, 36.4442952], [30.4382551, 36.4441916], [30.4382934, 36.4441842], [30.4383785, 36.4441678], [30.4385914, 36.4442132], [30.4388237, 36.4442283], [30.4390597, 36.4441787], [30.4392844, 36.443876]]}}, {"type": "Feature", "properties": {"category": "lycian_way", "name": "Likya Yolu", "ref": "", "relation_id": 51855, "role": ""}, "geometry": {"type": "LineString", "coordinates": [[30.4359171, 36.447327], [30.4360412, 36.4466043], [30.4360466, 36.4465728], [30.436209, 36.4465138], [30.436581, 36.4463394], [30.436736, 36.4461758], [30.4372197, 36.4457516], [30.4377636, 36.4455372], [30.4380619, 36.4452859], [30.4381277, 36.4448249], [30.4381673, 36.4446697], [30.438168, 36.4445096], [30.4381308, 36.4442952]]}}, {"type": "Feature", "properties": {"category": "lycian_way", "name": "Likya Yolu", "ref": "", "relation_id": 51855, "role": ""}, "geometry": {"type": "LineString", "coordinates": [[30.4354933, 36.4484517], [30.4355529, 36.4482134], [30.4355038, 36.4479067], [30.4356071, 36.447734], [30.4358356, 36.447505], [30.4359171, 36.447327]]}}, {"type": "Feature", "properties": {"category": "lycian_way", "name": "Likya Yolu", "ref": "", "relation_id": 51855, "role": ""}, "geometry": {"type": "LineString", "coordinates": [[30.4322585, 36.4490058], [30.4326122, 36.449097], [30.4336068, 36.4498833], [30.4337785, 36.449961], [30.4339712, 36.4499267], [30.4344086, 36.4495876], [30.4345342, 36.4491367], [30.434884, 36.4489338], [30.4350034, 36.4487567], [30.4352484, 36.4486039], [30.4354933, 36.4484517]]}}, {"type": "Feature", "properties": {"category": "lycian_way", "name": "Likya Yolu", "ref": "", "relation_id": 51855, "role": ""}, "geometry": {"type": "LineString", "coordinates": [[30.4322585, 36.4490058], [30.4322835, 36.448923], [30.4326757, 36.4487701], [30.4327449, 36.4484194], [30.4328386, 36.4481837], [30.433211, 36.4477473], [30.4332367, 36.4475967], [30.433185, 36.4475417], [30.4330833, 36.447545], [30.4325983, 36.4477567], [30.4322833, 36.447945], [30.4317467, 36.4481333], [30.431485, 36.44825], [30.4313743, 36.4482581]]}}, {"type": "Feature", "properties": {"category": "lycian_way", "name": "Likya Yolu", "ref": "", "relation_id": 51855, "role": ""}, "geometry": {"type": "LineString", "coordinates": [[30.4313743, 36.4482581], [30.4311365, 36.4483881], [30.4310346, 36.4485327], [30.4308334, 36.4490181], [30.4305598, 36.4494906], [30.4307064, 36.4504099], [30.4308441, 36.4506471], [30.4310507, 36.4508607], [30.4311338, 36.4510333], [30.4310718, 36.4512907], [30.4310531, 36.451376], [30.4310911, 36.4515573]]}}, {"type": "Feature", "properties": {"category": "lycian_way", "name": "Likya Yolu", "ref": "", "relation_id": 51855, "role": ""}, "geometry": {"type": "LineString", "coordinates": [[30.4310911, 36.4515573], [30.4307381, 36.4515473], [30.4297417, 36.4516746], [30.4298866, 36.4520926], [30.4298839, 36.4523008], [30.4299241, 36.4523925], [30.4298651, 36.4524507], [30.4297324, 36.4524636], [30.4296277, 36.4524108], [30.4294789, 36.4523968], [30.4293957, 36.4525003], [30.4295111, 36.4527053], [30.4295084, 36.4529318], [30.4297539, 36.4532775], [30.4298075, 36.4534992], [30.4297444, 36.4536265], [30.4296613, 36.4536891], [30.4295257, 36.4539519], [30.4293689, 36.4540537], [30.4291731, 36.4540084], [30.4290068, 36.4540429], [30.4287869, 36.4538595], [30.428634, 36.453935], [30.4285786, 36.45412]]}}, {"type": "Feature", "properties": {"category": "lycian_way", "name": "Likya Yolu", "ref": "", "relation_id": 51855, "role": ""}, "geometry": {"type": "LineString", "coordinates": [[30.4285786, 36.45412], [30.4283619, 36.4540911], [30.4281405, 36.45414]]}}, {"type": "Feature", "properties": {"category": "lycian_way", "name": "Likya Yolu", "ref": "", "relation_id": 51855, "role": ""}, "geometry": {"type": "LineString", "coordinates": [[30.4281405, 36.45414], [30.4279219, 36.4542386], [30.427659, 36.4543072], [30.4274055, 36.4543093], [30.4270314, 36.4545369]]}}, {"type": "Feature", "properties": {"category": "lycian_way", "name": "Likya Yolu", "ref": "", "relation_id": 51855, "role": ""}, "geometry": {"type": "LineString", "coordinates": [[30.4270314, 36.4545369], [30.4268865, 36.4550439], [30.4268888, 36.4552231], [30.427018, 36.4555554], [30.4269953, 36.4558167], [30.4268512, 36.4561244], [30.4265764, 36.4563234], [30.4263005, 36.4567093], [30.4259436, 36.4569741], [30.4254494, 36.4579431], [30.4253953, 36.4585507], [30.4252802, 36.458816], [30.4249666, 36.4592168], [30.4249365, 36.4593528], [30.4250426, 36.4595233], [30.4250192, 36.4596216], [30.4249102, 36.4596457], [30.4247343, 36.459541], [30.4246586, 36.4593799], [30.4245697, 36.4592982], [30.4244737, 36.459315], [30.4244258, 36.4593963], [30.4244508, 36.4596199], [30.4246473, 36.4602449], [30.4246489, 36.4603956], [30.4245734, 36.4605339], [30.424363, 36.4607611], [30.4240205, 36.4612954], [30.4238112, 36.4622949], [30.4236234, 36.4629259], [30.4236295, 36.4634397], [30.4237765, 36.4638509], [30.4240147, 36.4643144], [30.4240463, 36.4645284], [30.4240056, 36.4647764], [30.4240656, 36.4651224], [30.4239686, 36.465313], [30.4237664, 36.4654006], [30.4231966, 36.4660689], [30.4231021, 36.4661774], [30.4226322, 36.4670618], [30.4225076, 36.4672185], [30.4223603, 36.4673085], [30.4223037, 36.4674171], [30.4222828, 36.4677781], [30.4221994, 36.4686039], [30.4222503, 36.468812], [30.4223536, 36.469004], [30.422371, 36.4691216], [30.4223026, 36.4692229], [30.4222839, 36.469484], [30.4224515, 36.4700469], [30.4224381, 36.4701828], [30.4223791, 36.4702863], [30.4223093, 36.4703597], [30.4221728, 36.4704567], [30.4219848, 36.4706056], [30.4218104, 36.4707867], [30.4216361, 36.4709334], [30.4212927, 36.4711082], [30.4209843, 36.4714165], [30.4206693, 36.4715732], [30.4204815, 36.4716655], [30.420341, 36.4718801], [30.4202013, 36.4721653]]}}, {"type": "Feature", "properties": {"category": "lycian_way", "name": "Likya Yolu", "ref": "", "relation_id": 51855, "role": ""}, "geometry": {"type": "LineString", "coordinates": [[30.4202013, 36.4721653], [30.4199436, 36.4724061], [30.4195258, 36.4730439], [30.4195064, 36.4732564], [30.419603, 36.4735195], [30.4195413, 36.4737287], [30.4193696, 36.474007], [30.4192892, 36.4743887], [30.4189029, 36.4749322], [30.4186347, 36.4750724], [30.4183128, 36.4751781], [30.4181117, 36.4753442], [30.4179588, 36.4755922], [30.4177617, 36.4758877], [30.4176718, 36.4760387], [30.4177335, 36.4761864], [30.417763, 36.47625], [30.4178247, 36.4763126], [30.4179112, 36.4763967], [30.4180272, 36.4764188], [30.4184255, 36.4764204], [30.4186106, 36.4764808], [30.418911, 36.4768259], [30.419037, 36.47702], [30.419206, 36.477378], [30.4193991, 36.4775355], [30.41944, 36.4777118], [30.4194709, 36.4778104], [30.4195225, 36.4778875], [30.419605, 36.4779668], [30.419656, 36.4779787], [30.4197981, 36.4779992], [30.4197921, 36.4780385], [30.4197076, 36.4780962], [30.4196271, 36.4781539], [30.4194843, 36.4781987], [30.4193864, 36.4782013], [30.4192037, 36.4781566], [30.4189771, 36.4781922]]}}, {"type": "Feature", "properties": {"category": "lycian_way", "name": "Likya Yolu", "ref": "", "relation_id": 51855, "role": ""}, "geometry": {"type": "LineString", "coordinates": [[30.4189372, 36.4782842], [30.4189771, 36.4781922]]}}, {"type": "Feature", "properties": {"category": "lycian_way", "name": "Likya Yolu", "ref": "", "relation_id": 51855, "role": ""}, "geometry": {"type": "LineString", "coordinates": [[30.4189372, 36.4782842], [30.4189308, 36.4783852]]}}, {"type": "Feature", "properties": {"category": "lycian_way", "name": "Likya Yolu", "ref": "", "relation_id": 51855, "role": ""}, "geometry": {"type": "LineString", "coordinates": [[30.4196535, 36.4799108], [30.4197116, 36.4798798], [30.4197076, 36.479827], [30.4197384, 36.4797472], [30.4196915, 36.4796037], [30.4196861, 36.4794646], [30.4196499, 36.4794258], [30.4196553, 36.4793579], [30.4195413, 36.4793277], [30.4194809, 36.4792166], [30.4193147, 36.4791142], [30.4191953, 36.4790387], [30.4191028, 36.4789168], [30.4189995, 36.4788101], [30.4190357, 36.4787659], [30.4190505, 36.478699], [30.4190075, 36.4786354], [30.4190612, 36.4785243], [30.4189308, 36.4783852]]}}, {"type": "Feature", "properties": {"category": "lycian_way", "name": "Likya Yolu", "ref": "", "relation_id": 51855, "role": ""}, "geometry": {"type": "LineString", "coordinates": [[30.4196535, 36.4799108], [30.4196405, 36.4800459], [30.4197049, 36.4800976], [30.4197358, 36.4801354], [30.4197223, 36.4802206], [30.4197746, 36.480337], [30.4198096, 36.4805142], [30.4199065, 36.4806885]]}}, {"type": "Feature", "properties": {"category": "lycian_way", "name": "Likya Yolu", "ref": "", "relation_id": 51855, "role": ""}, "geometry": {"type": "LineString", "coordinates": [[30.4185489, 36.4804837], [30.418683, 36.480557], [30.4187742, 36.4807529], [30.4189217, 36.4807425], [30.4190558, 36.4806777], [30.4192516, 36.4806411], [30.4194796, 36.4806411], [30.4199065, 36.4806885]]}}, {"type": "Feature", "properties": {"category": "lycian_way", "name": "Likya Yolu", "ref": "", "relation_id": 51855, "role": ""}, "geometry": {"type": "LineString", "coordinates": [[30.4185489, 36.4804837], [30.4184805, 36.480502], [30.4183665, 36.4805893], [30.4183464, 36.4806918], [30.4183906, 36.4808093], [30.4183531, 36.4809215], [30.4181519, 36.4811759], [30.4181358, 36.4812579], [30.4181734, 36.4813873], [30.4181251, 36.4814736], [30.4180795, 36.4815339], [30.4180258, 36.4815404], [30.4179427, 36.4814822], [30.4179803, 36.4813312], [30.4179454, 36.4812902], [30.4178891, 36.4812859], [30.4178381, 36.4813161], [30.4178101, 36.4814563], [30.4176959, 36.481562], [30.4175752, 36.4817604], [30.4174733, 36.4818423], [30.4173258, 36.4819308], [30.4172155, 36.4821468], [30.4171186, 36.4823636], [30.4172078, 36.482459], [30.4173338, 36.4825131], [30.4177389, 36.4824829], [30.4178864, 36.4824893], [30.4181439, 36.4825799], [30.418337, 36.4826166], [30.4185489, 36.4826144], [30.4186213, 36.4826597], [30.4186159, 36.4827136], [30.4185462, 36.4827416], [30.4183075, 36.4827179], [30.4180178, 36.4827373], [30.4179293, 36.4827783], [30.4179051, 36.4828344], [30.4179427, 36.4828538], [30.4180661, 36.4828926], [30.418219, 36.4829206], [30.4183155, 36.4830048], [30.4182994, 36.4830824], [30.4181814, 36.4831751], [30.4180285, 36.4832441], [30.4180339, 36.4832894], [30.4181418, 36.4833584], [30.4183423, 36.4834512], [30.4185033, 36.483449], [30.4187138, 36.4834846], [30.4189861, 36.4836409], [30.4191846, 36.4837218], [30.4193133, 36.4837315], [30.4194045, 36.4838243], [30.4193634, 36.4839853], [30.4194216, 36.484085], [30.419615, 36.4841695], [30.4198707, 36.4844322], [30.4201388, 36.484633], [30.4202318, 36.4848273], [30.420757, 36.4852173], [30.4209707, 36.4853759], [30.4213575, 36.48585], [30.4218838, 36.4867217], [30.4221057, 36.4871754], [30.4218711, 36.4875781], [30.421535, 36.4879197], [30.4213802, 36.4881834], [30.4214401, 36.4885208], [30.4215565, 36.4887489], [30.4215919, 36.4889761], [30.4215043, 36.4891851], [30.4215221, 36.4893772], [30.4215942, 36.4894166], [30.4216991, 36.489474], [30.4222832, 36.4892552], [30.4230558, 36.4888394], [30.423324, 36.4887945], [30.4235171, 36.4886186], [30.4240407, 36.4884025], [30.4243666, 36.4881825]]}}, {"type": "Feature", "properties": {"category": "lycian_way", "name": "Likya Yolu", "ref": "", "relation_id": 51855, "role": ""}, "geometry": {"type": "LineString", "coordinates": [[30.4243666, 36.4881825], [30.4245087, 36.4881955], [30.4246804, 36.488203], [30.4249943, 36.4881519], [30.4253182, 36.4881477], [30.4255174, 36.4882053], [30.4256236, 36.4882843], [30.4257458, 36.4884444], [30.4258785, 36.4885341], [30.4261334, 36.4885682], [30.4264574, 36.4885426], [30.4266406, 36.4884786], [30.4268451, 36.4885213], [30.4270124, 36.4885725], [30.4271877, 36.4886814], [30.4272897, 36.4887695], [30.4274404, 36.4889351], [30.4275906, 36.4890516], [30.4276443, 36.4892133], [30.4277971, 36.4893707], [30.4280761, 36.4895928], [30.4283416, 36.489705], [30.428457, 36.4899486], [30.4286233, 36.4900802], [30.4288566, 36.4902225], [30.4291919, 36.4903864], [30.429436, 36.4904748], [30.4298383, 36.4905891], [30.4301081, 36.4905183]]}}, {"type": "Feature", "properties": {"category": "lycian_way", "name": "Likya Yolu", "ref": "", "relation_id": 51855, "role": ""}, "geometry": {"type": "LineString", "coordinates": [[30.4314861, 36.490843], [30.4314169, 36.4908212], [30.4309862, 36.490709], [30.4306829, 36.49067], [30.4305099, 36.4905417], [30.4302886, 36.4905212], [30.4301081, 36.4905183]]}}, {"type": "Feature", "properties": {"category": "lycian_way", "name": "Likya Yolu", "ref": "", "relation_id": 51855, "role": ""}, "geometry": {"type": "LineString", "coordinates": [[30.4314592, 36.4896289], [30.4317875, 36.489974], [30.4317861, 36.4902229], [30.431637, 36.4904425], [30.4314861, 36.490843]]}}, {"type": "Feature", "properties": {"category": "lycian_way", "name": "Likya Yolu", "ref": "", "relation_id": 51855, "role": ""}, "geometry": {"type": "LineString", "coordinates": [[30.4314592, 36.4896289], [30.4318397, 36.4897566], [30.4324, 36.4899111], [30.4326161, 36.4900591], [30.4329283, 36.490265]]}}, {"type": "Feature", "properties": {"category": "lycian_way", "name": "Likya Yolu", "ref": "", "relation_id": 51855, "role": ""}, "geometry": {"type": "LineString", "coordinates": [[30.4329283, 36.490265], [30.4330558, 36.4905458], [30.4333732, 36.4908033], [30.433482, 36.4909558], [30.4335896, 36.491315], [30.4337701, 36.4918065], [30.4341074, 36.4920339], [30.4339436, 36.4921183], [30.433942, 36.492306], [30.4340379, 36.4924387], [30.4343149, 36.4927863], [30.434545, 36.4930905], [30.4347957, 36.4932603], [30.4351102, 36.4933203], [30.4352724, 36.4932931]]}}, {"type": "Feature", "properties": {"category": "lycian_way", "name": "Likya Yolu", "ref": "", "relation_id": 51855, "role": ""}, "geometry": {"type": "LineString", "coordinates": [[30.4352724, 36.4932931], [30.4355782, 36.4932155], [30.4357176, 36.4932543]]}}, {"type": "Feature", "properties": {"category": "lycian_way", "name": "Likya Yolu", "ref": "", "relation_id": 51855, "role": ""}, "geometry": {"type": "LineString", "coordinates": [[30.4357176, 36.4932543], [30.4357769, 36.4932712], [30.4359502, 36.4933206], [30.4360764, 36.4934787], [30.4362234, 36.493663], [30.4364961, 36.4942112], [30.436876, 36.4945336], [30.4369882, 36.4946643], [30.4368657, 36.4949966], [30.436863, 36.4952112]]}}, {"type": "Feature", "properties": {"category": "lycian_way", "name": "Likya Yolu", "ref": "", "relation_id": 51855, "role": ""}, "geometry": {"type": "LineString", "coordinates": [[30.436863, 36.4952112], [30.436893, 36.495383], [30.4373279, 36.4957636], [30.4372901, 36.4960218], [30.4373995, 36.4963574], [30.4371487, 36.4964676]]}}, {"type": "Feature", "properties": {"category": "lycian_way", "name": "Likya Yolu", "ref": "", "relation_id": 51855, "role": ""}, "geometry": {"type": "LineString", "coordinates": [[30.4366235, 36.4978024], [30.4368736, 36.4974219], [30.4370257, 36.497003], [30.4371322, 36.4965841], [30.4371487, 36.4964676]]}}, {"type": "Feature", "properties": {"category": "lycian_way", "name": "Likya Yolu", "ref": "", "relation_id": 51855, "role": ""}, "geometry": {"type": "LineString", "coordinates": [[30.4366235, 36.4978024], [30.4365236, 36.4977674], [30.4359381, 36.497783]]}}, {"type": "Feature", "properties": {"category": "lycian_way", "name": "Likya Yolu", "ref": "", "relation_id": 51855, "role": ""}, "geometry": {"type": "LineString", "coordinates": [[30.4360684, 36.4986615], [30.4359649, 36.4980247], [30.4359381, 36.497783]]}}, {"type": "Feature", "properties": {"category": "lycian_way", "name": "Likya Yolu", "ref": "", "relation_id": 51855, "role": ""}, "geometry": {"type": "LineString", "coordinates": [[30.4359997, 36.4988746], [30.4360684, 36.4986615]]}}, {"type": "Feature", "properties": {"category": "lycian_way", "name": "Likya Yolu", "ref": "", "relation_id": 51855, "role": ""}, "geometry": {"type": "LineString", "coordinates": [[30.4359997, 36.4988746], [30.4356298, 36.4989416], [30.4355385, 36.4989997], [30.4355042, 36.4991159], [30.4353255, 36.4991862], [30.4351619, 36.4992871], [30.435063, 36.4994003], [30.4349223, 36.4994553], [30.4347853, 36.4995073], [30.4347759, 36.4996009], [30.4347739, 36.4996204], [30.4348272, 36.4998131], [30.4348842, 36.4999659], [30.4349109, 36.5000485], [30.4349451, 36.5002381], [30.4349945, 36.5004552], [30.4349337, 36.5006417], [30.4348234, 36.5006937], [30.4346446, 36.5007885], [30.4346066, 36.5008802], [30.4346605, 36.5009546], [30.4346864, 36.5009903], [30.4350174, 36.5010545], [30.4354859, 36.5011504], [30.4355347, 36.5011666], [30.4359987, 36.5013205], [30.436462, 36.5015897], [30.4374871, 36.5020172], [30.4376046, 36.502777], [30.4373961, 36.5033846], [30.4367458, 36.5036775], [30.436572, 36.5038395], [30.4366573, 36.5041899], [30.4367685, 36.5042664], [30.4373982, 36.5045837], [30.4381228, 36.504848], [30.4378231, 36.5054865], [30.4374423, 36.5060651]]}}, {"type": "Feature", "properties": {"category": "lycian_way", "name": "Likya Yolu", "ref": "", "relation_id": 51855, "role": ""}, "geometry": {"type": "LineString", "coordinates": [[30.4374423, 36.5060651], [30.4372845, 36.5062488], [30.4371388, 36.5063607], [30.4371051, 36.5065725], [30.4369536, 36.5069091], [30.4369117, 36.5071708], [30.4369548, 36.5072447], [30.4370154, 36.5073487], [30.4374181, 36.5072878], [30.4379663, 36.5071924], [30.4381539, 36.5072535], [30.4384882, 36.5074041], [30.4386323, 36.5076844], [30.4388184, 36.5078631], [30.4391611, 36.5081776], [30.4393647, 36.5082707], [30.4394772, 36.5085147]]}}, {"type": "Feature", "properties": {"category": "lycian_way", "name": "Likya Yolu", "ref": "", "relation_id": 51855, "role": ""}, "geometry": {"type": "LineString", "coordinates": [[30.4394772, 36.5085147], [30.4390763, 36.5087574]]}}, {"type": "Feature", "properties": {"category": "lycian_way", "name": "Likya Yolu", "ref": "", "relation_id": 51855, "role": ""}, "geometry": {"type": "LineString", "coordinates": [[30.4390763, 36.5087574], [30.4395094, 36.5091735]]}}, {"type": "Feature", "properties": {"category": "lycian_way", "name": "Likya Yolu", "ref": "", "relation_id": 51855, "role": ""}, "geometry": {"type": "LineString", "coordinates": [[30.4406994, 36.509906], [30.4403091, 36.5095138], [30.4395094, 36.5091735]]}}, {"type": "Feature", "properties": {"category": "lycian_way", "name": "Likya Yolu", "ref": "", "relation_id": 51855, "role": ""}, "geometry": {"type": "LineString", "coordinates": [[30.4406994, 36.509906], [30.4408946, 36.5102719], [30.4411547, 36.5103634], [30.441106, 36.510553], [30.4412767, 36.5107163], [30.4418784, 36.5109777], [30.4421386, 36.5111542], [30.4425067, 36.5115629]]}}, {"type": "Feature", "properties": {"category": "lycian_way", "name": "Likya Yolu", "ref": "", "relation_id": 51855, "role": ""}, "geometry": {"type": "LineString", "coordinates": [[29.8979686, 36.2291656], [29.8981592, 36.2291774], [29.8987339, 36.2292374], [29.8991686, 36.2292006], [29.8995305, 36.2290947], [29.8999623, 36.2287247], [29.900362, 36.2286339], [29.9008213, 36.228541], [29.9009891, 36.2284743], [29.9015904, 36.2282768], [29.901821, 36.2282574], [29.902151, 36.2283093], [29.9022687, 36.2283429]]}}, {"type": "Feature", "properties": {"category": "lycian_way", "name": "Likya Yolu", "ref": "", "relation_id": 51855, "role": ""}, "geometry": {"type": "LineString", "coordinates": [[29.9022687, 36.2283429], [29.9026972, 36.2284028], [29.9029922, 36.2284284], [29.9030206, 36.2284251], [29.9031387, 36.2284766], [29.9034961, 36.2284309], [29.9037528, 36.2284344], [29.9047763, 36.228471], [29.9055594, 36.2285559], [29.906209, 36.2285992], [29.9066431, 36.228603], [29.9074869, 36.2288663], [29.9082716, 36.229146], [29.9086027, 36.2293663], [29.9091175, 36.229648], [29.9093821, 36.2297075], [29.9095562, 36.2297228], [29.9097657, 36.2296993], [29.9100618, 36.2298732]]}}, {"type": "Feature", "properties": {"category": "lycian_way", "name": "Likya Yolu", "ref": "", "relation_id": 51855, "role": ""}, "geometry": {"type": "LineString", "coordinates": [[29.9100618, 36.2298732], [29.9103085, 36.2299367], [29.9104781, 36.2299504], [29.9107742, 36.2299497], [29.9109364, 36.2298925], [29.9110879, 36.2299217], [29.9113574, 36.2298673], [29.9115243, 36.22993], [29.9117301, 36.2299128], [29.911971, 36.2299747], [29.9121212, 36.2300198], [29.9126239, 36.229961], [29.9128296, 36.2300163], [29.9132162, 36.2300763], [29.9133795, 36.2301848], [29.913649, 36.2301636], [29.9137965, 36.230302], [29.9146892, 36.2304789], [29.9148585, 36.2304964], [29.9150743, 36.2306069], [29.9151928, 36.2305718], [29.9153329, 36.230534], [29.9155526, 36.2306324]]}}, {"type": "Feature", "properties": {"category": "lycian_way", "name": "Likya Yolu", "ref": "", "relation_id": 51855, "role": ""}, "geometry": {"type": "LineString", "coordinates": [[29.9393077, 36.2306833], [29.9391962, 36.2306534], [29.939192, 36.2305551], [29.9391821, 36.2304922], [29.9391077, 36.2303101], [29.9389349, 36.2304057], [29.9388108, 36.2304109], [29.9384743, 36.2304413], [29.9381805, 36.2304988], [29.9377416, 36.230497], [29.9376345, 36.2304474], [29.9374223, 36.2304542], [29.9372751, 36.2304595], [29.936997, 36.2306037], [29.9368892, 36.2306034], [29.9366769, 36.2308291], [29.9365474, 36.2308782], [29.9363035, 36.2309203], [29.9358892, 36.231173], [29.9356533, 36.2313551], [29.9351526, 36.2315177], [29.9348604, 36.2316056], [29.9345724, 36.2316916], [29.9339685, 36.2318755], [29.9337023, 36.2319005], [29.933304, 36.2320117], [29.9331065, 36.232049], [29.932877, 36.2320279], [29.9326639, 36.2320507], [29.9322888, 36.2322335], [29.9320517, 36.2323262], [29.9317857, 36.2324578], [29.9315378, 36.2326055], [29.9311421, 36.2328851], [29.9308515, 36.2330972], [29.9304636, 36.23336], [29.9303163, 36.2334733], [29.9302165, 36.2335819], [29.9300797, 36.2337378], [29.9299927, 36.233727], [29.9298969, 36.2336621], [29.9297267, 36.2335526], [29.9294392, 36.2334708], [29.9291041, 36.2334936], [29.9288991, 36.2334526], [29.9285263, 36.2335451], [29.9282733, 36.2335905], [29.9276296, 36.2338084], [29.9275209, 36.2339354], [29.9273152, 36.234003], [29.9269166, 36.2341533], [29.9266408, 36.2341458], [29.9265276, 36.2340617], [29.9262585, 36.2339908], [29.9257868, 36.2338806], [29.925637, 36.2338104], [29.9252413, 36.2338024], [29.9248878, 36.2337567], [29.9243367, 36.2337384], [29.924038, 36.2338247], [29.9238954, 36.2338795], [29.9233408, 36.234244], [29.9230257, 36.2343332], [29.9225061, 36.2342606], [29.9222718, 36.2342463], [29.9221794, 36.234206], [29.9220369, 36.234146], [29.9217639, 36.2338285], [29.9217629, 36.2337701], [29.9217505, 36.233512], [29.9217776, 36.2334565], [29.9218428, 36.2334019], [29.9218053, 36.2333294], [29.9217265, 36.2332947], [29.9216619, 36.2331719], [29.921535, 36.2330495], [29.9213087, 36.2329852], [29.9213039, 36.232915], [29.9214236, 36.2327073], [29.9213553, 36.2325604], [29.9213024, 36.2325349], [29.9210881, 36.2325165], [29.9210189, 36.232454], [29.9208852, 36.2324612], [29.9203728, 36.23246], [29.9202694, 36.2323831], [29.9202675, 36.2322476], [29.9202017, 36.2321916], [29.9203638, 36.2320932], [29.9205059, 36.2319908], [29.920416, 36.2319228], [29.9204635, 36.2318054], [29.9203092, 36.2315772], [29.9200822, 36.2315136], [29.9200018, 36.2314166], [29.9198899, 36.2314008], [29.9197598, 36.2312339], [29.9194968, 36.2311363], [29.9194202, 36.2311512], [29.9192766, 36.2310711], [29.9189357, 36.2310178], [29.918606, 36.2309006], [29.9180197, 36.2309472], [29.9178368, 36.2309588], [29.9174394, 36.2307865], [29.9172093, 36.2307687], [29.9170048, 36.2307455], [29.9166512, 36.2306686], [29.9155526, 36.2306324]]}}, {"type": "Feature", "properties": {"category": "lycian_way", "name": "Likya Yolu", "ref": "", "relation_id": 51855, "role": ""}, "geometry": {"type": "LineString", "coordinates": [[29.939443, 36.2306884], [29.9393077, 36.2306833]]}}, {"type": "Feature", "properties": {"category": "lycian_way", "name": "Likya Yolu", "ref": "", "relation_id": 51855, "role": ""}, "geometry": {"type": "LineString", "coordinates": [[29.9457049, 36.2256976], [29.9455759, 36.2257083], [29.9454648, 36.2257176], [29.9448919, 36.2259385], [29.9442614, 36.2260372], [29.9438656, 36.2268362], [29.9436247, 36.227402], [29.9428983, 36.2281882], [29.9412981, 36.2291915], [29.9406528, 36.2296701], [29.9397298, 36.2300589], [29.9395798, 36.2305043], [29.939443, 36.2306884]]}}, {"type": "Feature", "properties": {"category": "lycian_way", "name": "Likya Yolu", "ref": "", "relation_id": 51855, "role": ""}, "geometry": {"type": "LineString", "coordinates": [[29.9457508, 36.225694], [29.9457049, 36.2256976]]}}, {"type": "Feature", "properties": {"category": "lycian_way", "name": "Likya Yolu", "ref": "", "relation_id": 51855, "role": ""}, "geometry": {"type": "LineString", "coordinates": [[29.9459182, 36.2255459], [29.9457997, 36.2256507], [29.9457508, 36.225694]]}}, {"type": "Feature", "properties": {"category": "lycian_way", "name": "Likya Yolu", "ref": "", "relation_id": 51855, "role": ""}, "geometry": {"type": "LineString", "coordinates": [[29.9459616, 36.2254814], [29.9459182, 36.2255459]]}}, {"type": "Feature", "properties": {"category": "lycian_way", "name": "Likya Yolu", "ref": "", "relation_id": 51855, "role": ""}, "geometry": {"type": "LineString", "coordinates": [[29.9461861, 36.2254893], [29.9459616, 36.2254814]]}}, {"type": "Feature", "properties": {"category": "lycian_way", "name": "Likya Yolu", "ref": "", "relation_id": 51855, "role": ""}, "geometry": {"type": "LineString", "coordinates": [[29.9461861, 36.2254893], [29.9464008, 36.2254821], [29.9468963, 36.225407], [29.9471832, 36.2253637]]}}, {"type": "Feature", "properties": {"category": "lycian_way", "name": "Likya Yolu", "ref": "", "relation_id": 51855, "role": ""}, "geometry": {"type": "LineString", "coordinates": [[29.182796, 36.4248782], [29.1829379, 36.4245691], [29.1830687, 36.4242941], [29.1831843, 36.4240746], [29.183168, 36.4239072], [29.1832408, 36.4234992], [29.1833606, 36.4233887], [29.183673, 36.4232999], [29.1838507, 36.4232812], [29.1841863, 36.4232645], [29.1842948, 36.4231768], [29.1844954, 36.4229423], [29.1847278, 36.4228572], [29.184883, 36.4228051]]}}, {"type": "Feature", "properties": {"category": "lycian_way", "name": "Likya Yolu", "ref": "", "relation_id": 51855, "role": ""}, "geometry": {"type": "LineString", "coordinates": [[29.184883, 36.4228051], [29.1846079, 36.4226428], [29.1844442, 36.422578]]}}, {"type": "Feature", "properties": {"category": "lycian_way", "name": "Likya Yolu", "ref": "", "relation_id": 51855, "role": ""}, "geometry": {"type": "LineString", "coordinates": [[29.1844442, 36.422578], [29.1843941, 36.422542]]}}, {"type": "Feature", "properties": {"category": "lycian_way", "name": "Likya Yolu", "ref": "", "relation_id": 51855, "role": ""}, "geometry": {"type": "LineString", "coordinates": [[29.1843941, 36.422542], [29.1843204, 36.4224896], [29.1843863, 36.4223351], [29.1847778, 36.4217858], [29.1850315, 36.4210848], [29.1850602, 36.4207767], [29.1851829, 36.4204842], [29.1851612, 36.4202188], [29.1852528, 36.4199991], [29.1853392, 36.4198887]]}}, {"type": "Feature", "properties": {"category": "lycian_way", "name": "Likya Yolu", "ref": "", "relation_id": 51855, "role": ""}, "geometry": {"type": "LineString", "coordinates": [[29.1853392, 36.4198887], [29.1851988, 36.4198091], [29.1850698, 36.4197364], [29.1849598, 36.4195648], [29.1847991, 36.4195117], [29.184758, 36.4192205]]}}, {"type": "Feature", "properties": {"category": "lycian_way", "name": "Likya Yolu", "ref": "", "relation_id": 51855, "role": ""}, "geometry": {"type": "LineString", "coordinates": [[29.184758, 36.4192205], [29.1845459, 36.4193687], [29.1844833, 36.4193892], [29.1844647, 36.4193388], [29.1846271, 36.4188063], [29.184749, 36.4185204], [29.184859, 36.4183624], [29.1850431, 36.4182109], [29.1852465, 36.418135], [29.1854361, 36.4181186], [29.185651, 36.4179974], [29.1857457, 36.4178911], [29.1861332, 36.4172811], [29.1861588, 36.4172644], [29.1864612, 36.4170676], [29.1867229, 36.4170617], [29.1870159, 36.4172043], [29.187354, 36.4173193], [29.1877374, 36.4172557], [29.1879083, 36.4172734], [29.188042, 36.4173143], [29.1881165, 36.4172748], [29.1882722, 36.4170664], [29.1882417, 36.4169275], [29.187998, 36.416666], [29.1875631, 36.4162316], [29.1872771, 36.4161526], [29.1870622, 36.4159729]]}}, {"type": "Feature", "properties": {"category": "lycian_way", "name": "Likya Yolu", "ref": "", "relation_id": 51855, "role": ""}, "geometry": {"type": "LineString", "coordinates": [[29.1870622, 36.4159729], [29.1871892, 36.4158007], [29.1873436, 36.4156308], [29.1876144, 36.4155055], [29.1878496, 36.4154837], [29.1880595, 36.4154252], [29.1881999, 36.4152849], [29.1882811, 36.415074], [29.1884453, 36.4150193], [29.1886196, 36.4148995], [29.1886416, 36.4147225], [29.1888516, 36.4144858], [29.1889598, 36.4144215], [29.1892058, 36.4140943], [29.1892271, 36.414066]]}}, {"type": "Feature", "properties": {"category": "lycian_way", "name": "Likya Yolu", "ref": "", "relation_id": 51855, "role": ""}, "geometry": {"type": "LineString", "coordinates": [[29.1892271, 36.414066], [29.1895233, 36.413919], [29.1899091, 36.4136262], [29.1903024, 36.4132443], [29.190537, 36.4131727], [29.1909702, 36.4129588], [29.1910514, 36.4128594], [29.1913268, 36.4127103], [29.1915394, 36.41257], [29.1917477, 36.4123591], [29.1921521, 36.4123483], [29.1923673, 36.412306], [29.1925138, 36.412146], [29.1926815, 36.4118203], [29.1925357, 36.4117046], [29.1926195, 36.4116276], [29.1926482, 36.4114061], [29.1927807, 36.4112689], [29.1932015, 36.410866]]}}, {"type": "Feature", "properties": {"category": "lycian_way", "name": "Likya Yolu", "ref": "", "relation_id": 51855, "role": ""}, "geometry": {"type": "LineString", "coordinates": [[29.1940396, 36.41084], [29.1940034, 36.4108508], [29.1937653, 36.4108484], [29.1934661, 36.4108575], [29.1932015, 36.410866]]}}, {"type": "Feature", "properties": {"category": "lycian_way", "name": "Likya Yolu", "ref": "", "relation_id": 51855, "role": ""}, "geometry": {"type": "LineString", "coordinates": [[29.1940396, 36.41084], [29.1943143, 36.4108669], [29.1945313, 36.4108006], [29.1948854, 36.4104919], [29.1950649, 36.4103153], [29.1952877, 36.4102003], [29.1955434, 36.4100084], [29.1956034, 36.4097191], [29.1955518, 36.4094709], [29.1955241, 36.4094322]]}}, {"type": "Feature", "properties": {"category": "lycian_way", "name": "Likya Yolu", "ref": "", "relation_id": 51855, "role": ""}, "geometry": {"type": "LineString", "coordinates": [[29.1955241, 36.4094322], [29.1953127, 36.4091375], [29.1952229, 36.4089343], [29.1951225, 36.4087071], [29.1939535, 36.4076004], [29.1941279, 36.407456]]}}, {"type": "Feature", "properties": {"category": "lycian_way", "name": "Likya Yolu", "ref": "", "relation_id": 51855, "role": ""}, "geometry": {"type": "LineString", "coordinates": [[29.1941279, 36.407456], [29.1938017, 36.4072817], [29.1930766, 36.4069505]]}}, {"type": "Feature", "properties": {"category": "lycian_way", "name": "Likya Yolu", "ref": "", "relation_id": 51855, "role": ""}, "geometry": {"type": "LineString", "coordinates": [[29.1930766, 36.4069505], [29.1927034, 36.4067466], [29.1922842, 36.4066539], [29.1921024, 36.4066394]]}}, {"type": "Feature", "properties": {"category": "lycian_way", "name": "Likya Yolu", "ref": "", "relation_id": 51855, "role": ""}, "geometry": {"type": "LineString", "coordinates": [[29.1921024, 36.4066394], [29.1918048, 36.4067537], [29.1915368, 36.4069447], [29.1913393, 36.4072033], [29.1910671, 36.4078779], [29.1907909, 36.408164], [29.1903996, 36.4082519], [29.1901634, 36.4083154]]}}, {"type": "Feature", "properties": {"category": "lycian_way", "name": "Likya Yolu", "ref": "", "relation_id": 51855, "role": ""}, "geometry": {"type": "LineString", "coordinates": [[29.1901634, 36.4083154], [29.1901176, 36.4082051], [29.1896923, 36.4080054], [29.189437, 36.4080295], [29.1892067, 36.4085337], [29.1889809, 36.4086635]]}}, {"type": "Feature", "properties": {"category": "lycian_way", "name": "Likya Yolu", "ref": "", "relation_id": 51855, "role": ""}, "geometry": {"type": "LineString", "coordinates": [[29.1889809, 36.4086635], [29.1886208, 36.4084841], [29.1884289, 36.4085273], [29.1883313, 36.4084967], [29.1882868, 36.4082739], [29.1880721, 36.4080141], [29.1878052, 36.4077876], [29.1878746, 36.4076184]]}}, {"type": "Feature", "properties": {"category": "lycian_way", "name": "Likya Yolu", "ref": "", "relation_id": 51855, "role": ""}, "geometry": {"type": "LineString", "coordinates": [[29.1878746, 36.4076184], [29.1878332, 36.4075416], [29.187848, 36.4074265], [29.188055, 36.4073238], [29.1882506, 36.4071732], [29.1884094, 36.4069998], [29.1885143, 36.4069565], [29.1888204, 36.406993], [29.1894778, 36.4069495]]}}, {"type": "Feature", "properties": {"category": "lycian_way", "name": "Likya Yolu", "ref": "", "relation_id": 51855, "role": ""}, "geometry": {"type": "LineString", "coordinates": [[29.1891496, 36.4068801], [29.1894778, 36.4069495]]}}, {"type": "Feature", "properties": {"category": "lycian_way", "name": "Likya Yolu", "ref": "", "relation_id": 51855, "role": ""}, "geometry": {"type": "LineString", "coordinates": [[29.1891496, 36.4068801], [29.1892946, 36.4068048], [29.1906208, 36.4062183], [29.1910657, 36.4061205], [29.1913857, 36.4061473]]}}, {"type": "Feature", "properties": {"category": "lycian_way", "name": "Likya Yolu", "ref": "", "relation_id": 51855, "role": ""}, "geometry": {"type": "LineString", "coordinates": [[29.1913857, 36.4061473], [29.1916009, 36.4059964], [29.1920013, 36.405672], [29.1924636, 36.4055455], [29.1926831, 36.4053578], [29.192919, 36.4053661], [29.1930781, 36.405437], [29.1933732, 36.4057247], [29.1934282, 36.4056191], [29.1935502, 36.4055441], [29.1934553, 36.4051202], [29.1933061, 36.4048958], [29.1933871, 36.4045545], [29.1935437, 36.404424], [29.1935718, 36.4043048], [29.1932707, 36.403853], [29.193423, 36.4036199], [29.1932084, 36.4029617], [29.1932242, 36.4026991], [29.1930936, 36.402482], [29.193101, 36.4023832], [29.1928953, 36.402193], [29.192865, 36.4021135], [29.192903, 36.4020662], [29.1926377, 36.4018472], [29.192648, 36.4017631], [29.1923872, 36.4013923], [29.1924219, 36.4012385], [29.1923201, 36.4011181], [29.1922685, 36.4008783], [29.1921769, 36.4007262], [29.1921482, 36.4003991], [29.1920442, 36.400274], [29.1921258, 36.4002288], [29.1924088, 36.4004957], [29.1928818, 36.4005331], [29.1931189, 36.4006719], [29.1931331, 36.4007317], [29.1931168, 36.4008528], [29.1936555, 36.4010903], [29.1937583, 36.4012715], [29.1938931, 36.4013805], [29.1938644, 36.4014393], [29.1942819, 36.401619], [29.1944116, 36.4018608]]}}, {"type": "Feature", "properties": {"category": "lycian_way", "name": "Likya Yolu", "ref": "", "relation_id": 51855, "role": ""}, "geometry": {"type": "LineString", "coordinates": [[29.1944116, 36.4018608], [29.1946119, 36.4018982], [29.1949284, 36.40214], [29.1949445, 36.4021918], [29.1950679, 36.402222], [29.1951269, 36.4021788], [29.1952932, 36.4022047], [29.1953737, 36.4022695], [29.1955775, 36.4022349], [29.1956258, 36.4022652], [29.1958128, 36.4022981], [29.1959316, 36.4023213], [29.196055, 36.4023386], [29.1962851, 36.402377], [29.1964519, 36.4023818], [29.1965807, 36.4023947], [29.1969186, 36.4025026], [29.1970313, 36.4024724], [29.1970849, 36.402412], [29.1971386, 36.4024379], [29.1971654, 36.4023731], [29.1974068, 36.4023256], [29.1975409, 36.402399], [29.1975624, 36.4023558], [29.1978038, 36.4024033], [29.1978199, 36.4022781], [29.1979969, 36.4021486], [29.19819, 36.4021529], [29.1984797, 36.4018377], [29.1988445, 36.4016262], [29.1990751, 36.4016003], [29.1991906, 36.4012028], [29.199283, 36.4010533], [29.1993299, 36.400893], [29.1995092, 36.4009826], [29.1996157, 36.4009925], [29.1996813, 36.4009569], [29.1997135, 36.4009181], [29.1998744, 36.4007626], [29.199971, 36.4007151], [29.2000622, 36.4007108], [29.2002768, 36.4007281], [29.2006684, 36.4006374], [29.2009366, 36.4004733], [29.2011565, 36.4004388], [29.2013524, 36.4004351], [29.2015276, 36.4005298], [29.2016395, 36.4006115], [29.2016822, 36.4007108], [29.2018003, 36.4007712], [29.20187, 36.400741], [29.201988, 36.4007928], [29.2021382, 36.4007583], [29.2021811, 36.4008231], [29.2022938, 36.4008058], [29.2026907, 36.4006719], [29.203018, 36.4005467], [29.203254, 36.400469], [29.203431, 36.4003222], [29.2035973, 36.4001624], [29.2039299, 36.3996918], [29.2041391, 36.3993593], [29.2044878, 36.3986339], [29.204829, 36.3983558]]}}, {"type": "Feature", "properties": {"category": "lycian_way", "name": "Likya Yolu", "ref": "", "relation_id": 51855, "role": ""}, "geometry": {"type": "LineString", "coordinates": [[29.2127935, 36.3986222], [29.2123782, 36.3986166], [29.211808, 36.3986261], [29.2112457, 36.3985469], [29.2110019, 36.3985976], [29.2108171, 36.3986482], [29.2106126, 36.3986672], [29.2104671, 36.3985849], [29.2102351, 36.3984488], [29.2100856, 36.3982431], [29.2099165, 36.3981608], [29.2095587, 36.397724], [29.2094761, 36.3974423], [29.2093188, 36.3971859], [29.2090947, 36.3970751], [29.2087477, 36.3970663], [29.2083853, 36.3969642], [29.2077059, 36.3969642], [29.2075519, 36.3969277], [29.2075337, 36.3968038], [29.2074341, 36.3967892], [29.2072348, 36.3968949], [29.2071714, 36.3971173], [29.2071079, 36.3973324], [29.2068576, 36.397574], [29.2066912, 36.3977408], [29.206356, 36.3978283], [29.2058759, 36.3978757], [29.2057083, 36.3977663], [29.2055361, 36.3977153], [29.2053006, 36.3977189], [29.2051936, 36.3977581], [29.2050563, 36.3981147], [29.204829, 36.3983558]]}}, {"type": "Feature", "properties": {"category": "lycian_way", "name": "Likya Yolu", "ref": "", "relation_id": 51855, "role": ""}, "geometry": {"type": "LineString", "coordinates": [[29.2163312, 36.4008322], [29.2160988, 36.4005683], [29.2155098, 36.4001523], [29.2151672, 36.3997798], [29.2149148, 36.3994363], [29.2146212, 36.3993745], [29.2143027, 36.3993132], [29.2135896, 36.3990513], [29.2133266, 36.3987894], [29.213015, 36.3986891], [29.2127935, 36.3986222]]}}, {"type": "Feature", "properties": {"category": "lycian_way", "name": "Likya Yolu", "ref": "", "relation_id": 51855, "role": ""}, "geometry": {"type": "LineString", "coordinates": [[29.2163312, 36.4008322], [29.2166758, 36.4010222], [29.216921, 36.4010786], [29.217213, 36.4010504], [29.2176917, 36.4011679], [29.2182406, 36.401229], [29.2184449, 36.4013324], [29.2187252, 36.4017365], [29.219343, 36.4023737]]}}, {"type": "Feature", "properties": {"category": "lycian_way", "name": "Likya Yolu", "ref": "", "relation_id": 51855, "role": ""}, "geometry": {"type": "LineString", "coordinates": [[29.219343, 36.4023737], [29.2195707, 36.4024391], [29.2205794, 36.4024166], [29.2207221, 36.4020794], [29.2209638, 36.4020138], [29.2213993, 36.4020091], [29.2217963, 36.4021971], [29.2221042, 36.4024754], [29.2224728, 36.402682]]}}, {"type": "Feature", "properties": {"category": "lycian_way", "name": "Likya Yolu", "ref": "", "relation_id": 51855, "role": ""}, "geometry": {"type": "LineString", "coordinates": [[29.2224728, 36.402682], [29.2225882, 36.4026141], [29.2233856, 36.4026568], [29.2240053, 36.4025124], [29.2243685, 36.4025622], [29.2250296, 36.4022877], [29.2255412, 36.4022887], [29.2261825, 36.4020354], [29.2266605, 36.401965], [29.2268879, 36.402026], [29.2273018, 36.4018899], [29.2277798, 36.4016834], [29.2280888, 36.4015145], [29.2284794, 36.4013878], [29.2287832, 36.4013333]]}}, {"type": "Feature", "properties": {"category": "lycian_way", "name": "Likya Yolu", "ref": "", "relation_id": 51855, "role": ""}, "geometry": {"type": "LineString", "coordinates": [[29.2287832, 36.4013333], [29.2289744, 36.4012234], [29.2290444, 36.4010671], [29.2292634, 36.4008924], [29.2295136, 36.4009097], [29.2297329, 36.4010159], [29.2298206, 36.4010167], [29.2301902, 36.4009428], [29.2303818, 36.4009491], [29.2304542, 36.4009207], [29.2307142, 36.4009192], [29.2311855, 36.4010262], [29.2313575, 36.4010246], [29.2315687, 36.4011017], [29.2316117, 36.4011505], [29.2317271, 36.4011914], [29.2318953, 36.4012103], [29.2320791, 36.4011788], [29.232257, 36.4012182], [29.2324975, 36.4013362], [29.2330874, 36.401427]]}}, {"type": "Feature", "properties": {"category": "lycian_way", "name": "Likya Yolu", "ref": "", "relation_id": 51855, "role": ""}, "geometry": {"type": "LineString", "coordinates": [[29.2330874, 36.401427], [29.2344785, 36.4012843], [29.2348508, 36.4011568], [29.2354099, 36.4011522], [29.2356583, 36.4010753], [29.2359794, 36.4011199], [29.2361275, 36.4012089], [29.2370909, 36.4010505]]}}, {"type": "Feature", "properties": {"category": "lycian_way", "name": "Likya Yolu", "ref": "", "relation_id": 51855, "role": ""}, "geometry": {"type": "LineString", "coordinates": [[29.2461347, 36.401209], [29.2461394, 36.4012767], [29.2460905, 36.4013114], [29.2459312, 36.4012949], [29.2456407, 36.4011755], [29.2452703, 36.4011812], [29.2449942, 36.4011343], [29.2449353, 36.4010543], [29.2448992, 36.4009783], [29.2448409, 36.4009672], [29.244752, 36.4010767], [29.2446687, 36.4011505], [29.2446076, 36.4014276], [29.2446854, 36.4016466], [29.2444938, 36.4016735], [29.2444355, 36.4016131], [29.2444355, 36.4017003], [29.244391, 36.4017226], [29.2443383, 36.4017092], [29.2443188, 36.4016645], [29.2442874, 36.4016718], [29.2443022, 36.4017964], [29.2442217, 36.4016936], [29.2441467, 36.4017785], [29.2440606, 36.4016087], [29.2439967, 36.4017629], [29.2439301, 36.4016176], [29.2437635, 36.401888], [29.2436774, 36.4017673], [29.2435942, 36.4017887], [29.2434977, 36.4016709], [29.2433081, 36.4015504], [29.2431783, 36.4014406], [29.2429021, 36.401146], [29.2428023, 36.4009183], [29.2427424, 36.4008433], [29.2427058, 36.400921], [29.2427557, 36.4010335], [29.2427158, 36.4010871], [29.2426293, 36.4010871], [29.2424962, 36.4010335], [29.2424097, 36.4009237], [29.2423365, 36.4007201], [29.2422499, 36.4007206], [29.2420237, 36.4011004], [29.2419571, 36.4011701], [29.2420237, 36.4012102], [29.2419239, 36.4015156], [29.2418839, 36.4015102], [29.2416493, 36.4011614], [29.2415379, 36.401154], [29.2414875, 36.4012681], [29.2414131, 36.4012779], [29.2411419, 36.4009639], [29.2410987, 36.4009639], [29.2410521, 36.4010388], [29.2409989, 36.4015289], [29.2409689, 36.4015343], [29.2406258, 36.4009591], [29.2405422, 36.4009583], [29.2404432, 36.4013067], [29.2404211, 36.4017417], [29.2403313, 36.4018153], [29.2398519, 36.4015061], [29.2394164, 36.4009901], [29.239057, 36.4010203], [29.2389121, 36.4013139], [29.2383489, 36.4014305], [29.238145, 36.4014089], [29.2376515, 36.4010073], [29.2374798, 36.4009944], [29.2370909, 36.4010505]]}}, {"type": "Feature", "properties": {"category": "lycian_way", "name": "Likya Yolu", "ref": "", "relation_id": 51855, "role": ""}, "geometry": {"type": "LineString", "coordinates": [[29.2480663, 36.4012425], [29.2475924, 36.4011255], [29.2473255, 36.4012545], [29.2461347, 36.401209]]}}, {"type": "Feature", "properties": {"category": "lycian_way", "name": "Likya Yolu", "ref": "", "relation_id": 51855, "role": ""}, "geometry": {"type": "LineString", "coordinates": [[29.2480663, 36.4012425], [29.2485968, 36.4007184], [29.2489235, 36.4006753], [29.2492257, 36.4005318], [29.249957, 36.4000488], [29.2503005, 36.3999507], [29.2508993, 36.3996566], [29.2512669, 36.3996186]]}}, {"type": "Feature", "properties": {"category": "lycian_way", "name": "Likya Yolu", "ref": "", "relation_id": 51855, "role": ""}, "geometry": {"type": "LineString", "coordinates": [[29.2512669, 36.3996186], [29.2515446, 36.3996262], [29.2519228, 36.3994407], [29.2520536, 36.3995827], [29.2524197, 36.3995727], [29.252724, 36.399511], [29.2529875, 36.3995312], [29.2532265, 36.3996559], [29.2536931, 36.3997303], [29.2542055, 36.3997487], [29.2543959, 36.3996711]]}}, {"type": "Feature", "properties": {"category": "lycian_way", "name": "Likya Yolu", "ref": "", "relation_id": 51855, "role": ""}, "geometry": {"type": "LineString", "coordinates": [[29.255261, 36.3999586], [29.2548956, 36.399763], [29.254638, 36.3997086], [29.2543959, 36.3996711]]}}, {"type": "Feature", "properties": {"category": "lycian_way", "name": "Likya Yolu", "ref": "", "relation_id": 51855, "role": ""}, "geometry": {"type": "LineString", "coordinates": [[29.255261, 36.3999586], [29.2554447, 36.3994711], [29.2555756, 36.399235], [29.2556484, 36.3990235]]}}, {"type": "Feature", "properties": {"category": "lycian_way", "name": "Likya Yolu", "ref": "", "relation_id": 51855, "role": ""}, "geometry": {"type": "LineString", "coordinates": [[29.2556484, 36.3990235], [29.2557626, 36.3986279], [29.2559961, 36.3982885], [29.2561157, 36.3982042]]}}, {"type": "Feature", "properties": {"category": "lycian_way", "name": "Likya Yolu", "ref": "", "relation_id": 51855, "role": ""}, "geometry": {"type": "LineString", "coordinates": [[29.2561157, 36.3982042], [29.2559198, 36.3971951], [29.2557605, 36.3966435], [29.2555954, 36.3964149], [29.2546113, 36.3955851], [29.2545522, 36.3954973], [29.2545541, 36.3953578], [29.2550803, 36.3947511], [29.2553507, 36.3941927], [29.2555569, 36.3935921], [29.2556048, 36.3932298], [29.2555181, 36.3923869], [29.2555564, 36.39225], [29.2561409, 36.391076], [29.2563175, 36.3908351], [29.2568448, 36.3903258], [29.2571544, 36.3899584], [29.2575812, 36.3897133], [29.2578676, 36.3893113], [29.2587706, 36.3891092], [29.2590786, 36.388908], [29.2595142, 36.3881834]]}}, {"type": "Feature", "properties": {"category": "lycian_way", "name": "Likya Yolu", "ref": "", "relation_id": 51855, "role": ""}, "geometry": {"type": "LineString", "coordinates": [[29.2595142, 36.3881834], [29.2595394, 36.3881129]]}}, {"type": "Feature", "properties": {"category": "lycian_way", "name": "Likya Yolu", "ref": "", "relation_id": 51855, "role": ""}, "geometry": {"type": "LineString", "coordinates": [[29.2595394, 36.3881129], [29.2594933, 36.3880896], [29.2593812, 36.3879081], [29.2593567, 36.3877348], [29.2594448, 36.3874435], [29.2596852, 36.3868423], [29.2594953, 36.3866787], [29.2596987, 36.3864376], [29.2598704, 36.3862618], [29.259733, 36.3861984], [29.2596414, 36.3861284], [29.2595486, 36.3860766], [29.25937, 36.3857605], [29.2592629, 36.3854098], [29.2591869, 36.3852172], [29.2592155, 36.385118], [29.25959, 36.3849875], [29.2597356, 36.38485], [29.2600984, 36.3847775], [29.2603507, 36.3846505], [29.2603678, 36.3845483], [29.2604554, 36.3843923], [29.260558, 36.3842155], [29.2605699, 36.3840498], [29.2606339, 36.3839727], [29.2610216, 36.3837579], [29.2619585, 36.3832167], [29.2612462, 36.3829938]]}}, {"type": "Feature", "properties": {"category": "lycian_way", "name": "Likya Yolu", "ref": "", "relation_id": 51855, "role": ""}, "geometry": {"type": "LineString", "coordinates": [[29.2612462, 36.3829938], [29.2609114, 36.3828398], [29.2607398, 36.382652], [29.2606159, 36.382515], [29.2605575, 36.3820793], [29.2604276, 36.3819208], [29.2601947, 36.3816074], [29.2601775, 36.3813322], [29.2602435, 36.3811001], [29.260239, 36.3808403], [29.260307, 36.3805316], [29.2606369, 36.3803045], [29.2605803, 36.3799792], [29.2607376, 36.3796311], [29.2607424, 36.37933], [29.2606494, 36.3791576], [29.260724, 36.3789105], [29.2612262, 36.3791182]]}}, {"type": "Feature", "properties": {"category": "lycian_way", "name": "Likya Yolu", "ref": "", "relation_id": 51855, "role": ""}, "geometry": {"type": "LineString", "coordinates": [[29.2612262, 36.3791182], [29.2610343, 36.3788665], [29.2609067, 36.3788151], [29.2608201, 36.3786817], [29.2607106, 36.3785756], [29.2606242, 36.3785467], [29.2604059, 36.3783516], [29.2600397, 36.3784415], [29.2593436, 36.3794886], [29.2587689, 36.3799705], [29.2586367, 36.3800078], [29.2586303, 36.3798995], [29.2590146, 36.3794886], [29.2590223, 36.3790574], [29.2588926, 36.3785808], [29.2587521, 36.3780645]]}}, {"type": "Feature", "properties": {"category": "lycian_way", "name": "Likya Yolu", "ref": "", "relation_id": 51855, "role": ""}, "geometry": {"type": "LineString", "coordinates": [[29.258843, 36.377925], [29.2587521, 36.3780645]]}}, {"type": "Feature", "properties": {"category": "lycian_way", "name": "Likya Yolu", "ref": "", "relation_id": 51855, "role": ""}, "geometry": {"type": "LineString", "coordinates": [[29.2585802, 36.377757], [29.258843, 36.377925]]}}, {"type": "Feature", "properties": {"category": "lycian_way", "name": "Likya Yolu", "ref": "", "relation_id": 51855, "role": ""}, "geometry": {"type": "LineString", "coordinates": [[29.2585802, 36.377757], [29.2589074, 36.3772357], [29.2593937, 36.3768184], [29.2598902, 36.3765714], [29.2602912, 36.3763819], [29.2604415, 36.3758645], [29.2604441, 36.3756541], [29.2608099, 36.3749701], [29.2613993, 36.3745674], [29.2615294, 36.3744389], [29.2617551, 36.3738733], [29.2620099, 36.3734845], [29.2622191, 36.3734289], [29.2626571, 36.3737367], [29.2629404, 36.3739338], [29.2632782, 36.373987], [29.2638067, 36.373826], [29.2641058, 36.3736204], [29.2644855, 36.3735366], [29.2648414, 36.3736794], [29.2653868, 36.3741891], [29.2656806, 36.3746505], [29.2662291, 36.3748778], [29.2665844, 36.3749324], [29.2667713, 36.3751114]]}}, {"type": "Feature", "properties": {"category": "lycian_way", "name": "Likya Yolu", "ref": "", "relation_id": 51855, "role": ""}, "geometry": {"type": "LineString", "coordinates": [[29.2667713, 36.3751114], [29.2670788, 36.3751621], [29.2673548, 36.3751457], [29.2677919, 36.3750312], [29.2681545, 36.3748965], [29.2683751, 36.3748091], [29.2685132, 36.3747122], [29.2686618, 36.3747098], [29.2687523, 36.3750046], [29.2690057, 36.3751512], [29.2692347, 36.3751915], [29.2693771, 36.3753367], [29.2695641, 36.3754741], [29.2698384, 36.3754903], [29.2699882, 36.3754053], [29.27052, 36.3752608], [29.2707025, 36.3752459], [29.2708561, 36.375399], [29.2710709, 36.3754458], [29.2711676, 36.3756226], [29.2713431, 36.3755665], [29.2715151, 36.3755652], [29.2716782, 36.3758802], [29.2717926, 36.3758156], [29.2719344, 36.3760038], [29.2721088, 36.376177], [29.2723979, 36.3762465], [29.2728148, 36.3763053], [29.2730604, 36.376081], [29.2734023, 36.3758986], [29.2736077, 36.3756833], [29.2739598, 36.3755219], [29.2743285, 36.3755234], [29.2746157, 36.3756231], [29.2748495, 36.3756859]]}}, {"type": "Feature", "properties": {"category": "lycian_way", "name": "Likya Yolu", "ref": "", "relation_id": 51855, "role": ""}, "geometry": {"type": "LineString", "coordinates": [[29.2748495, 36.3756859], [29.2749794, 36.3755421], [29.2752629, 36.3754641], [29.2754907, 36.3754916], [29.2758666, 36.3753724], [29.2763563, 36.3752165], [29.2768461, 36.3751798], [29.277484, 36.375244], [29.2779225, 36.3755191], [29.2777004, 36.3757805], [29.2778883, 36.3760143], [29.2781389, 36.3762849], [29.2784977, 36.3764545], [29.2788109, 36.3765508], [29.2791052, 36.3769941]]}}, {"type": "Feature", "properties": {"category": "lycian_way", "name": "Likya Yolu", "ref": "", "relation_id": 51855, "role": ""}, "geometry": {"type": "LineString", "coordinates": [[29.2789307, 36.3760085], [29.2792862, 36.37645], [29.2792882, 36.3767725], [29.2791052, 36.3769941]]}}, {"type": "Feature", "properties": {"category": "lycian_way", "name": "Likya Yolu", "ref": "", "relation_id": 51855, "role": ""}, "geometry": {"type": "LineString", "coordinates": [[29.2789307, 36.3760085], [29.2793363, 36.3760067], [29.2799002, 36.3761422], [29.2800584, 36.3761118], [29.2804538, 36.375723], [29.2827236, 36.3744231], [29.2829692, 36.3741812], [29.2835534, 36.3739602], [29.283843, 36.3738803], [29.2841392, 36.3734615], [29.2842969, 36.3734029], [29.2845368, 36.3729421], [29.2847402, 36.3728381], [29.2850822, 36.3723081], [29.2854486, 36.3721173], [29.2859304, 36.3712124], [29.2860468, 36.370931], [29.286338, 36.3707299], [29.2864347, 36.370396], [29.2861128, 36.3699295], [29.2856944, 36.3695494], [29.2855227, 36.3691347], [29.2854262, 36.3686077], [29.2857266, 36.3666725], [29.285595, 36.3663795], [29.2858373, 36.36607], [29.2862449, 36.3658623], [29.2863035, 36.3656555], [29.286427, 36.3655779]]}}, {"type": "Feature", "properties": {"category": "lycian_way", "name": "Likya Yolu", "ref": "", "relation_id": 51855, "role": ""}, "geometry": {"type": "LineString", "coordinates": [[29.286427, 36.3655779], [29.2865267, 36.3654653], [29.2867543, 36.3653217], [29.2870945, 36.3646942], [29.287119, 36.3642713], [29.2872644, 36.3641809], [29.2874212, 36.3639237], [29.2873921, 36.3638519], [29.2869949, 36.3637824], [29.2869597, 36.363579], [29.2864369, 36.363303]]}}, {"type": "Feature", "properties": {"category": "lycian_way", "name": "Likya Yolu", "ref": "", "relation_id": 51855, "role": ""}, "geometry": {"type": "LineString", "coordinates": [[29.2864369, 36.363303], [29.2865907, 36.3631215], [29.2868833, 36.3629433], [29.2873353, 36.3623989], [29.2878705, 36.3617859], [29.2882295, 36.3609118], [29.2882827, 36.3606284], [29.2881498, 36.3603084]]}}, {"type": "Feature", "properties": {"category": "lycian_way", "name": "Likya Yolu", "ref": "", "relation_id": 51855, "role": ""}, "geometry": {"type": "LineString", "coordinates": [[29.2881498, 36.3603084], [29.2883202, 36.3602115], [29.2883808, 36.359931], [29.2886335, 36.3597666], [29.2891158, 36.3597309], [29.2893564, 36.3596161], [29.2903285, 36.3595132], [29.290958, 36.3594998], [29.29154, 36.3592791], [29.2920612, 36.3592393], [29.2925171, 36.3591353], [29.2929102, 36.3591453], [29.2933766, 36.3592774], [29.2937648, 36.3591249], [29.2941381, 36.3589928]]}}, {"type": "Feature", "properties": {"category": "lycian_way", "name": "Likya Yolu", "ref": "", "relation_id": 51855, "role": ""}, "geometry": {"type": "LineString", "coordinates": [[29.2941381, 36.3589928], [29.2942414, 36.3588984], [29.294362, 36.3588148], [29.2946134, 36.3590093], [29.2947859, 36.3591919], [29.294855, 36.3592396], [29.2950176, 36.3591919], [29.2952986, 36.35918], [29.2954613, 36.3592316], [29.2957176, 36.3593904], [29.295624, 36.3595175], [29.2957916, 36.3596008], [29.2959, 36.3597477], [29.2960528, 36.3596564], [29.2962549, 36.3594381], [29.2962796, 36.3597557], [29.2964275, 36.3596564], [29.2963486, 36.3598112], [29.2965458, 36.3597398], [29.2964916, 36.3600335], [29.296742, 36.3599636], [29.2968775, 36.3597611], [29.2968775, 36.3596676], [29.296713, 36.3594028], [29.2966763, 36.3592188], [29.2968097, 36.359004], [29.2970127, 36.3589573], [29.2971952, 36.3591477], [29.2974666, 36.3585967], [29.297555, 36.3580818], [29.2976942, 36.3579594], [29.2977091, 36.3570785], [29.2979397, 36.3566553], [29.2980092, 36.3566045], [29.2981026, 36.3566988], [29.298272, 36.3573282], [29.2987857, 36.3576499], [29.2990588, 36.3585967], [29.2993497, 36.3587012], [29.2993992, 36.3587733]]}}, {"type": "Feature", "properties": {"category": "lycian_way", "name": "Likya Yolu", "ref": "", "relation_id": 51855, "role": ""}, "geometry": {"type": "LineString", "coordinates": [[29.2993992, 36.3587733], [29.2994942, 36.3592591], [29.2988052, 36.3595246], [29.2988149, 36.3596242]]}}, {"type": "Feature", "properties": {"category": "lycian_way", "name": "Likya Yolu", "ref": "", "relation_id": 51855, "role": ""}, "geometry": {"type": "LineString", "coordinates": [[29.304752, 36.3618365], [29.3044094, 36.3618453], [29.3041197, 36.3619749], [29.3037549, 36.3619403], [29.3035725, 36.3618539], [29.303197, 36.3619101], [29.3027088, 36.3618323], [29.3019525, 36.3618928], [29.3016842, 36.3617114], [29.3018948, 36.3615902], [29.3021738, 36.360709], [29.3015134, 36.3605659], [29.3011141, 36.3604109], [29.3010071, 36.3602903], [29.3010428, 36.3600261], [29.3010483, 36.3597102], [29.3008716, 36.3594404], [29.3005293, 36.35936], [29.3000516, 36.3593772], [29.2995667, 36.3594461], [29.2989106, 36.3597103], [29.2988108, 36.3597103], [29.2988149, 36.3596242]]}}, {"type": "Feature", "properties": {"category": "lycian_way", "name": "Likya Yolu", "ref": "", "relation_id": 51855, "role": ""}, "geometry": {"type": "LineString", "coordinates": [[29.304752, 36.3618365], [29.3047651, 36.3624596]]}}, {"type": "Feature", "properties": {"category": "lycian_way", "name": "Likya Yolu", "ref": "", "relation_id": 51855, "role": ""}, "geometry": {"type": "LineString", "coordinates": [[29.3047651, 36.3624596], [29.3050803, 36.3624247], [29.3053217, 36.3621137], [29.3053747, 36.3619117], [29.3055185, 36.3617686], [29.3057885, 36.3614873], [29.3060138, 36.3611676], [29.3061854, 36.3609948], [29.306738, 36.3607918], [29.3070062, 36.3606795], [29.30726, 36.3602583], [29.3074825, 36.3601288], [29.3080791, 36.3597247], [29.3083449, 36.3594647], [29.3087979, 36.3591675], [29.3091094, 36.3590002], [29.3093909, 36.358918], [29.3096508, 36.35877], [29.3099541, 36.3587165], [29.310079, 36.3586514]]}}, {"type": "Feature", "properties": {"category": "lycian_way", "name": "Likya Yolu", "ref": "", "relation_id": 51855, "role": ""}, "geometry": {"type": "LineString", "coordinates": [[29.310079, 36.3586514], [29.3112986, 36.3574803], [29.3117169, 36.3572297], [29.3125123, 36.3568401], [29.3127656, 36.3567161], [29.313052, 36.3565894], [29.3138033, 36.3562571], [29.3140538, 36.356148], [29.3143802, 36.3560162]]}}, {"type": "Feature", "properties": {"category": "lycian_way", "name": "Likya Yolu", "ref": "", "relation_id": 51855, "role": ""}, "geometry": {"type": "LineString", "coordinates": [[29.3143802, 36.3560162], [29.3154357, 36.3556496]]}}, {"type": "Feature", "properties": {"category": "lycian_way", "name": "Likya Yolu", "ref": "", "relation_id": 51855, "role": ""}, "geometry": {"type": "LineString", "coordinates": [[29.3164099, 36.3552762], [29.3154357, 36.3556496]]}}, {"type": "Feature", "properties": {"category": "lycian_way", "name": "Likya Yolu", "ref": "", "relation_id": 51855, "role": ""}, "geometry": {"type": "LineString", "coordinates": [[29.3181016, 36.3544589], [29.3174409, 36.3549028], [29.3169215, 36.3551091], [29.3164099, 36.3552762]]}}, {"type": "Feature", "properties": {"category": "lycian_way", "name": "Likya Yolu", "ref": "", "relation_id": 51855, "role": ""}, "geometry": {"type": "LineString", "coordinates": [[29.3194299, 36.3522058], [29.3192479, 36.3525659], [29.3191329, 36.3527935], [29.3190336, 36.3529901], [29.3185797, 36.3538882], [29.3181606, 36.3543905], [29.3181016, 36.3544589]]}}, {"type": "Feature", "properties": {"category": "lycian_way", "name": "Likya Yolu", "ref": "", "relation_id": 51855, "role": ""}, "geometry": {"type": "LineString", "coordinates": [[29.3194299, 36.3522058], [29.3195391, 36.3521416], [29.3196625, 36.3521373], [29.3197419, 36.352181]]}}, {"type": "Feature", "properties": {"category": "lycian_way", "name": "Likya Yolu", "ref": "", "relation_id": 51855, "role": ""}, "geometry": {"type": "LineString", "coordinates": [[29.3197419, 36.352181], [29.3199135, 36.3525471], [29.3199472, 36.3526137], [29.320058, 36.3528327], [29.320522, 36.3535042], [29.3206169, 36.353549]]}}, {"type": "Feature", "properties": {"category": "lycian_way", "name": "Likya Yolu", "ref": "", "relation_id": 51855, "role": ""}, "geometry": {"type": "LineString", "coordinates": [[29.3206169, 36.353549], [29.3205599, 36.3537545], [29.3204697, 36.3539638], [29.3202509, 36.3541927]]}}, {"type": "Feature", "properties": {"category": "lycian_way", "name": "Likya Yolu", "ref": "", "relation_id": 51855, "role": ""}, "geometry": {"type": "LineString", "coordinates": [[29.3202509, 36.3541927], [29.3197635, 36.3547287], [29.3196096, 36.3549899], [29.3190965, 36.3559145], [29.3190235, 36.3560106], [29.3188411, 36.3561996], [29.3187798, 36.3563205], [29.3187391, 36.3564661], [29.3187356, 36.3565749], [29.3187318, 36.3566912], [29.3187878, 36.3568453], [29.3188586, 36.357083], [29.3188489, 36.3572439], [29.3187963, 36.3574855], [29.3185213, 36.3580992], [29.3182064, 36.3586063], [29.3180856, 36.3589872], [29.3179095, 36.3592002], [29.3176371, 36.3600802]]}}, {"type": "Feature", "properties": {"category": "lycian_way", "name": "Likya Yolu", "ref": "", "relation_id": 51855, "role": ""}, "geometry": {"type": "LineString", "coordinates": [[29.3176371, 36.3600802], [29.3179357, 36.3604887], [29.3186434, 36.3609025], [29.3192102, 36.3611807], [29.3199012, 36.3614777], [29.3202932, 36.3615433], [29.3205455, 36.3614996], [29.3208056, 36.3612557], [29.3210105, 36.3611889], [29.3211317, 36.3611494], [29.3216596, 36.3610775], [29.3219896, 36.3608275], [29.3225168, 36.3605273], [29.3231775, 36.3604867], [29.3236782, 36.3605649], [29.3238451, 36.3607711]]}}, {"type": "Feature", "properties": {"category": "lycian_way", "name": "Likya Yolu", "ref": "", "relation_id": 51855, "role": ""}, "geometry": {"type": "LineString", "coordinates": [[29.3238451, 36.3607711], [29.3241115, 36.3607032], [29.324686, 36.3606048], [29.3250037, 36.3605796], [29.3250865, 36.3605765], [29.3270316, 36.3604903], [29.3284919, 36.3603473], [29.3288136, 36.3603343], [29.3290309, 36.360353], [29.3292394, 36.3604192], [29.3295548, 36.3605268], [29.3302851, 36.3607065], [29.3305602, 36.3607456], [29.3307375, 36.3607231], [29.330875, 36.3606698], [29.3310699, 36.360563], [29.3317078, 36.3602165], [29.3321843, 36.3600245], [29.3325104, 36.35992], [29.3348846, 36.359575], [29.3385179, 36.3590439], [29.3406827, 36.3587164], [29.3417781, 36.3585398], [29.3426013, 36.3584385], [29.3437474, 36.3582528], [29.3444986, 36.3582138], [29.3452182, 36.3581765], [29.3463676, 36.358495], [29.3481766, 36.3590413], [29.3492353, 36.3594786], [29.3499376, 36.3598661], [29.3502612, 36.3602106], [29.3508232, 36.3610749], [29.3515278, 36.362294], [29.3522123, 36.3631104], [29.352776, 36.3637576]]}}, {"type": "Feature", "properties": {"category": "lycian_way", "name": "Likya Yolu", "ref": "", "relation_id": 51855, "role": ""}, "geometry": {"type": "LineString", "coordinates": [[29.352776, 36.3637576], [29.3528836, 36.3635978], [29.3530749, 36.3631762]]}}, {"type": "Feature", "properties": {"category": "lycian_way", "name": "Likya Yolu", "ref": "", "relation_id": 51855, "role": ""}, "geometry": {"type": "LineString", "coordinates": [[29.3530749, 36.3631762], [29.3535992, 36.3629692], [29.3541563, 36.3625403], [29.3546078, 36.362332], [29.3553543, 36.3620776]]}}, {"type": "Feature", "properties": {"category": "lycian_way", "name": "Likya Yolu", "ref": "", "relation_id": 51855, "role": ""}, "geometry": {"type": "LineString", "coordinates": [[29.3553543, 36.3620776], [29.3554553, 36.3620037], [29.3558336, 36.3613576], [29.3563779, 36.360997], [29.3567033, 36.3606963]]}}, {"type": "Feature", "properties": {"category": "lycian_way", "name": "Likya Yolu", "ref": "", "relation_id": 51855, "role": ""}, "geometry": {"type": "LineString", "coordinates": [[29.3567033, 36.3606963], [29.3568296, 36.360616], [29.3570628, 36.3602622], [29.3570759, 36.3596787], [29.3573445, 36.3589464]]}}, {"type": "Feature", "properties": {"category": "lycian_way", "name": "Likya Yolu", "ref": "", "relation_id": 51855, "role": ""}, "geometry": {"type": "LineString", "coordinates": [[29.3573445, 36.3589464], [29.3578019, 36.3588282], [29.3585665, 36.3589343], [29.3591113, 36.3588346], [29.3595544, 36.3585435], [29.359656, 36.3580171], [29.3596947, 36.3575371], [29.3595311, 36.3571466], [29.3596467, 36.3566618]]}}, {"type": "Feature", "properties": {"category": "lycian_way", "name": "Likya Yolu", "ref": "", "relation_id": 51855, "role": ""}, "geometry": {"type": "LineString", "coordinates": [[29.3596467, 36.3566618], [29.3598907, 36.3560468], [29.3602057, 36.3558066], [29.361122, 36.3552979], [29.3623966, 36.354828], [29.3643458, 36.354022], [29.3650283, 36.3539403], [29.3654116, 36.354193], [29.3660205, 36.3543393], [29.36766, 36.3542567], [29.3679881, 36.3541387], [29.3682563, 36.3538533], [29.368425, 36.3539115], [29.3687143, 36.3538881], [29.3688746, 36.3536983], [29.3697329, 36.3517282], [29.3712794, 36.3509942], [29.3734656, 36.350973], [29.3736366, 36.3510953], [29.3738109, 36.351072], [29.3741102, 36.3507215], [29.37477, 36.3502916], [29.3763893, 36.3497321], [29.3781142, 36.3497633], [29.3789749, 36.3501556], [29.3791082, 36.349623], [29.3795334, 36.3491981], [29.3799115, 36.348943], [29.3805476, 36.3488939], [29.3815896, 36.3486245], [29.3831867, 36.3486886], [29.3845387, 36.3485483], [29.3848363, 36.3484639], [29.3851635, 36.3482306], [29.3849114, 36.3481377], [29.3849489, 36.348106], [29.3854129, 36.3477143], [29.3858101, 36.3474768]]}}, {"type": "Feature", "properties": {"category": "lycian_way", "name": "Likya Yolu", "ref": "", "relation_id": 51855, "role": ""}, "geometry": {"type": "LineString", "coordinates": [[29.3858101, 36.3474768], [29.3866372, 36.3466299], [29.3869861, 36.3464692], [29.3874492, 36.3463182], [29.3878104, 36.3461157], [29.3883315, 36.3460498], [29.3887872, 36.3459019], [29.389762, 36.3458874], [29.3902161, 36.3458502]]}}, {"type": "Feature", "properties": {"category": "lycian_way", "name": "Likya Yolu", "ref": "", "relation_id": 51855, "role": ""}, "geometry": {"type": "LineString", "coordinates": [[29.3902161, 36.3458502], [29.3905829, 36.3460562], [29.3907399, 36.3460703]]}}, {"type": "Feature", "properties": {"category": "lycian_way", "name": "Likya Yolu", "ref": "", "relation_id": 51855, "role": ""}, "geometry": {"type": "LineString", "coordinates": [[29.3913272, 36.3469078], [29.390988, 36.3467541], [29.3910441, 36.3464651], [29.390949, 36.3462584], [29.3907399, 36.3460703]]}}, {"type": "Feature", "properties": {"category": "lycian_way", "name": "Likya Yolu", "ref": "", "relation_id": 51855, "role": ""}, "geometry": {"type": "LineString", "coordinates": [[29.3988264, 36.3418982], [29.3986986, 36.3418286], [29.3985729, 36.3418143], [29.3983197, 36.341751], [29.3979685, 36.3417458], [29.3976487, 36.3419377], [29.397537, 36.3420168], [29.3973084, 36.3423048], [29.3969688, 36.3426399], [29.3966767, 36.342866], [29.3962616, 36.3432718], [29.3959293, 36.3435945], [29.3954171, 36.3440135], [29.3953294, 36.3441376], [29.3951748, 36.3442515], [29.3949194, 36.3445224], [29.3947287, 36.3448207], [29.3947244, 36.3452623], [29.3946513, 36.3455526], [29.3946611, 36.3458418], [29.3943236, 36.3458156], [29.3938002, 36.3457841], [29.3935929, 36.3458656], [29.3930554, 36.3462092], [29.3924805, 36.3464547], [29.3913272, 36.3469078]]}}, {"type": "Feature", "properties": {"category": "lycian_way", "name": "Likya Yolu", "ref": "", "relation_id": 51855, "role": ""}, "geometry": {"type": "LineString", "coordinates": [[29.3988264, 36.3418982], [29.3989354, 36.3420372], [29.3992808, 36.3421919], [29.3998426, 36.342281], [29.4001692, 36.3424982], [29.400523, 36.3426366], [29.4006294, 36.3427672], [29.4008691, 36.3429131], [29.4010016, 36.3428112], [29.4010316, 36.3425774], [29.4011035, 36.3424992], [29.4013947, 36.3426335]]}}, {"type": "Feature", "properties": {"category": "lycian_way", "name": "Likya Yolu", "ref": "", "relation_id": 51855, "role": ""}, "geometry": {"type": "LineString", "coordinates": [[29.3996542, 36.3415276], [29.4000685, 36.3417558], [29.4004018, 36.3420165], [29.4008583, 36.3421793], [29.4012542, 36.3423833], [29.4013947, 36.3426335]]}}, {"type": "Feature", "properties": {"category": "lycian_way", "name": "Likya Yolu", "ref": "", "relation_id": 51855, "role": ""}, "geometry": {"type": "LineString", "coordinates": [[29.4030791, 36.3256418], [29.4030706, 36.326166], [29.4030676, 36.3263482], [29.4029115, 36.3265885], [29.4028203, 36.3268577], [29.4027655, 36.3274036], [29.4026389, 36.3276541], [29.4025818, 36.3279234], [29.4025428, 36.3287825], [29.4026297, 36.3292839], [29.4022781, 36.3300367], [29.4023519, 36.330281], [29.4026272, 36.3305038], [29.4025336, 36.3307679], [29.402514, 36.3310414], [29.4025708, 36.331308], [29.4025344, 36.3315843], [29.402423, 36.3318357], [29.4019541, 36.3322533], [29.4015052, 36.3328619], [29.4013628, 36.3330998], [29.4008395, 36.3334464], [29.4006848, 36.3336926], [29.4006813, 36.3339476], [29.4000317, 36.3342153], [29.3996812, 36.334189], [29.3992269, 36.3341981], [29.3990843, 36.3342081], [29.3988229, 36.3343745], [29.3989033, 36.3346352], [29.3992466, 36.3350811], [29.399398, 36.3358796], [29.3994481, 36.3361451], [29.3993998, 36.3369486], [29.3994049, 36.3374857], [29.399239, 36.3376963], [29.3990269, 36.3382128], [29.3991823, 36.3384523], [29.3997727, 36.3391141], [29.3999818, 36.3396372], [29.3999908, 36.3399121], [29.400096, 36.3404229], [29.3998255, 36.3405201], [29.399535, 36.3403879], [29.3994067, 36.3405891], [29.3995035, 36.3411072], [29.3996542, 36.3415276]]}}, {"type": "Feature", "properties": {"category": "lycian_way", "name": "Likya Yolu", "ref": "", "relation_id": 51855, "role": ""}, "geometry": {"type": "LineString", "coordinates": [[29.4037104, 36.3245571], [29.4035185, 36.3247531], [29.4033961, 36.3250043], [29.4032987, 36.3252788], [29.4030791, 36.3256418]]}}, {"type": "Feature", "properties": {"category": "lycian_way", "name": "Likya Yolu", "ref": "", "relation_id": 51855, "role": ""}, "geometry": {"type": "LineString", "coordinates": [[29.4048636, 36.3229111], [29.4046607, 36.3233525], [29.4043589, 36.3239135], [29.4041539, 36.3241297], [29.4039055, 36.3243148], [29.4037104, 36.3245571]]}}, {"type": "Feature", "properties": {"category": "lycian_way", "name": "Likya Yolu", "ref": "", "relation_id": 51855, "role": ""}, "geometry": {"type": "LineString", "coordinates": [[29.4051604, 36.3220515], [29.4049939, 36.3226557], [29.4048636, 36.3229111]]}}, {"type": "Feature", "properties": {"category": "lycian_way", "name": "Likya Yolu", "ref": "", "relation_id": 51855, "role": ""}, "geometry": {"type": "LineString", "coordinates": [[29.405257, 36.3219354], [29.4051604, 36.3220515]]}}, {"type": "Feature", "properties": {"category": "lycian_way", "name": "Likya Yolu", "ref": "", "relation_id": 51855, "role": ""}, "geometry": {"type": "LineString", "coordinates": [[29.4046467, 36.3202108], [29.4045883, 36.3202976], [29.4046978, 36.3207559], [29.404694, 36.321144], [29.405033, 36.3213431], [29.405044, 36.3215696], [29.405257, 36.3219354]]}}, {"type": "Feature", "properties": {"category": "lycian_way", "name": "Likya Yolu", "ref": "", "relation_id": 51855, "role": ""}, "geometry": {"type": "LineString", "coordinates": [[29.4006479, 36.3181398], [29.4006898, 36.3182251], [29.4008699, 36.3183249], [29.401237, 36.3183537], [29.402002, 36.3186029], [29.4022197, 36.3186601], [29.4025515, 36.3186258], [29.4027711, 36.3186745], [29.4031923, 36.319002], [29.4034887, 36.3191076], [29.4037664, 36.3191384], [29.4039396, 36.3192305], [29.4041648, 36.319641], [29.4043192, 36.3197959], [29.4045972, 36.3200179], [29.4046467, 36.3202108]]}}, {"type": "Feature", "properties": {"category": "lycian_way", "name": "Likya Yolu", "ref": "", "relation_id": 51855, "role": ""}, "geometry": {"type": "LineString", "coordinates": [[29.4006479, 36.3181398], [29.4007725, 36.3180858], [29.4010164, 36.3178109]]}}, {"type": "Feature", "properties": {"category": "lycian_way", "name": "Likya Yolu", "ref": "", "relation_id": 51855, "role": ""}, "geometry": {"type": "LineString", "coordinates": [[29.4010164, 36.3178109], [29.4014682, 36.3176683], [29.4016334, 36.3173495], [29.4019383, 36.3169883], [29.4023476, 36.3167681], [29.4027668, 36.3162725], [29.4029606, 36.3161539], [29.4032481, 36.3159373], [29.4034347, 36.3157411], [29.403619, 36.3154121], [29.4037255, 36.3147657], [29.4037116, 36.3143102], [29.4037815, 36.3135227], [29.4037477, 36.313266], [29.4036754, 36.3129482], [29.4037129, 36.3125747], [29.4041329, 36.31131], [29.4043098, 36.3109601], [29.4045426, 36.3106772], [29.4048686, 36.3102466], [29.4049355, 36.3101095], [29.4048003, 36.3090113], [29.4049904, 36.3085878], [29.4051699, 36.308434], [29.4054641, 36.3083565], [29.4056394, 36.3082737], [29.4059082, 36.3078845], [29.4060683, 36.3077895], [29.4065988, 36.307801], [29.4070417, 36.3078759], [29.4071459, 36.3078347], [29.4071869, 36.307746], [29.4072806, 36.3076017]]}}, {"type": "Feature", "properties": {"category": "lycian_way", "name": "Likya Yolu", "ref": "", "relation_id": 51855, "role": ""}, "geometry": {"type": "LineString", "coordinates": [[29.4072806, 36.3076017], [29.4073352, 36.3071528], [29.4072516, 36.3070754], [29.4072438, 36.3068358]]}}, {"type": "Feature", "properties": {"category": "lycian_way", "name": "Likya Yolu", "ref": "", "relation_id": 51855, "role": ""}, "geometry": {"type": "LineString", "coordinates": [[29.4072438, 36.3068358], [29.4071618, 36.3067085], [29.4070476, 36.3066677], [29.4067686, 36.3063922], [29.4066771, 36.3062427]]}}, {"type": "Feature", "properties": {"category": "lycian_way", "name": "Likya Yolu", "ref": "", "relation_id": 51855, "role": ""}, "geometry": {"type": "LineString", "coordinates": [[29.4066771, 36.3062427], [29.4065903, 36.3059328], [29.4065762, 36.3056424], [29.4066295, 36.3051435], [29.406759, 36.304944], [29.406858, 36.3046661], [29.4069495, 36.3044988], [29.406959, 36.3043407], [29.4070771, 36.3042348], [29.4071723, 36.3039217], [29.4072144, 36.3037888], [29.4076346, 36.3033764], [29.4080683, 36.30266], [29.4083646, 36.3022432], [29.4085666, 36.3017873], [29.4089868, 36.3011122], [29.4090069, 36.3010224], [29.4088608, 36.3010206], [29.4087709, 36.3010439], [29.4087207, 36.3010493], [29.4087019, 36.3010282], [29.4087852, 36.3009621], [29.4088762, 36.3008893], [29.40896, 36.3008017], [29.4091188, 36.3007106]]}}, {"type": "Feature", "properties": {"category": "lycian_way", "name": "Likya Yolu", "ref": "", "relation_id": 51855, "role": ""}, "geometry": {"type": "LineString", "coordinates": [[29.4091188, 36.3007106], [29.4092256, 36.3006791], [29.4093347, 36.3006306], [29.4099026, 36.3005651], [29.4099776, 36.3005223], [29.4099996, 36.3002655], [29.4102018, 36.3000342], [29.4103366, 36.3000257], [29.4107303, 36.3001063], [29.4108225, 36.3001395], [29.411014, 36.3003121], [29.4117561, 36.3000466], [29.4121352, 36.2998858], [29.4122317, 36.2998448]]}}, {"type": "Feature", "properties": {"category": "lycian_way", "name": "Likya Yolu", "ref": "", "relation_id": 51855, "role": ""}, "geometry": {"type": "LineString", "coordinates": [[29.4122317, 36.2998448], [29.4122967, 36.2997572], [29.4123423, 36.299515]]}}, {"type": "Feature", "properties": {"category": "lycian_way", "name": "Likya Yolu", "ref": "", "relation_id": 51855, "role": ""}, "geometry": {"type": "LineString", "coordinates": [[29.4123423, 36.299515], [29.4126025, 36.2994502], [29.4127956, 36.2990049], [29.4129968, 36.2988893]]}}, {"type": "Feature", "properties": {"category": "lycian_way", "name": "Likya Yolu", "ref": "", "relation_id": 51855, "role": ""}, "geometry": {"type": "LineString", "coordinates": [[29.4129968, 36.2988893], [29.4132059, 36.2987639], [29.4134609, 36.2985045]]}}, {"type": "Feature", "properties": {"category": "lycian_way", "name": "Likya Yolu", "ref": "", "relation_id": 51855, "role": ""}, "geometry": {"type": "LineString", "coordinates": [[29.4123716, 36.2959103], [29.4125569, 36.2960693], [29.4127517, 36.2963543], [29.4130014, 36.2965695], [29.4134203, 36.2969158], [29.4134842, 36.2971317], [29.4134042, 36.2973543], [29.4131344, 36.2975778], [29.4130653, 36.2977249], [29.4131867, 36.2981307], [29.4132289, 36.2982534], [29.4134194, 36.2984595], [29.4134609, 36.2985045]]}}, {"type": "Feature", "properties": {"category": "lycian_way", "name": "Likya Yolu", "ref": "", "relation_id": 51855, "role": ""}, "geometry": {"type": "LineString", "coordinates": [[29.4123716, 36.2959103], [29.412522, 36.2956006], [29.4126919, 36.2953806], [29.4127512, 36.2950137], [29.4130124, 36.2947444], [29.4129988, 36.2945643], [29.4131125, 36.2944258], [29.4132762, 36.2943277], [29.4134195, 36.2942073], [29.4135709, 36.2941381], [29.4137438, 36.2940102]]}}, {"type": "Feature", "properties": {"category": "lycian_way", "name": "Likya Yolu", "ref": "", "relation_id": 51855, "role": ""}, "geometry": {"type": "LineString", "coordinates": [[29.4137438, 36.2940102], [29.4139218, 36.293983], [29.4140333, 36.2939435], [29.4141274, 36.2938725], [29.4140803, 36.2936845], [29.4140292, 36.2934883], [29.4140169, 36.2932277], [29.4138655, 36.2931024], [29.4138621, 36.2929756], [29.4138096, 36.2929315], [29.4135622, 36.2928732], [29.4134436, 36.2927624], [29.4133148, 36.2927624], [29.4131875, 36.2926434], [29.4129386, 36.2925945], [29.4128894, 36.2925583], [29.4129459, 36.2925163], [29.4129357, 36.292472], [29.4128359, 36.2924254], [29.4124091, 36.2923169], [29.4123382, 36.2921607], [29.4123252, 36.2919717], [29.4124351, 36.2918423], [29.4126131, 36.2918283], [29.4127563, 36.2917957], [29.4128518, 36.2916872], [29.4130081, 36.2916452], [29.4130978, 36.2915963], [29.4133322, 36.2916441], [29.4135535, 36.291742], [29.4137025, 36.2917082], [29.4137209, 36.29161], [29.4138834, 36.2914575], [29.4139847, 36.2912662], [29.4140744, 36.2912301], [29.414015, 36.2911578], [29.4140237, 36.2910913], [29.4141134, 36.291075], [29.4142277, 36.2911415], [29.4142682, 36.2911275], [29.4142465, 36.2910645], [29.4143362, 36.2910307], [29.4143306, 36.2909949], [29.4142703, 36.2909858], [29.4140769, 36.2909487], [29.4138539, 36.2905752], [29.4137895, 36.2904086], [29.413769, 36.2901818], [29.4137966, 36.2900037], [29.4137751, 36.2899559], [29.4138038, 36.2898883], [29.4137782, 36.2897844], [29.4138488, 36.2896096], [29.413647, 36.2894751], [29.4137286, 36.289223], [29.4135668, 36.2890452], [29.4135037, 36.2889163], [29.4133881, 36.2887755], [29.4132534, 36.2888913], [29.4130928, 36.2889788], [29.412926, 36.2890299], [29.4127143, 36.2891725], [29.4124513, 36.2892723], [29.4122349, 36.2893305], [29.4120523, 36.2892195], [29.4118713, 36.2890505], [29.4118621, 36.2889829], [29.4116718, 36.2888946], [29.4111193, 36.2883139], [29.4110621, 36.2881259], [29.4109986, 36.287862], [29.4107408, 36.2874547], [29.4108022, 36.2872155], [29.4110989, 36.286757], [29.4112667, 36.2862853], [29.4113915, 36.2861567], [29.4116522, 36.2857179], [29.4115646, 36.2855365], [29.411705, 36.2850282], [29.4116505, 36.2849197], [29.4116821, 36.2848295]]}}, {"type": "Feature", "properties": {"category": "lycian_way", "name": "Likya Yolu", "ref": "", "relation_id": 51855, "role": ""}, "geometry": {"type": "LineString", "coordinates": [[29.4116821, 36.2848295], [29.4115352, 36.2846723], [29.4114431, 36.2840128], [29.4114856, 36.2835614]]}}, {"type": "Feature", "properties": {"category": "lycian_way", "name": "Likya Yolu", "ref": "", "relation_id": 51855, "role": ""}, "geometry": {"type": "LineString", "coordinates": [[29.4114856, 36.2835614], [29.4116526, 36.2833967], [29.4116472, 36.2828432], [29.411625, 36.2824409], [29.4115818, 36.2821373], [29.4112748, 36.2815138], [29.4107633, 36.2810702], [29.4102968, 36.2810227]]}}, {"type": "Feature", "properties": {"category": "lycian_way", "name": "Likya Yolu", "ref": "", "relation_id": 51855, "role": ""}, "geometry": {"type": "LineString", "coordinates": [[29.4102968, 36.2810227], [29.4101863, 36.2809389], [29.4100159, 36.2810577], [29.4098673, 36.2810346], [29.4098161, 36.2812665], [29.4094457, 36.2814924], [29.4092039, 36.281551], [29.4089421, 36.2818217], [29.4086441, 36.2817377], [29.4086888, 36.2815924], [29.4086393, 36.2815177], [29.4083252, 36.2814002], [29.4081771, 36.2813817]]}}, {"type": "Feature", "properties": {"category": "lycian_way", "name": "Likya Yolu", "ref": "", "relation_id": 51855, "role": ""}, "geometry": {"type": "LineString", "coordinates": [[29.4081771, 36.2813817], [29.4082263, 36.2808686]]}}, {"type": "Feature", "properties": {"category": "lycian_way", "name": "Likya Yolu", "ref": "", "relation_id": 51855, "role": ""}, "geometry": {"type": "LineString", "coordinates": [[29.4073817, 36.2811933], [29.4074984, 36.2811616], [29.4082263, 36.2808686]]}}, {"type": "Feature", "properties": {"category": "lycian_way", "name": "Likya Yolu", "ref": "", "relation_id": 51855, "role": ""}, "geometry": {"type": "LineString", "coordinates": [[29.4073817, 36.2811933], [29.4074377, 36.2809245], [29.4074617, 36.2806989], [29.4074753, 36.2805712], [29.4074442, 36.2803411], [29.4073754, 36.2802292], [29.4073298, 36.2801839]]}}, {"type": "Feature", "properties": {"category": "lycian_way", "name": "Likya Yolu", "ref": "", "relation_id": 51855, "role": ""}, "geometry": {"type": "LineString", "coordinates": [[29.4073298, 36.2801839], [29.4072425, 36.2800972], [29.4069981, 36.2799416], [29.4067904, 36.2797955], [29.4065053, 36.279651]]}}, {"type": "Feature", "properties": {"category": "lycian_way", "name": "Likya Yolu", "ref": "", "relation_id": 51855, "role": ""}, "geometry": {"type": "LineString", "coordinates": [[29.4065053, 36.279651], [29.4063847, 36.279464], [29.4058625, 36.2791637]]}}, {"type": "Feature", "properties": {"category": "lycian_way", "name": "Likya Yolu", "ref": "", "relation_id": 51855, "role": ""}, "geometry": {"type": "LineString", "coordinates": [[29.4058625, 36.2791637], [29.4057823, 36.2790253], [29.4052096, 36.2787789], [29.4048078, 36.2786598], [29.4046026, 36.2785208], [29.403974, 36.2776656], [29.4038839, 36.2775821], [29.4034371, 36.2773224], [29.4033561, 36.2772577], [29.4032363, 36.2771619], [29.4030235, 36.277047]]}}, {"type": "Feature", "properties": {"category": "lycian_way", "name": "Likya Yolu", "ref": "", "relation_id": 51855, "role": ""}, "geometry": {"type": "LineString", "coordinates": [[29.4030235, 36.277047], [29.4026417, 36.277047], [29.4024267, 36.2771195], [29.4020186, 36.2771672], [29.4015885, 36.277123], [29.40138, 36.2770593], [29.4012846, 36.2769698], [29.4011124, 36.2768082]]}}, {"type": "Feature", "properties": {"category": "lycian_way", "name": "Likya Yolu", "ref": "", "relation_id": 51855, "role": ""}, "geometry": {"type": "LineString", "coordinates": [[29.4011124, 36.2768082], [29.4005155, 36.276718], [29.4000495, 36.2765601], [29.3997125, 36.2763465], [29.3991266, 36.2761236], [29.3984492, 36.2757308], [29.3978465, 36.2753119], [29.3971228, 36.2743394], [29.396741, 36.2736424], [29.3965194, 36.2730179], [29.3963896, 36.2728124], [29.3961481, 36.2725327], [29.3960674, 36.2724879], [29.3959541, 36.2724707], [29.3958032, 36.2724594], [29.3956336, 36.2724535], [29.3951221, 36.2723959], [29.3949925, 36.2724185], [29.394859, 36.2725487], [29.3947781, 36.2727339], [29.3947515, 36.2729086]]}}, {"type": "Feature", "properties": {"category": "lycian_way", "name": "Likya Yolu", "ref": "", "relation_id": 51855, "role": ""}, "geometry": {"type": "LineString", "coordinates": [[29.3947515, 36.2729086], [29.3946221, 36.2728844], [29.3945278, 36.2728595]]}}, {"type": "Feature", "properties": {"category": "lycian_way", "name": "Likya Yolu", "ref": "", "relation_id": 51855, "role": ""}, "geometry": {"type": "LineString", "coordinates": [[29.3945278, 36.2728595], [29.3942186, 36.2729175], [29.3940604, 36.2729608], [29.3939504, 36.2729759], [29.3939339, 36.2729802], [29.3938029, 36.2730148], [29.393768, 36.2730494], [29.3937144, 36.2732181], [29.3935373, 36.2737003], [29.3933898, 36.2739079], [29.3931578, 36.2740095]]}}, {"type": "Feature", "properties": {"category": "lycian_way", "name": "Likya Yolu", "ref": "", "relation_id": 51855, "role": ""}, "geometry": {"type": "LineString", "coordinates": [[29.3931578, 36.2740095], [29.3930975, 36.274042], [29.3930331, 36.2740917], [29.3929861, 36.2741349], [29.3929647, 36.2741522], [29.3929231, 36.2741987], [29.3928896, 36.2742495], [29.3928279, 36.2743587], [29.3928145, 36.2744139], [29.392793, 36.2744582], [29.3927716, 36.2745155], [29.3927608, 36.2745728], [29.3927608, 36.2746182], [29.3927622, 36.2746344], [29.3927689, 36.2746636], [29.3927729, 36.2746993], [29.3927595, 36.2747491], [29.3927313, 36.2747891], [29.3926911, 36.2747912], [29.3926603, 36.2747923], [29.3925798, 36.274815], [29.3925342, 36.2748237], [29.3924792, 36.2748442], [29.3924135, 36.2748766], [29.3923572, 36.2749112], [29.3923344, 36.2749556], [29.3922794, 36.2750226], [29.3921989, 36.2750885], [29.3921614, 36.275108], [29.3921131, 36.2751394], [29.3920474, 36.2752075], [29.3920152, 36.2752648], [29.3919924, 36.2752983], [29.3919481, 36.2753253], [29.3916922, 36.2755192], [29.391478, 36.2757158], [29.3913544, 36.2758292], [29.3909735, 36.2760581], [29.3906572, 36.2761856], [29.390456, 36.2762203], [29.3902763, 36.2761508], [29.3900355, 36.2759712], [29.3896869, 36.2758147], [29.3894585, 36.2757951], [29.389284, 36.2758731], [29.3892174, 36.2759643], [29.389104, 36.2761003], [29.3887073, 36.2764663], [29.3885359, 36.2766073], [29.3883896, 36.2767389], [29.3883124, 36.2768833], [29.3882319, 36.2769655], [29.3882185, 36.2770109], [29.388138, 36.2770634], [29.3879188, 36.2772459], [29.3876767, 36.2774022], [29.387446, 36.2774368], [29.3872616, 36.2774074], [29.3872154, 36.2774001], [29.3869901, 36.2773114], [29.3868318, 36.2772184], [29.386679, 36.2770663], [29.3865609, 36.2770109], [29.3865175, 36.2769414], [29.3864698, 36.2769217], [29.3863309, 36.2768249], [29.3861639, 36.2767362], [29.3857734, 36.2764289], [29.3854773, 36.2761308], [29.3852631, 36.2759567], [29.3851608, 36.27588], [29.3851049, 36.2757655], [29.3850696, 36.2755772], [29.3849972, 36.275454], [29.3849516, 36.2753372], [29.384914, 36.2752421], [29.384847, 36.2751988], [29.3847933, 36.275175], [29.3846941, 36.2750669], [29.3846512, 36.2749956], [29.3845734, 36.2748507], [29.3844983, 36.2747426], [29.3843937, 36.2746258], [29.3843348, 36.2745256], [29.3843022, 36.2744811], [29.3842676, 36.274442], [29.3842113, 36.2743793], [29.3841335, 36.2743512], [29.3838831, 36.2743227], [29.3838304, 36.2743123], [29.3837634, 36.274256], [29.3836534, 36.2742236], [29.3834303, 36.2741575], [29.3829909, 36.2739101], [29.3826717, 36.2737154], [29.3826154, 36.2736679], [29.3824196, 36.2734776], [29.3822908, 36.2733392], [29.3821353, 36.2731575], [29.3820226, 36.2730256], [29.3819931, 36.2729608], [29.3819234, 36.2728678], [29.381867, 36.2727207], [29.3818402, 36.2726061], [29.3817195, 36.2724699], [29.3816149, 36.2724202], [29.3815318, 36.2724353], [29.3813735, 36.2724569], [29.3811536, 36.2724742], [29.381057, 36.2724526], [29.3809524, 36.2723834], [29.3808532, 36.2723445], [29.3807512, 36.2722688], [29.3806627, 36.2721542], [29.3806671, 36.2720972], [29.3805394, 36.2720158], [29.3804294, 36.2718947], [29.3803382, 36.2718514], [29.3802631, 36.2717736], [29.3802068, 36.2717152], [29.3799385, 36.2714298], [29.3797589, 36.2712479], [29.3796782, 36.2712048], [29.3795951, 36.2712007], [29.3794314, 36.2711584], [29.3792499, 36.271165], [29.3790695, 36.2711919], [29.3789381, 36.2712049], [29.3787155, 36.2712416], [29.3786189, 36.2712611], [29.3784767, 36.2712849], [29.3783265, 36.2713389], [29.3782595, 36.2713541], [29.3781039, 36.271406], [29.3779188, 36.2714189], [29.3777713, 36.2713692], [29.3776721, 36.2713151], [29.3774897, 36.2711443], [29.3774039, 36.271034], [29.3772885, 36.2707291], [29.3772563, 36.2705712], [29.3770874, 36.2702966], [29.3767574, 36.2700155], [29.3753813, 36.2696809], [29.3743823, 36.2694612], [29.3737284, 36.2694759], [29.3736112, 36.2694597], [29.3734878, 36.2694121], [29.3732817, 36.2693071], [29.3731284, 36.2690856], [29.3729613, 36.268778], [29.3728575, 36.2686942], [29.3727368, 36.2685839], [29.3726644, 36.2685536], [29.3722808, 36.2683309], [29.3722372, 36.2682345], [29.372174, 36.2681597], [29.3721119, 36.2681081], [29.3720475, 36.2679676], [29.3719617, 36.2678335], [29.3719232, 36.2677477], [29.3719076, 36.2676349], [29.371862, 36.2675671], [29.371811, 36.2674762], [29.371733, 36.2674038], [29.3717551, 36.2673729], [29.3717605, 36.2673318], [29.3717303, 36.2673084], [29.3716639, 36.2672766], [29.3715794, 36.2672712], [29.3714963, 36.2672734], [29.3713447, 36.2672972], [29.3712468, 36.2672961], [29.3711704, 36.2672593], [29.3710752, 36.2672745], [29.3710202, 36.2672907], [29.3709773, 36.2673404], [29.3709531, 36.2673685], [29.3708834, 36.2673761], [29.3707952, 36.2673201], [29.3706221, 36.2672246], [29.3704514, 36.2671389], [29.3702487, 36.2670304], [29.3701483, 36.2669235], [29.3700543, 36.2669033], [29.3699987, 36.2668316], [29.3699243, 36.2668154], [29.3697118, 36.2666676], [29.3695713, 36.266568], [29.3694325, 36.2665033], [29.3693526, 36.2665458], [29.3692848, 36.2665187], [29.3690754, 36.2665195], [29.368968, 36.2665052], [29.3688667, 36.2665212], [29.3683764, 36.2666405], [29.3682779, 36.2666306], [29.3682168, 36.2666508], [29.3675359, 36.2665935], [29.3674623, 36.2665576], [29.3674515, 36.2665965], [29.367418, 36.2666128], [29.3672812, 36.2665695], [29.3672731, 36.2664873], [29.3671377, 36.2664311], [29.3671082, 36.266443], [29.3670908, 36.2664732], [29.3670733, 36.2665219], [29.3670371, 36.2665349], [29.3669781, 36.2665186], [29.3669678, 36.2663952], [29.3669252, 36.2663559], [29.3669302, 36.266311], [29.3668212, 36.2662494], [29.3668265, 36.266191], [29.3667997, 36.2661803], [29.3668041, 36.2661337], [29.3667293, 36.2660915], [29.3666711, 36.265965], [29.3666363, 36.2658666], [29.366785, 36.2657904], [29.3665892, 36.2655839], [29.366563, 36.2655406], [29.3665496, 36.2654892], [29.3664283, 36.2653584], [29.3663786, 36.2653454], [29.3661191, 36.2650319], [29.3661245, 36.2649848], [29.3661372, 36.2649605], [29.3661218, 36.2649297], [29.3660836, 36.2648891], [29.3660367, 36.2648718], [29.3660031, 36.2648513], [29.3659924, 36.264794], [29.3660152, 36.2647334], [29.3660085, 36.2646912], [29.3659548, 36.2646599], [29.365916, 36.2646426], [29.3658462, 36.2646501], [29.3658301, 36.2646501], [29.3658087, 36.2646188], [29.3656652, 36.2643322], [29.3656021, 36.2642717], [29.3655284, 36.2642111], [29.3654506, 36.2641592], [29.3653446, 36.2640976], [29.3652427, 36.2640251], [29.3650737, 36.2638943], [29.3648699, 36.2638002], [29.3645009, 36.263647], [29.3637152, 36.2634801], [29.3635154, 36.2635126], [29.363451, 36.2635645], [29.3633504, 36.2635742], [29.3632619, 36.2635623]]}}, {"type": "Feature", "properties": {"category": "lycian_way", "name": "Likya Yolu", "ref": "", "relation_id": 51855, "role": ""}, "geometry": {"type": "LineString", "coordinates": [[29.3632619, 36.2635623], [29.3626752, 36.2637997], [29.3625089, 36.2639308], [29.3622368, 36.264391], [29.3622083, 36.2645432]]}}, {"type": "Feature", "properties": {"category": "lycian_way", "name": "Likya Yolu", "ref": "", "relation_id": 51855, "role": ""}, "geometry": {"type": "LineString", "coordinates": [[29.3622083, 36.2645432], [29.3621595, 36.2646307], [29.3620308, 36.2647161], [29.3620013, 36.2649151], [29.3620335, 36.26522], [29.3620858, 36.2654146], [29.3620804, 36.2655033], [29.3620495, 36.2655801], [29.3620831, 36.2656925], [29.3620898, 36.265778], [29.362063, 36.265819], [29.3620254, 36.2659045], [29.3619262, 36.2660061], [29.361835, 36.2660494], [29.3617465, 36.2661023], [29.3616553, 36.2661434], [29.3615413, 36.2661488], [29.3613817, 36.266138], [29.3612865, 36.2661402], [29.3611282, 36.266151], [29.3610518, 36.2661607], [29.3609901, 36.2661932], [29.3609713, 36.266244], [29.3609807, 36.2662775], [29.3609968, 36.2663262], [29.3610035, 36.2663856], [29.3610182, 36.2664851], [29.3610236, 36.2665273], [29.3610625, 36.2666398], [29.3610866, 36.2667046], [29.361092, 36.2667306], [29.3610719, 36.2667976], [29.3610558, 36.2668636], [29.3610343, 36.2669847], [29.3610236, 36.2670442], [29.3610223, 36.2670766], [29.3609914, 36.267148], [29.3608479, 36.2673891], [29.360746, 36.2675383], [29.3607192, 36.2675794], [29.3606602, 36.2676183], [29.3605462, 36.2677167], [29.3605287, 36.2677589], [29.3603504, 36.2679243], [29.3603235, 36.2679286], [29.3602364, 36.2680087], [29.360172, 36.2680465], [29.3601573, 36.2680649], [29.3600473, 36.2681719], [29.3600111, 36.2681892], [29.3599588, 36.2682498], [29.359877, 36.2683817], [29.3597965, 36.2685028], [29.3597066, 36.2686055], [29.3595564, 36.2687191], [29.3593928, 36.2688207], [29.3592855, 36.2689018], [29.3591487, 36.2690207], [29.3590562, 36.2692121], [29.3590079, 36.2693267], [29.3589476, 36.2694273], [29.3588443, 36.2695678], [29.3587129, 36.2697636], [29.3585965, 36.2697908]]}}, {"type": "Feature", "properties": {"category": "lycian_way", "name": "Likya Yolu", "ref": "", "relation_id": 51855, "role": ""}, "geometry": {"type": "LineString", "coordinates": [[29.3585965, 36.2697908], [29.3585359, 36.269862], [29.3579887, 36.2699301], [29.3577339, 36.2698111], [29.3573919, 36.2698522], [29.3573906, 36.2698944]]}}, {"type": "Feature", "properties": {"category": "lycian_way", "name": "Likya Yolu", "ref": "", "relation_id": 51855, "role": ""}, "geometry": {"type": "LineString", "coordinates": [[29.3573906, 36.2698944], [29.3571559, 36.2696727], [29.3570714, 36.2695343], [29.3564773, 36.2695862], [29.3563418, 36.2694327], [29.3562694, 36.2694413], [29.3560427, 36.2692889], [29.3556418, 36.2692619], [29.3552421, 36.2690521], [29.3549475, 36.2684376], [29.3545961, 36.2682962], [29.3545229, 36.2683112], [29.3544885, 36.2685751]]}}, {"type": "Feature", "properties": {"category": "lycian_way", "name": "Likya Yolu", "ref": "", "relation_id": 51855, "role": ""}, "geometry": {"type": "LineString", "coordinates": [[29.3544885, 36.2685751], [29.3547455, 36.2689481], [29.3545447, 36.2696089], [29.3545501, 36.2697019], [29.3544401, 36.2700188], [29.3544375, 36.2700977], [29.3546212, 36.2709648], [29.3547794, 36.2710881], [29.3548223, 36.2715206], [29.354758, 36.271713], [29.3545447, 36.2720149], [29.3545407, 36.2721152], [29.354656, 36.272232], [29.354597, 36.2724202], [29.3542671, 36.2731554], [29.3540472, 36.2733608], [29.3538112, 36.2735965], [29.3536091, 36.2736745], [29.3530092, 36.2742128], [29.3529287, 36.2745588], [29.3528455, 36.2747253], [29.3528643, 36.2748788], [29.352753, 36.2751653], [29.3527544, 36.2753924]]}}, {"type": "Feature", "properties": {"category": "lycian_way", "name": "Likya Yolu", "ref": "", "relation_id": 51855, "role": ""}, "geometry": {"type": "LineString", "coordinates": [[29.3527544, 36.2753924], [29.3519993, 36.2757026], [29.3519631, 36.2757578], [29.3519256, 36.2758669], [29.351652, 36.2761546], [29.3516895, 36.2762713], [29.3516654, 36.2764076], [29.3514241, 36.2766456], [29.3512577, 36.2767871], [29.3509372, 36.2768508], [29.3508366, 36.2770087], [29.3505201, 36.2771601], [29.3502894, 36.2773503], [29.3502358, 36.2775925], [29.3500588, 36.2779731], [29.34971, 36.2782736], [29.3494284, 36.278358], [29.3489912, 36.2785937], [29.3487766, 36.2786347], [29.3479103, 36.2784791], [29.3474972, 36.2783407], [29.3465947, 36.2783504], [29.3460466, 36.2783973]]}}, {"type": "Feature", "properties": {"category": "lycian_way", "name": "Likya Yolu", "ref": "", "relation_id": 51855, "role": ""}, "geometry": {"type": "LineString", "coordinates": [[29.3460466, 36.2783973], [29.3456704, 36.2783409], [29.3454353, 36.2783974], [29.3452147, 36.278385], [29.344528, 36.2781968], [29.3439759, 36.2779213], [29.3437785, 36.2779282], [29.3432475, 36.2780746], [29.3431563, 36.2781277], [29.3430733, 36.2782246], [29.3426627, 36.2783988], [29.3423451, 36.2784126], [29.3416142, 36.278231], [29.3413396, 36.2781049]]}}, {"type": "Feature", "properties": {"category": "lycian_way", "name": "Likya Yolu", "ref": "", "relation_id": 51855, "role": ""}, "geometry": {"type": "LineString", "coordinates": [[29.3413396, 36.2781049], [29.3409633, 36.2781358], [29.340311, 36.2783663], [29.3401597, 36.2784007], [29.3399729, 36.2784104], [29.3394857, 36.2779918], [29.3388296, 36.2775896], [29.3387169, 36.2773389], [29.3386368, 36.277113], [29.338351, 36.2769346], [29.3377251, 36.2768604], [29.3370638, 36.2769551], [29.3367275, 36.2770349], [29.3359477, 36.2776834], [29.3359049, 36.2784638], [29.3358195, 36.2788217], [29.3358409, 36.2790135], [29.3356944, 36.2795516], [29.33535, 36.2798348], [29.3350861, 36.2798586], [29.3339863, 36.2797385], [29.3325271, 36.2802561], [29.3321263, 36.2802964], [29.3317507, 36.2801111], [29.3315363, 36.2798708], [29.3314532, 36.2794366], [29.3320166, 36.2779357], [29.3319774, 36.2777859], [29.3316566, 36.2779389], [29.3313968, 36.2779482], [29.3306761, 36.2777869], [29.3298871, 36.277576], [29.3294105, 36.2773814], [29.3289133, 36.2770226], [29.3285936, 36.2764103], [29.328425, 36.2757901], [29.3277573, 36.276145], [29.3271273, 36.2762482], [29.3262529, 36.2760859], [29.3255721, 36.2757466], [29.3251837, 36.2751994], [29.3248971, 36.2744206]]}}, {"type": "Feature", "properties": {"category": "lycian_way", "name": "Likya Yolu", "ref": "", "relation_id": 51855, "role": ""}, "geometry": {"type": "LineString", "coordinates": [[29.3248971, 36.2744206], [29.3251552, 36.2743421], [29.3252391, 36.2741917], [29.3253594, 36.2740499], [29.3255173, 36.2735286], [29.3261078, 36.2729465], [29.3263701, 36.2726085], [29.3264648, 36.272401], [29.3264989, 36.2721347], [29.3265046, 36.2719802], [29.3264296, 36.2716053], [29.3263407, 36.2715459], [29.3262248, 36.2712234], [29.3265701, 36.270635]]}}, {"type": "Feature", "properties": {"category": "lycian_way", "name": "Likya Yolu", "ref": "", "relation_id": 51855, "role": ""}, "geometry": {"type": "LineString", "coordinates": [[29.3265701, 36.270635], [29.3265744, 36.2705375], [29.3263988, 36.2704388], [29.3258168, 36.2697678], [29.3255713, 36.2694074]]}}, {"type": "Feature", "properties": {"category": "lycian_way", "name": "Likya Yolu", "ref": "", "relation_id": 51855, "role": ""}, "geometry": {"type": "LineString", "coordinates": [[29.3255713, 36.2694074], [29.3251069, 36.2693807], [29.3249793, 36.2694562], [29.3246261, 36.2696078], [29.3243972, 36.2695368], [29.3242076, 36.2696021]]}}, {"type": "Feature", "properties": {"category": "lycian_way", "name": "Likya Yolu", "ref": "", "relation_id": 51855, "role": ""}, "geometry": {"type": "LineString", "coordinates": [[29.3242076, 36.2696021], [29.3236212, 36.269475], [29.323506, 36.2693763], [29.3234182, 36.2690999], [29.3230947, 36.2690271], [29.3226754, 36.268898], [29.3223976, 36.2689201], [29.3222029, 36.2689733]]}}, {"type": "Feature", "properties": {"category": "lycian_way", "name": "Likya Yolu", "ref": "", "relation_id": 51855, "role": ""}, "geometry": {"type": "LineString", "coordinates": [[29.3222029, 36.2689733], [29.3218544, 36.2692706], [29.3215703, 36.2696068], [29.3211339, 36.269834], [29.3208828, 36.2699921]]}}, {"type": "Feature", "properties": {"category": "lycian_way", "name": "Likya Yolu", "ref": "", "relation_id": 51855, "role": ""}, "geometry": {"type": "LineString", "coordinates": [[29.3208828, 36.2699921], [29.320691, 36.2701591], [29.3203253, 36.2707113], [29.3203658, 36.2709495], [29.3207122, 36.2714008], [29.3209676, 36.2715468], [29.32132, 36.2719583], [29.3213163, 36.2720296], [29.3212745, 36.2722465], [29.3212719, 36.2723661], [29.321131, 36.2728845], [29.3212121, 36.2733734], [29.3212976, 36.2736172], [29.321247, 36.2738483]]}}, {"type": "Feature", "properties": {"category": "lycian_way", "name": "Likya Yolu", "ref": "", "relation_id": 51855, "role": ""}, "geometry": {"type": "LineString", "coordinates": [[29.321251, 36.276218], [29.3212541, 36.27547], [29.3212526, 36.2751282], [29.3211289, 36.2749522], [29.3207723, 36.2746971], [29.3206808, 36.2745417], [29.3206606, 36.2743962], [29.3207764, 36.2741984], [29.3209975, 36.2741784], [29.3211283, 36.274088], [29.321247, 36.2738483]]}}, {"type": "Feature", "properties": {"category": "lycian_way", "name": "Likya Yolu", "ref": "", "relation_id": 51855, "role": ""}, "geometry": {"type": "LineString", "coordinates": [[29.321162, 36.276653], [29.3212567, 36.276461], [29.321251, 36.276218]]}}, {"type": "Feature", "properties": {"category": "lycian_way", "name": "Likya Yolu", "ref": "", "relation_id": 51855, "role": ""}, "geometry": {"type": "LineString", "coordinates": [[29.3206383, 36.2775681], [29.3207877, 36.277403], [29.3209582, 36.2770445], [29.321162, 36.276653]]}}, {"type": "Feature", "properties": {"category": "lycian_way", "name": "Likya Yolu", "ref": "", "relation_id": 51855, "role": ""}, "geometry": {"type": "LineString", "coordinates": [[29.3206383, 36.2775681], [29.3206604, 36.2771874], [29.3206532, 36.2768056], [29.3206492, 36.2765763], [29.3203162, 36.2759535], [29.3202408, 36.2758124], [29.3197886, 36.275119]]}}, {"type": "Feature", "properties": {"category": "lycian_way", "name": "Likya Yolu", "ref": "", "relation_id": 51855, "role": ""}, "geometry": {"type": "LineString", "coordinates": [[29.3197886, 36.275119], [29.3197573, 36.2747356], [29.319856, 36.2741426]]}}, {"type": "Feature", "properties": {"category": "lycian_way", "name": "Likya Yolu", "ref": "", "relation_id": 51855, "role": ""}, "geometry": {"type": "LineString", "coordinates": [[29.319856, 36.2741426], [29.31986, 36.2737936], [29.3197254, 36.2735143], [29.3191699, 36.2729397], [29.3190417, 36.2727296], [29.3189237, 36.2723671], [29.3188629, 36.2720439], [29.3187984, 36.2715762], [29.318627, 36.2707904], [29.3186253, 36.2701916], [29.3185182, 36.2698]]}}, {"type": "Feature", "properties": {"category": "lycian_way", "name": "Likya Yolu", "ref": "", "relation_id": 51855, "role": ""}, "geometry": {"type": "LineString", "coordinates": [[29.3185182, 36.2698], [29.3184823, 36.2696689], [29.3185061, 36.2694769], [29.3184777, 36.2692729], [29.3183466, 36.2691235], [29.3182118, 36.2689953]]}}, {"type": "Feature", "properties": {"category": "lycian_way", "name": "Likya Yolu", "ref": "", "relation_id": 51855, "role": ""}, "geometry": {"type": "LineString", "coordinates": [[29.3181469, 36.2674186], [29.3180996, 36.2677637], [29.3180767, 36.2685487], [29.3180968, 36.2687879], [29.3181242, 36.2688592], [29.3182118, 36.2689953]]}}, {"type": "Feature", "properties": {"category": "lycian_way", "name": "Likya Yolu", "ref": "", "relation_id": 51855, "role": ""}, "geometry": {"type": "LineString", "coordinates": [[29.3185991, 36.2651731], [29.3186817, 36.2656155], [29.3187229, 36.2657837], [29.3186909, 36.2660055], [29.3185665, 36.2665513], [29.3185293, 36.266663], [29.3185058, 36.2668164], [29.3184218, 36.26701], [29.3181469, 36.2674186]]}}, {"type": "Feature", "properties": {"category": "lycian_way", "name": "Likya Yolu", "ref": "", "relation_id": 51855, "role": ""}, "geometry": {"type": "LineString", "coordinates": [[29.3142091, 36.255278], [29.31475, 36.2555278], [29.3159787, 36.2564328], [29.3164951, 36.2568557], [29.3167872, 36.2571676], [29.3170497, 36.2579586], [29.3173288, 36.2587414], [29.3175449, 36.2594708], [29.3177912, 36.2604058], [29.3180297, 36.2607003], [29.3180746, 36.2611442], [29.3181049, 36.2612559], [29.3181441, 36.261738], [29.3181868, 36.2622632], [29.3181614, 36.2625414], [29.3181835, 36.263918], [29.3182109, 36.2640684], [29.318498, 36.2646281], [29.318571, 36.2650727], [29.3185991, 36.2651731]]}}, {"type": "Feature", "properties": {"category": "lycian_way", "name": "Likya Yolu", "ref": "", "relation_id": 51855, "role": ""}, "geometry": {"type": "LineString", "coordinates": [[29.3141806, 36.2551484], [29.3142091, 36.255278]]}}, {"type": "Feature", "properties": {"category": "lycian_way", "name": "Likya Yolu", "ref": "", "relation_id": 51855, "role": ""}, "geometry": {"type": "LineString", "coordinates": [[29.3141806, 36.2551484], [29.3143282, 36.2548728], [29.3144153, 36.2547719], [29.3145024, 36.2545467], [29.3145895, 36.2544351], [29.3146945, 36.2542369], [29.3148754, 36.2539199], [29.3149849, 36.2538154], [29.315101, 36.2535074], [29.3151569, 36.2534066], [29.315177, 36.2533255], [29.3151859, 36.2532426], [29.315177, 36.2531688], [29.3151144, 36.253122], [29.3151435, 36.2529797], [29.3151993, 36.2527149], [29.315311, 36.2525618], [29.3154115, 36.2525041], [29.3155433, 36.252333], [29.3155813, 36.2522844], [29.3156259, 36.2521835], [29.3158582, 36.2519998], [29.3159811, 36.2519835], [29.316229, 36.2517908], [29.316372, 36.251571], [29.3164725, 36.251535], [29.3166311, 36.251535], [29.3169483, 36.2514864], [29.317022, 36.2514161], [29.3171359, 36.2514287], [29.3172029, 36.2514035], [29.3172788, 36.2514305], [29.3174419, 36.2513909], [29.3177211, 36.2514828], [29.3178194, 36.2514522], [29.3178641, 36.2513873], [29.3179646, 36.2513351], [29.318007, 36.2513009], [29.3180897, 36.2512828], [29.3181679, 36.2511982], [29.3182237, 36.2511171], [29.3183108, 36.2511117], [29.3183622, 36.2510973], [29.3184225, 36.2510991], [29.3184984, 36.2510505], [29.318561, 36.2510505], [29.3186012, 36.2509874], [29.3187598, 36.2509802], [29.3187754, 36.2509496], [29.3187508, 36.2508775], [29.3188335, 36.2507929], [29.3189474, 36.2506416], [29.3190211, 36.2506164], [29.3190368, 36.2505587], [29.3190323, 36.2505101], [29.3191216, 36.2504686], [29.3191551, 36.2504344], [29.3191953, 36.2504542], [29.3192869, 36.250375], [29.3193093, 36.2503065], [29.3193271, 36.2502705], [29.3194455, 36.2502507], [29.3195527, 36.2502381], [29.3196086, 36.2501804], [29.319651, 36.250175], [29.3196689, 36.2501084], [29.3197582, 36.2500814], [29.3198163, 36.2501048], [29.3199347, 36.2500309], [29.3200508, 36.2499535], [29.3201447, 36.249921], [29.3202005, 36.2498922], [29.320272, 36.249903], [29.3203948, 36.2498778], [29.3204775, 36.2497841], [29.3205959, 36.2497589], [29.3207276, 36.2497283], [29.3207612, 36.2496743], [29.3208036, 36.2496418], [29.3208058, 36.249613], [29.3208371, 36.2495968], [29.3209019, 36.2495464], [29.3209689, 36.2495175], [29.3210113, 36.2494473], [29.3210538, 36.2493968], [29.321094, 36.2493446], [29.3212101, 36.2493518], [29.3212995, 36.2492978], [29.3213441, 36.2493032], [29.3213978, 36.2492689], [29.3215385, 36.2492744], [29.3215876, 36.2492437], [29.3216591, 36.2492834], [29.3217239, 36.2492996], [29.321773, 36.2493374], [29.321878, 36.2493698], [29.322151, 36.2494561], [29.3224629, 36.2494377], [29.3227786, 36.2494408], [29.3229916, 36.2494776], [29.3232579, 36.249496], [29.323448, 36.249542], [29.3235507, 36.2496647], [29.3236192, 36.2497445], [29.3237181, 36.2497874], [29.3237562, 36.2498304], [29.3237904, 36.2499991], [29.3238589, 36.2500236], [29.3239616, 36.2500635], [29.3240871, 36.2501831], [29.3242392, 36.2502107], [29.3243838, 36.2503702], [29.3244028, 36.2504469], [29.3245207, 36.2505788], [29.3245778, 36.2506647], [29.3245892, 36.2507813], [29.3246691, 36.2509653], [29.3246493, 36.2512078]]}}, {"type": "Feature", "properties": {"category": "lycian_way", "name": "Likya Yolu", "ref": "", "relation_id": 51855, "role": ""}, "geometry": {"type": "LineString", "coordinates": [[29.3246493, 36.2512078], [29.3255415, 36.2516711], [29.3262241, 36.2520036], [29.3264201, 36.252347], [29.3269454, 36.2530199], [29.327096, 36.2532626], [29.3273798, 36.2533389], [29.3279344, 36.2538955], [29.3283781, 36.2545117], [29.3287929, 36.2548933], [29.3295047, 36.2552611], [29.3298131, 36.25559], [29.3300889, 36.2560368], [29.3303204, 36.2561647]]}}, {"type": "Feature", "properties": {"category": "lycian_way", "name": "Likya Yolu", "ref": "", "relation_id": 51855, "role": ""}, "geometry": {"type": "LineString", "coordinates": [[29.3303204, 36.2561647], [29.330318, 36.2554995], [29.3302265, 36.2550236], [29.3299791, 36.2545019], [29.3299824, 36.2543034], [29.3303557, 36.2543254], [29.3306501, 36.2545262], [29.3308192, 36.2548268], [29.3310391, 36.2549751], [29.3315059, 36.2550993], [29.331539, 36.2549898], [29.3312236, 36.2548112], [29.3311807, 36.254652], [29.3313127, 36.2541641], [29.3310691, 36.2539305], [29.3309747, 36.2536346], [29.3305552, 36.253517], [29.3302506, 36.2533127], [29.330214, 36.2531855], [29.3305939, 36.2532305], [29.3307295, 36.2531285], [29.3304458, 36.2529848], [29.3301523, 36.2525237], [29.3301362, 36.2521089], [29.3294853, 36.2516736], [29.3293641, 36.2516458], [29.3292553, 36.2515245], [29.3291413, 36.2513645], [29.3291976, 36.2512901], [29.3294764, 36.2512759], [29.3300391, 36.2512328], [29.3303891, 36.251249], [29.3304683, 36.2512397], [29.3304881, 36.2511494], [29.3302811, 36.2510456], [29.3298798, 36.2507165], [29.3296225, 36.2506151], [29.3295013, 36.2506108], [29.3294386, 36.2505825], [29.3294665, 36.2505135], [29.3297359, 36.2502814], [29.3297686, 36.2502021]]}}, {"type": "Feature", "properties": {"category": "lycian_way", "name": "Likya Yolu", "ref": "", "relation_id": 51855, "role": ""}, "geometry": {"type": "LineString", "coordinates": [[29.3297686, 36.2502021], [29.3301493, 36.2500078], [29.330381, 36.2498389], [29.3306179, 36.249779], [29.3308709, 36.2497732], [29.3310633, 36.2497481], [29.3312269, 36.2497827], [29.3314657, 36.2497719], [29.3316871, 36.2498692], [29.3321201, 36.2502781], [29.3322634, 36.2503209], [29.3323968, 36.2502534], [29.3325219, 36.2500056], [29.3325401, 36.2498178], [29.332678, 36.2497091], [29.3328282, 36.2493955], [29.3330026, 36.2492657], [29.3331344, 36.2490524], [29.3333801, 36.2489447], [29.3333754, 36.2488353], [29.3332332, 36.2486644], [29.3332927, 36.2484057], [29.3334766, 36.2482651], [29.3336356, 36.2479722], [29.3337188, 36.2478922], [29.333821, 36.2477225], [29.333939, 36.2474081], [29.334314, 36.247321], [29.3346821, 36.2470269]]}}, {"type": "Feature", "properties": {"category": "lycian_way", "name": "Likya Yolu", "ref": "", "relation_id": 51855, "role": ""}, "geometry": {"type": "LineString", "coordinates": [[29.3346821, 36.2470269], [29.3347836, 36.2460822], [29.3352812, 36.2455449], [29.3360222, 36.2455079]]}}, {"type": "Feature", "properties": {"category": "lycian_way", "name": "Likya Yolu", "ref": "", "relation_id": 51855, "role": ""}, "geometry": {"type": "LineString", "coordinates": [[29.3360222, 36.2455079], [29.3360421, 36.2453828], [29.3361377, 36.2452999], [29.3365909, 36.2454241], [29.3367463, 36.2454827], [29.3368595, 36.2454623], [29.3369729, 36.2453988], [29.3368813, 36.2452603], [29.3368754, 36.2451733], [29.3370225, 36.2450596], [29.3369833, 36.2449655], [29.3370461, 36.2447485], [29.337116, 36.2446412], [29.3371357, 36.244481], [29.3372688, 36.2443638], [29.3372928, 36.2442819], [29.3374234, 36.2441723], [29.3379324, 36.2440161], [29.3382529, 36.2439828], [29.338395, 36.2439085], [29.3385453, 36.2437313], [29.3386591, 36.2437334], [29.3389968, 36.2438183], [29.3390997, 36.2438914], [29.3394653, 36.2440119], [29.3395715, 36.2441739], [29.3402028, 36.244372], [29.3403744, 36.2443615], [29.3407121, 36.244623]]}}, {"type": "Feature", "properties": {"category": "lycian_way", "name": "Likya Yolu", "ref": "", "relation_id": 51855, "role": ""}, "geometry": {"type": "LineString", "coordinates": [[29.3407121, 36.244623], [29.3406327, 36.2447419], [29.3405656, 36.2450966], [29.3406058, 36.245277], [29.3408656, 36.2456015], [29.340941, 36.2458637]]}}, {"type": "Feature", "properties": {"category": "lycian_way", "name": "Likya Yolu", "ref": "", "relation_id": 51855, "role": ""}, "geometry": {"type": "LineString", "coordinates": [[29.340941, 36.2458637], [29.3411391, 36.2458549], [29.3414736, 36.2459196], [29.3417834, 36.2458995], [29.3420951, 36.2457751], [29.3422994, 36.2457841], [29.3430332, 36.2457163], [29.3433615, 36.2456621], [29.3440753, 36.2456972]]}}, {"type": "Feature", "properties": {"category": "lycian_way", "name": "Likya Yolu", "ref": "", "relation_id": 51855, "role": ""}, "geometry": {"type": "LineString", "coordinates": [[29.3446467, 36.2459226], [29.3443569, 36.2457584], [29.3440753, 36.2456972]]}}, {"type": "Feature", "properties": {"category": "lycian_way", "name": "Likya Yolu", "ref": "", "relation_id": 51855, "role": ""}, "geometry": {"type": "LineString", "coordinates": [[29.3448486, 36.2470555], [29.3450232, 36.2467994], [29.3450583, 36.2466388], [29.345055, 36.2463984], [29.3447024, 36.2459832], [29.3446467, 36.2459226]]}}, {"type": "Feature", "properties": {"category": "lycian_way", "name": "Likya Yolu", "ref": "", "relation_id": 51855, "role": ""}, "geometry": {"type": "LineString", "coordinates": [[29.3448486, 36.2470555], [29.3451235, 36.2469058], [29.3454282, 36.2466904], [29.3455799, 36.2465134], [29.346229, 36.2461008]]}}, {"type": "Feature", "properties": {"category": "lycian_way", "name": "Likya Yolu", "ref": "", "relation_id": 51855, "role": ""}, "geometry": {"type": "LineString", "coordinates": [[29.346229, 36.2461008], [29.3464922, 36.2458343], [29.3473544, 36.2456659], [29.3482861, 36.2455579], [29.3491742, 36.2454499], [29.3495543, 36.2453145], [29.349872, 36.245119]]}}, {"type": "Feature", "properties": {"category": "lycian_way", "name": "Likya Yolu", "ref": "", "relation_id": 51855, "role": ""}, "geometry": {"type": "LineString", "coordinates": [[29.349872, 36.245119], [29.3500996, 36.2447482], [29.3503967, 36.2444668], [29.3505937, 36.2441145], [29.350767, 36.2439489]]}}, {"type": "Feature", "properties": {"category": "lycian_way", "name": "Likya Yolu", "ref": "", "relation_id": 51855, "role": ""}, "geometry": {"type": "LineString", "coordinates": [[29.350767, 36.2439489], [29.3511566, 36.2434916], [29.3510838, 36.2430092], [29.3512352, 36.2428598], [29.351243, 36.2426647], [29.3510511, 36.2424323], [29.3509278, 36.2420861], [29.3510345, 36.2416652], [29.3513777, 36.2412234], [29.3517888, 36.2409742], [29.3519041, 36.2407817], [29.3520999, 36.2405372], [29.3524275, 36.2398502], [29.3523165, 36.2395356], [29.3524593, 36.2393106], [29.3529582, 36.2390207], [29.3531272, 36.2387936], [29.3529984, 36.2386357], [29.352403, 36.2385361], [29.352316, 36.2384457], [29.352427, 36.2380761], [29.3528751, 36.2378633], [29.3531727, 36.2376743], [29.3536328, 36.237594], [29.3542702, 36.237557], [29.354471, 36.2373571], [29.3546983, 36.2371944], [29.3547124, 36.2370283], [29.3548572, 36.2369309], [29.3549484, 36.2367319], [29.3552053, 36.2364351], [29.3551875, 36.2359275], [29.3547857, 36.235661], [29.3544066, 36.2357215], [29.3543583, 36.2356108], [29.3547347, 36.2351798], [29.3552465, 36.234899], [29.3553012, 36.2346614], [29.3551709, 36.2345144], [29.3545219, 36.2343175], [29.3540272, 36.2340842], [29.354026, 36.2339559], [29.3544151, 36.2336636], [29.3552235, 36.2334546], [29.3554741, 36.2335213], [29.3558045, 36.2334512], [29.3558791, 36.2335083], [29.355914, 36.2336619], [29.3560217, 36.2337311], [29.3565175, 36.2337009], [29.3570844, 36.2332829], [29.3573032, 36.2332625], [29.357416, 36.2333136], [29.3574525, 36.2335367], [29.3575618, 36.2335776], [29.3580464, 36.233585], [29.3582989, 36.2336922], [29.3584931, 36.2337782]]}}, {"type": "Feature", "properties": {"category": "lycian_way", "name": "Likya Yolu", "ref": "", "relation_id": 51855, "role": ""}, "geometry": {"type": "LineString", "coordinates": [[29.3584931, 36.2337782], [29.3592484, 36.2336918], [29.3599427, 36.2338134], [29.3601465, 36.2340275], [29.3603718, 36.2341487], [29.360563, 36.2342002], [29.3606561, 36.2343694], [29.3608352, 36.2344806], [29.3608454, 36.2348529], [29.360998, 36.2349442], [29.3613772, 36.2350117], [29.3615662, 36.2350899], [29.3617514, 36.2351666], [29.3620075, 36.2351507], [29.3622171, 36.2352352], [29.3626871, 36.2356115], [29.3630712, 36.2360564], [29.3638492, 36.2364496], [29.3641429, 36.236798], [29.3644059, 36.2369049], [29.364775, 36.2369778], [29.3651059, 36.236901], [29.3653151, 36.2370802], [29.3654062, 36.237197], [29.3655572, 36.2372258], [29.3658091, 36.237089], [29.3660898, 36.2370454], [29.3663599, 36.237171], [29.3667904, 36.2370759], [29.3668857, 36.2370945], [29.3673089, 36.2376744], [29.3676029, 36.2378895], [29.3678773, 36.2381257], [29.3680851, 36.2382297], [29.3683716, 36.2384543], [29.3679906, 36.2399805], [29.3681383, 36.2405882], [29.3683796, 36.2411124], [29.3683058, 36.2415215], [29.3684827, 36.2426798], [29.3680349, 36.2428838], [29.3680694, 36.2431975], [29.368552, 36.2434994], [29.3687081, 36.2440331], [29.3688248, 36.2442567], [29.3687088, 36.2447111], [29.3697508, 36.2459822]]}}, {"type": "Feature", "properties": {"category": "lycian_way", "name": "Likya Yolu", "ref": "", "relation_id": 51855, "role": ""}, "geometry": {"type": "LineString", "coordinates": [[29.3697508, 36.2459822], [29.3697757, 36.2462525], [29.3698736, 36.2464789], [29.369953, 36.2465855], [29.3699893, 36.2469832], [29.3699351, 36.2471004], [29.3698268, 36.2471401], [29.3692672, 36.2469868], [29.3689326, 36.2468209], [29.3688288, 36.246967], [29.3687091, 36.2473051], [29.3686013, 36.247664], [29.3685471, 36.2476667], [29.3684297, 36.2474692], [29.3681342, 36.2472746], [29.368009, 36.2472497], [29.3679785, 36.2472948], [29.368194, 36.2476009], [29.3681951, 36.2478453], [29.3681826, 36.2484108], [29.3679323, 36.2493476], [29.3678191, 36.2502173], [29.3678935, 36.2506893], [29.367632, 36.2512726], [29.367375, 36.2516907], [29.367307, 36.2519447], [29.3672624, 36.252441], [29.3672931, 36.253228], [29.3674448, 36.2536804], [29.3674425, 36.2538093], [29.3674395, 36.2539747], [29.3670013, 36.2542974], [29.3663083, 36.2545736], [29.3659483, 36.2548984], [29.3656246, 36.2555555], [29.3655257, 36.2562176], [29.3653499, 36.2565938], [29.3649896, 36.256819], [29.3640562, 36.2576643], [29.3630069, 36.2582828], [29.36272, 36.2585824], [29.3626807, 36.2587306]]}}, {"type": "Feature", "properties": {"category": "lycian_way", "name": "Likya Yolu", "ref": "", "relation_id": 51855, "role": ""}, "geometry": {"type": "LineString", "coordinates": [[29.3672639, 36.2654129], [29.3671646, 36.2653884], [29.3667586, 36.2652213], [29.3666914, 36.2652088], [29.3666597, 36.2651563], [29.3666951, 36.2650686], [29.3666495, 36.2649929], [29.3666978, 36.2649075], [29.3666549, 36.2647474], [29.3666857, 36.2646804], [29.3666643, 36.2646415], [29.3666804, 36.2645712], [29.3665798, 36.2643063], [29.3665208, 36.2641895], [29.3664644, 36.2641009], [29.3665121, 36.2640019], [29.3665034, 36.2639483], [29.3665275, 36.2639072], [29.3665128, 36.2638359], [29.3665516, 36.2637991], [29.366498, 36.2637094], [29.3664672, 36.2635548], [29.3664108, 36.2634898], [29.3664255, 36.2634607], [29.3663907, 36.263426], [29.3664108, 36.263372], [29.366384, 36.2632206], [29.3663531, 36.2631947], [29.3663733, 36.2631233], [29.3663035, 36.2630757], [29.3662915, 36.2628714], [29.3662847, 36.2627589], [29.3662579, 36.2627394], [29.3662472, 36.2626356], [29.3662043, 36.2625945], [29.366215, 36.262574], [29.36616, 36.2625015], [29.3661694, 36.2624594], [29.3660648, 36.2622766], [29.3660876, 36.2621522], [29.3660554, 36.2620939], [29.3660434, 36.2620236], [29.3660326, 36.2619414], [29.3660313, 36.2618711], [29.366038, 36.2617792], [29.3660313, 36.2616667], [29.3660098, 36.2616062], [29.3659709, 36.2615229], [29.3659709, 36.2614656], [29.3659629, 36.2613996], [29.3659227, 36.2613174], [29.3658958, 36.261258], [29.3658636, 36.2611541], [29.3658449, 36.2610925], [29.3657832, 36.2610363], [29.3656906, 36.2609627], [29.3656383, 36.2609508], [29.3655485, 36.2609768], [29.3654962, 36.2609573], [29.3654117, 36.260979], [29.3653648, 36.2609844], [29.3653339, 36.260939], [29.3653165, 36.2609033], [29.3652722, 36.2608568], [29.3652011, 36.2608579], [29.3651515, 36.2608925], [29.3651032, 36.2608849], [29.3650228, 36.2608427], [29.364839, 36.2607119], [29.3647733, 36.2606556], [29.3646955, 36.260621], [29.3646097, 36.2605972], [29.3645856, 36.2605962], [29.3643532, 36.2605358], [29.3641966, 36.2602668], [29.3641752, 36.2601627], [29.3641028, 36.2600672], [29.3639652, 36.2598995], [29.363957, 36.259792], [29.3639383, 36.2596161], [29.3639538, 36.2594438], [29.3638211, 36.2592952], [29.3637174, 36.2592202], [29.3636166, 36.2591415], [29.3634713, 36.2590007], [29.3633894, 36.2589401], [29.3632679, 36.2588617], [29.3631988, 36.2586904], [29.3629832, 36.2586957], [29.3628973, 36.2588163], [29.3627826, 36.2587578], [29.3626807, 36.2587306]]}}, {"type": "Feature", "properties": {"category": "lycian_way", "name": "Likya Yolu", "ref": "", "relation_id": 51855, "role": ""}, "geometry": {"type": "LineString", "coordinates": [[29.3672639, 36.2654129], [29.3672879, 36.2653952], [29.3674166, 36.2653941], [29.367469, 36.2653389], [29.3675025, 36.2653206], [29.3675387, 36.2653281], [29.3676473, 36.2652924], [29.3677586, 36.265286], [29.3679062, 36.2652784], [29.3679652, 36.2652687], [29.3680242, 36.2652849], [29.3681127, 36.2652773], [29.3681771, 36.2652254], [29.3683326, 36.2652265], [29.3684949, 36.26522], [29.3686223, 36.2652178], [29.368747, 36.2651995], [29.368798, 36.2651854], [29.3688637, 36.2651638], [29.3689562, 36.2651454], [29.3690863, 36.2651054], [29.369199, 36.2650946], [29.3692553, 36.2650805], [29.369325, 36.2650773], [29.369384, 36.2650437], [29.3694565, 36.2650319], [29.3695799, 36.2650167], [29.3697488, 36.2649962], [29.3698695, 36.2650016], [29.3700063, 36.2650308], [29.3701498, 36.2650935], [29.3702571, 36.2651162], [29.3703751, 36.2651389], [29.3703993, 36.2651508], [29.3704315, 36.2651616], [29.3705039, 36.2651832], [29.3705924, 36.265154], [29.3707064, 36.2651313], [29.3707533, 36.2651411], [29.3708646, 36.2651508], [29.3710712, 36.2651389], [29.3712535, 36.2651151], [29.3717363, 36.2651151], [29.3718731, 36.2651584], [29.3719402, 36.265167], [29.372144, 36.2652146], [29.3722486, 36.26518], [29.3723157, 36.26522], [29.3723533, 36.2652319], [29.3723935, 36.2652027], [29.3724096, 36.2651843], [29.3724431, 36.26518], [29.3724498, 36.2651811], [29.3725155, 36.2651692], [29.3725303, 36.2651627], [29.3725893, 36.2651432], [29.3727958, 36.2652103], [29.372997, 36.265193], [29.372997, 36.2651389], [29.372997, 36.2649162], [29.3729326, 36.2647842], [29.3729594, 36.2647042], [29.3730238, 36.2646653], [29.3731418, 36.2646177], [29.3732142, 36.2645442], [29.3733564, 36.264475], [29.3734208, 36.2644469], [29.3734637, 36.2644209], [29.3734047, 36.2643733], [29.3734127, 36.2643214], [29.3734878, 36.2642155], [29.3735817, 36.2642003], [29.3736139, 36.2640835], [29.3736809, 36.2639343], [29.373807, 36.2638175], [29.3738526, 36.2637289], [29.3738499, 36.2636532], [29.3739599, 36.2635039], [29.374035, 36.2633612], [29.3741986, 36.2632271], [29.3743676, 36.263132], [29.3745956, 36.263], [29.3747243, 36.2629308], [29.3748745, 36.2628248], [29.3750046, 36.2627578], [29.3752018, 36.262734], [29.37558, 36.2627005], [29.3758173, 36.2627081], [29.3759876, 36.2627913], [29.3760212, 36.2628119], [29.3760641, 36.2628454], [29.3761177, 36.2628886], [29.3761767, 36.2629416], [29.3762116, 36.2629719], [29.3762545, 36.2630173], [29.3763028, 36.2630487], [29.376276, 36.2630919], [29.3763068, 36.2631482], [29.3763752, 36.2631839], [29.3764275, 36.2632033], [29.3764892, 36.2632044], [29.3765482, 36.2631979], [29.376626, 36.263212], [29.3766582, 36.2632044], [29.3766984, 36.2631547], [29.3767145, 36.2631103], [29.3767293, 36.2630162], [29.3767655, 36.2629546], [29.376858, 36.2628649], [29.3768835, 36.2628205], [29.3769237, 36.2627838], [29.3770391, 36.2627178], [29.3771262, 36.262681], [29.3773288, 36.2626097], [29.3776721, 36.2625978], [29.3778169, 36.2625588], [29.3780462, 36.2625134], [29.3785907, 36.2624096], [29.378745, 36.2624031], [29.3787852, 36.2624042], [29.37886, 36.26246], [29.3792291, 36.2624637], [29.37944, 36.26248], [29.37997, 36.26235], [29.38079, 36.26239], [29.381754, 36.262355], [29.381781, 36.262373], [29.382027, 36.262348], [29.382377, 36.262337], [29.382767, 36.262356], [29.383206, 36.262276], [29.383625, 36.262233], [29.3837513, 36.2622496], [29.3837915, 36.262269], [29.3838492, 36.262322], [29.3839283, 36.2623555], [29.3840477, 36.2623664], [29.3841174, 36.2623739], [29.3842073, 36.262401], [29.3842824, 36.2624226], [29.3843535, 36.2624572], [29.3844675, 36.2625188], [29.3845479, 36.2625826], [29.3846163, 36.2626064], [29.3847249, 36.2626486], [29.3847813, 36.2626832], [29.3848322, 36.2627027], [29.384939, 36.262717], [29.3851393, 36.2627124], [29.3852667, 36.2627308], [29.3853325, 36.2627383], [29.3853995, 36.2627146], [29.3855068, 36.262667], [29.3856141, 36.262641], [29.385653, 36.2626356], [29.385757, 36.262642], [29.3859078, 36.262654], [29.385957, 36.26266], [29.3862256, 36.2626735], [29.3863933, 36.262694], [29.3865783, 36.2627362], [29.3867084, 36.262761], [29.3868224, 36.2628043], [29.3868908, 36.2628595], [29.386972, 36.26293], [29.387074, 36.263137], [29.386993, 36.263379], [29.386965, 36.263685], [29.386891, 36.264002], [29.386819, 36.264272], [29.3867111, 36.2645615], [29.3866119, 36.2648751], [29.386569, 36.2650481], [29.3864858, 36.2651454]]}}, {"type": "Feature", "properties": {"category": "lycian_way", "name": "Likya Yolu", "ref": "", "relation_id": 51855, "role": ""}, "geometry": {"type": "LineString", "coordinates": [[29.3864858, 36.2651454], [29.3863597, 36.2652168], [29.3862605, 36.2652449], [29.3862203, 36.2652708], [29.3862122, 36.2653206], [29.3862525, 36.2653714], [29.3862806, 36.2653984], [29.3863235, 36.2654384], [29.3863799, 36.2654774], [29.3863933, 36.2655552], [29.3863624, 36.265606], [29.3863168, 36.2656547], [29.3862981, 36.2656882], [29.3862914, 36.2657228], [29.3863182, 36.2657617], [29.3863624, 36.265792], [29.3863946, 36.2657974], [29.3863919, 36.2658374], [29.3864121, 36.2658547], [29.3864831, 36.2658828], [29.3865301, 36.2659153], [29.3865918, 36.265965], [29.3866226, 36.2660126], [29.3866669, 36.2660245], [29.3867098, 36.2660623], [29.386754, 36.2660969], [29.387121, 36.266239], [29.38759, 36.266329], [29.388321, 36.266413], [29.388892, 36.26644], [29.389486, 36.266463], [29.390063, 36.266527], [29.390516, 36.266625], [29.390918, 36.266568], [29.3911743, 36.2667154], [29.3913522, 36.266883], [29.391824, 36.266879], [29.392448, 36.266695], [29.392917, 36.266606], [29.39335, 36.266402], [29.393796, 36.266107], [29.3945467, 36.2657925]]}}, {"type": "Feature", "properties": {"category": "lycian_way", "name": "Likya Yolu", "ref": "", "relation_id": 51855, "role": ""}, "geometry": {"type": "LineString", "coordinates": [[29.3945467, 36.2657925], [29.3951069, 36.2658594], [29.3952001, 36.2658706], [29.395393, 36.2659473], [29.395767, 36.266105], [29.3960617, 36.2662474], [29.3961553, 36.2662926], [29.3963932, 36.2662926], [29.396532, 36.266213], [29.396895, 36.265678], [29.3975405, 36.2647886]]}}, {"type": "Feature", "properties": {"category": "lycian_way", "name": "Likya Yolu", "ref": "", "relation_id": 51855, "role": ""}, "geometry": {"type": "LineString", "coordinates": [[29.1710802, 36.3828007], [29.171072, 36.3827172], [29.1712154, 36.3824229], [29.1712408, 36.3823394], [29.1712565, 36.3822143], [29.1712176, 36.3820233]]}}, {"type": "Feature", "properties": {"category": "lycian_way", "name": "Likya Yolu", "ref": "", "relation_id": 51855, "role": ""}, "geometry": {"type": "LineString", "coordinates": [[29.1712176, 36.3820233], [29.171214, 36.3818601], [29.1712623, 36.3817151], [29.1714001, 36.3814644], [29.1714447, 36.3813358], [29.1714491, 36.381177], [29.1714413, 36.3810631], [29.1714668, 36.3809353], [29.1717051, 36.3806555], [29.171873, 36.3805211]]}}, {"type": "Feature", "properties": {"category": "lycian_way", "name": "Likya Yolu", "ref": "", "relation_id": 51855, "role": ""}, "geometry": {"type": "LineString", "coordinates": [[29.171873, 36.3805211], [29.1722916, 36.3803913], [29.172711, 36.3802037], [29.1729952, 36.3800343], [29.1732312, 36.3798657], [29.1733327, 36.3796489], [29.1734602, 36.379444], [29.1735225, 36.3793071]]}}, {"type": "Feature", "properties": {"category": "lycian_way", "name": "Likya Yolu", "ref": "", "relation_id": 51855, "role": ""}, "geometry": {"type": "LineString", "coordinates": [[29.1735225, 36.3793071], [29.1736258, 36.3791091], [29.173795, 36.3787574], [29.1740441, 36.3784391], [29.1741353, 36.3784327], [29.1742507, 36.3783009], [29.174307, 36.3781584], [29.1742426, 36.3778366], [29.1742051, 36.3774868], [29.1741568, 36.3773313], [29.1742775, 36.3771369], [29.174256, 36.3769923], [29.1743875, 36.3768908], [29.1743963, 36.3766555], [29.1741719, 36.3764994], [29.1741281, 36.3764654], [29.1741419, 36.3764219], [29.174071, 36.3762256], [29.1740711, 36.3760835], [29.1740483, 36.3759749], [29.1739851, 36.375811], [29.1739073, 36.3756209], [29.1738456, 36.3754655], [29.1738698, 36.3753316], [29.1738215, 36.3752085], [29.1737746, 36.3750854], [29.173741, 36.3749947], [29.1737933, 36.3749723], [29.1738631, 36.3749526], [29.1738792, 36.3748845], [29.1738436, 36.3748177], [29.1737944, 36.3747469], [29.1737802, 36.3746206], [29.1737866, 36.374525], [29.1737826, 36.3744299], [29.1739006, 36.374363], [29.1740669, 36.3742831], [29.1740508, 36.3740552], [29.1741058, 36.3738641], [29.1741005, 36.3736611], [29.1740495, 36.3735704], [29.1740227, 36.3734743]]}}, {"type": "Feature", "properties": {"category": "lycian_way", "name": "Likya Yolu", "ref": "", "relation_id": 51855, "role": ""}, "geometry": {"type": "LineString", "coordinates": [[29.1740227, 36.3734743], [29.1740783, 36.3733762], [29.1740832, 36.3733143], [29.1742456, 36.373306], [29.174366, 36.3733296], [29.1744357, 36.373254], [29.1745108, 36.3731568], [29.1744894, 36.3730899], [29.1744465, 36.3729841], [29.1742024, 36.3726731], [29.1741085, 36.3724528], [29.1738879, 36.3721251], [29.1738483, 36.3719604], [29.1739476, 36.3718697], [29.1740254, 36.3717898], [29.1740923, 36.3715651], [29.1741139, 36.3712326], [29.1741367, 36.3711268], [29.1741711, 36.3709656], [29.1741683, 36.3708306], [29.174246, 36.3706472], [29.1743068, 36.3704889], [29.1743553, 36.3703493], [29.174315, 36.3700966], [29.1743875, 36.3698784], [29.174366, 36.3695955], [29.1745859, 36.3692867], [29.174763, 36.3689778], [29.174822, 36.3687532], [29.1748552, 36.3685876], [29.1748378, 36.368513], [29.1749293, 36.3683947], [29.1749346, 36.368237], [29.1750124, 36.3681226], [29.1749775, 36.3679347], [29.174999, 36.3678115], [29.1752002, 36.3676992], [29.175396, 36.3675243], [29.1753906, 36.3673062], [29.1755193, 36.3671701], [29.1757343, 36.366997], [29.1758752, 36.3668681], [29.1760544, 36.3667716], [29.1761698, 36.3667208], [29.1763937, 36.3666809], [29.1767693, 36.3667619], [29.1770643, 36.3667986], [29.1772735, 36.366628], [29.1774452, 36.3663515], [29.1775766, 36.3662306], [29.1776195, 36.3661139], [29.1777697, 36.3660167], [29.177826, 36.3659347], [29.1779628, 36.3658699], [29.1780674, 36.3655243], [29.1781801, 36.3653839], [29.1783249, 36.3652241], [29.1784269, 36.3651312], [29.1785985, 36.364939], [29.1786468, 36.3647122], [29.1787434, 36.3645113], [29.1788024, 36.3644271], [29.1789901, 36.3643298], [29.1789905, 36.3642543], [29.1790465, 36.3641652], [29.1791128, 36.3641235], [29.1792179, 36.3640942], [29.1792948, 36.3640935], [29.179379, 36.3639951], [29.1791671, 36.3636063], [29.1791779, 36.3635307], [29.1792905, 36.3634465], [29.179194, 36.3631635], [29.1793683, 36.3631095], [29.1795346, 36.3630793], [29.1796553, 36.3630512], [29.1798297, 36.3630707], [29.1800119, 36.3629649], [29.1802105, 36.3630123], [29.1803339, 36.3629324], [29.1804278, 36.3629195], [29.1805726, 36.3627899], [29.1807201, 36.3626808], [29.1810567, 36.3626982]]}}, {"type": "Feature", "properties": {"category": "lycian_way", "name": "Likya Yolu", "ref": "", "relation_id": 51855, "role": ""}, "geometry": {"type": "LineString", "coordinates": [[29.1810567, 36.3626982], [29.181329, 36.362494], [29.1814256, 36.3623449], [29.1817394, 36.3622305], [29.1823214, 36.3620231], [29.1827778, 36.361673], [29.1830993, 36.3616062], [29.1835856, 36.3614342], [29.1839763, 36.3613449], [29.1841587, 36.3611764], [29.1843545, 36.3611073], [29.1846826, 36.3607516], [29.1845816, 36.3604891], [29.184747, 36.3600969], [29.1849124, 36.35974], [29.1851646, 36.3595456], [29.1852584, 36.3592324], [29.1854516, 36.3587939], [29.185752, 36.3584267], [29.1863235, 36.3577582], [29.186556, 36.3576331], [29.18654, 36.3574341], [29.1867238, 36.3572369], [29.1866778, 36.3570347], [29.1867828, 36.3568984], [29.1868194, 36.3567458], [29.1866787, 36.3565541]]}}, {"type": "Feature", "properties": {"category": "lycian_way", "name": "Likya Yolu", "ref": "", "relation_id": 51855, "role": ""}, "geometry": {"type": "LineString", "coordinates": [[29.1866787, 36.3565541], [29.1866242, 36.3562906], [29.1862618, 36.3563167], [29.1860497, 36.356191], [29.1862911, 36.3558368], [29.1861463, 36.3558087], [29.1862482, 36.355584], [29.1862777, 36.3553205], [29.1862302, 36.3550675], [29.1859688, 36.3552547], [29.1855589, 36.3551939], [29.185638, 36.3550678], [29.1856018, 36.3549889], [29.1857211, 36.354855], [29.1857493, 36.3546811], [29.1861446, 36.3544052], [29.1865137, 36.3539304], [29.1865689, 36.3537554], [29.1865666, 36.3532299], [29.1864998, 36.3525205], [29.1865783, 36.3521302], [29.186795, 36.3516949], [29.1870014, 36.3514723], [29.1868758, 36.3512102], [29.1868412, 36.3509158], [29.1867549, 36.3506541], [29.1867758, 36.3503752], [29.1867187, 36.3502191], [29.1865451, 36.3491157], [29.1864406, 36.3489455], [29.1865549, 36.3485996], [29.1868275, 36.3480383], [29.1868409, 36.3478374], [29.1870945, 36.3473437], [29.1873372, 36.3471267], [29.1879889, 36.3467119], [29.1884348, 36.3461035], [29.1885921, 36.3460658], [29.1888016, 36.3458542], [29.1887936, 36.3457246], [29.1889787, 36.345636], [29.1894588, 36.3450246], [29.1902407, 36.3449204], [29.19037, 36.3450216], [29.1904598, 36.3451507]]}}, {"type": "Feature", "properties": {"category": "lycian_way", "name": "Likya Yolu", "ref": "", "relation_id": 51855, "role": ""}, "geometry": {"type": "LineString", "coordinates": [[29.1904598, 36.3451507], [29.1905531, 36.3451024], [29.1905263, 36.344882], [29.1906121, 36.3446271], [29.1906953, 36.3443894], [29.1909823, 36.3441691], [29.1914032, 36.3439432], [29.1921096, 36.3434356], [29.1923559, 36.3431248], [29.1927027, 36.3427822], [29.1929293, 36.3422252], [29.1930494, 36.3421313], [29.1929651, 36.3418373], [29.1933459, 36.3415956], [29.1933943, 36.3414942], [29.1933846, 36.3413929], [29.1933168, 36.3412681], [29.1933188, 36.3411637]]}}, {"type": "Feature", "properties": {"category": "lycian_way", "name": "Likya Yolu", "ref": "", "relation_id": 51855, "role": ""}, "geometry": {"type": "LineString", "coordinates": [[29.1933188, 36.3411637], [29.1936084, 36.3409362]]}}, {"type": "Feature", "properties": {"category": "lycian_way", "name": "Likya Yolu", "ref": "", "relation_id": 51855, "role": ""}, "geometry": {"type": "LineString", "coordinates": [[29.1936084, 36.3409362], [29.1937156, 36.3408188], [29.1937484, 36.3407262], [29.19396, 36.3408449], [29.1942749, 36.3409463], [29.1944813, 36.3408649], [29.1948252, 36.3408575], [29.1954214, 36.340617], [29.1959283, 36.3405114], [29.196348, 36.340601], [29.1965733, 36.34056], [29.1969664, 36.3404058], [29.1972345, 36.3402348], [29.1978917, 36.3399615], [29.1978912, 36.3397714], [29.1980123, 36.3391913]]}}, {"type": "Feature", "properties": {"category": "lycian_way", "name": "Likya Yolu", "ref": "", "relation_id": 51855, "role": ""}, "geometry": {"type": "LineString", "coordinates": [[29.1980123, 36.3391913], [29.1978311, 36.3391822], [29.1977146, 36.3386554], [29.1977307, 36.3384178], [29.1975832, 36.3380764], [29.1975832, 36.3379489], [29.197889, 36.3376421], [29.1981612, 36.3376248], [29.1983919, 36.3374509], [29.1985501, 36.3373094], [29.1986923, 36.3372175], [29.1988559, 36.3370339], [29.1992488, 36.3369615], [29.199505, 36.3368308], [29.1995332, 36.3367174]]}}, {"type": "Feature", "properties": {"category": "lycian_way", "name": "Likya Yolu", "ref": "", "relation_id": 51855, "role": ""}, "geometry": {"type": "LineString", "coordinates": [[29.1995332, 36.3367174], [29.1996736, 36.3365947]]}}, {"type": "Feature", "properties": {"category": "lycian_way", "name": "Likya Yolu", "ref": "", "relation_id": 51855, "role": ""}, "geometry": {"type": "LineString", "coordinates": [[29.1996736, 36.3365947], [29.2000117, 36.3363296], [29.200429, 36.3361084], [29.2007783, 36.3359893], [29.2017957, 36.3357505], [29.2026802, 36.335857], [29.2032505, 36.3358455], [29.2040688, 36.3354761]]}}, {"type": "Feature", "properties": {"category": "lycian_way", "name": "Likya Yolu", "ref": "", "relation_id": 51855, "role": ""}, "geometry": {"type": "LineString", "coordinates": [[29.2040688, 36.3354761], [29.204223, 36.335543], [29.2043571, 36.3355906], [29.2045663, 36.3356025], [29.2047447, 36.3356554], [29.2048667, 36.3357429], [29.2048104, 36.3359708], [29.2048667, 36.3360281], [29.2049767, 36.3360594], [29.2053294, 36.3359633], [29.2054501, 36.3359957], [29.2055601, 36.3362031], [29.2057425, 36.336376], [29.2059463, 36.3364516], [29.2065507, 36.3365641], [29.2066117, 36.3366565], [29.2064908, 36.3368297], [29.2065418, 36.3368913], [29.2067892, 36.3369664], [29.207062, 36.3373067], [29.2071587, 36.3373385], [29.2072822, 36.3373249], [29.2075503, 36.3371841], [29.2077743, 36.3371452], [29.2080559, 36.3369896], [29.2082222, 36.3369918], [29.2085017, 36.3371216], [29.2087224, 36.3374606], [29.2089316, 36.3376248], [29.2091435, 36.3377048], [29.2092723, 36.3376961]]}}, {"type": "Feature", "properties": {"category": "lycian_way", "name": "Likya Yolu", "ref": "", "relation_id": 51855, "role": ""}, "geometry": {"type": "LineString", "coordinates": [[29.2092723, 36.3376961], [29.2094325, 36.3377466], [29.2096694, 36.3376357], [29.209805, 36.3374374], [29.2099702, 36.3373626], [29.2110829, 36.3371294], [29.2112638, 36.3369032], [29.2114247, 36.3368848], [29.2115732, 36.3369407], [29.2118593, 36.3371074], [29.2120162, 36.3371581], [29.2121717, 36.3371527], [29.2124829, 36.3370479], [29.2129515, 36.3370836], [29.2135199, 36.3369956], [29.21395, 36.3369972], [29.2140882, 36.3369205], [29.2144865, 36.3365197], [29.2146501, 36.3364494], [29.2148614, 36.3364302]]}}, {"type": "Feature", "properties": {"category": "lycian_way", "name": "Likya Yolu", "ref": "", "relation_id": 51855, "role": ""}, "geometry": {"type": "LineString", "coordinates": [[29.2148614, 36.3364302], [29.2157337, 36.3364408], [29.2159375, 36.3363713], [29.2161347, 36.3363209], [29.2163037, 36.3363392], [29.2164338, 36.3364127], [29.2165183, 36.3365499], [29.2166617, 36.3366331], [29.216828, 36.3366763], [29.2174136, 36.3369245], [29.217645, 36.336967], [29.2178305, 36.3370946]]}}, {"type": "Feature", "properties": {"category": "lycian_way", "name": "Likya Yolu", "ref": "", "relation_id": 51855, "role": ""}, "geometry": {"type": "LineString", "coordinates": [[29.2178305, 36.3370946], [29.2179622, 36.3372307], [29.218112, 36.3372734], [29.2182785, 36.3372472], [29.2184212, 36.3372529], [29.2186375, 36.3373578], [29.2187887, 36.3373794], [29.218961, 36.3373162], [29.2191103, 36.3372082], [29.2191926, 36.3371188], [29.2193037, 36.3371003], [29.2195491, 36.337129], [29.2197758, 36.3371452], [29.2200628, 36.337143], [29.2205893, 36.3370397], [29.2207382, 36.3370528], [29.2208708, 36.3371531], [29.2209613, 36.3374736], [29.2209399, 36.3376227], [29.2208871, 36.3377332], [29.2209114, 36.3378356], [29.2210576, 36.3379338], [29.2212725, 36.3379576], [29.2215287, 36.3379665]]}}, {"type": "Feature", "properties": {"category": "lycian_way", "name": "Likya Yolu", "ref": "", "relation_id": 51855, "role": ""}, "geometry": {"type": "LineString", "coordinates": [[29.2215287, 36.3379665], [29.2217185, 36.3379407], [29.2217874, 36.3379018], [29.2218874, 36.3374203], [29.2218845, 36.3372845], [29.2219631, 36.3372012], [29.2224045, 36.337143], [29.2226323, 36.3369939], [29.2228684, 36.3370307], [29.2230669, 36.3370004], [29.2231902, 36.3369269], [29.2235148, 36.336888], [29.2236516, 36.3367703], [29.2237093, 36.336618], [29.22383, 36.3365499], [29.2238997, 36.3364894], [29.2240258, 36.3364311], [29.2242068, 36.3364451], [29.2246681, 36.3366115], [29.2251652, 36.3366832], [29.2254758, 36.3366832], [29.2257398, 36.3367395], [29.2264754, 36.3371007]]}}, {"type": "Feature", "properties": {"category": "lycian_way", "name": "Likya Yolu", "ref": "", "relation_id": 51855, "role": ""}, "geometry": {"type": "LineString", "coordinates": [[29.2264754, 36.3371007], [29.2266872, 36.337168], [29.2282965, 36.3372261], [29.2288266, 36.3374119], [29.2298594, 36.3377966], [29.2310087, 36.3378655], [29.2317619, 36.3377966], [29.2321696, 36.3376528], [29.2326317, 36.3375652], [29.2328912, 36.3374824]]}}, {"type": "Feature", "properties": {"category": "lycian_way", "name": "Likya Yolu", "ref": "", "relation_id": 51855, "role": ""}, "geometry": {"type": "LineString", "coordinates": [[29.2328912, 36.3374824], [29.2327093, 36.3372774], [29.2324259, 36.3371242], [29.232026, 36.3367614], [29.231826, 36.336642], [29.2316499, 36.3365911], [29.2313605, 36.3364874], [29.2310186, 36.3364118], [29.2306583, 36.3362651], [29.230301, 36.3360525], [29.2299531, 36.3358022], [29.2296363, 36.335497], [29.2295431, 36.3353118], [29.2294499, 36.3349333], [29.2291421, 36.3346842], [29.2291206, 36.334615], [29.2289731, 36.3344789], [29.2288256, 36.3343082], [29.2287907, 36.3340532], [29.2283763, 36.3338318], [29.2281014, 36.3336935], [29.2280799, 36.3335001]]}}, {"type": "Feature", "properties": {"category": "lycian_way", "name": "Likya Yolu", "ref": "", "relation_id": 51855, "role": ""}, "geometry": {"type": "LineString", "coordinates": [[29.2280799, 36.3335001], [29.2288873, 36.3337637], [29.2292849, 36.3339305], [29.230062, 36.3343617]]}}, {"type": "Feature", "properties": {"category": "lycian_way", "name": "Likya Yolu", "ref": "", "relation_id": 51855, "role": ""}, "geometry": {"type": "LineString", "coordinates": [[29.230062, 36.3343617], [29.2300318, 36.334077], [29.230094, 36.3339814]]}}, {"type": "Feature", "properties": {"category": "lycian_way", "name": "Likya Yolu", "ref": "", "relation_id": 51855, "role": ""}, "geometry": {"type": "LineString", "coordinates": [[29.230094, 36.3339814], [29.2302364, 36.3339236], [29.2305261, 36.3340014], [29.2308828, 36.3340597], [29.2313307, 36.3340295], [29.231376, 36.3340066], [29.2314461, 36.3339711], [29.2316446, 36.3338998], [29.2327504, 36.3336017], [29.2328262, 36.3335719], [29.232865, 36.333539], [29.2329808, 36.3333524], [29.2329508, 36.3331306], [29.2325884, 36.3326159], [29.2324607, 36.3325966], [29.2323178, 36.332478], [29.2321676, 36.3324564], [29.2320389, 36.3323354], [29.2317304, 36.3321777], [29.2314649, 36.3320891], [29.2311376, 36.3321107], [29.2308077, 36.3320156], [29.2305583, 36.3319659], [29.2304054, 36.3319595], [29.2302981, 36.3319465], [29.2301425, 36.3318406], [29.2298394, 36.3317563], [29.2296222, 36.3317477], [29.229295, 36.3316353], [29.2291608, 36.3316267], [29.2289114, 36.3315359], [29.2287692, 36.3315489], [29.2282972, 36.3314495], [29.2278224, 36.331268], [29.2275488, 36.3310779], [29.2272457, 36.3310541], [29.2270634, 36.330946], [29.2266689, 36.3308868]]}}, {"type": "Feature", "properties": {"category": "lycian_way", "name": "Likya Yolu", "ref": "", "relation_id": 51855, "role": ""}, "geometry": {"type": "LineString", "coordinates": [[29.2266689, 36.3308868], [29.2261458, 36.3302009]]}}, {"type": "Feature", "properties": {"category": "lycian_way", "name": "Likya Yolu", "ref": "", "relation_id": 51855, "role": ""}, "geometry": {"type": "LineString", "coordinates": [[29.2261458, 36.3302009], [29.2261252, 36.3300812], [29.2261429, 36.3299654], [29.2262816, 36.3297842], [29.2266497, 36.3295701], [29.226806, 36.3294838], [29.2270103, 36.3294772], [29.227095, 36.3294946], [29.2272432, 36.3294587]]}}, {"type": "Feature", "properties": {"category": "lycian_way", "name": "Likya Yolu", "ref": "", "relation_id": 51855, "role": ""}, "geometry": {"type": "LineString", "coordinates": [[29.2272432, 36.3294587], [29.2273678, 36.32935]]}}, {"type": "Feature", "properties": {"category": "lycian_way", "name": "Likya Yolu", "ref": "", "relation_id": 51855, "role": ""}, "geometry": {"type": "LineString", "coordinates": [[29.2273678, 36.32935], [29.2274255, 36.3293027], [29.2274822, 36.3291212]]}}, {"type": "Feature", "properties": {"category": "lycian_way", "name": "Likya Yolu", "ref": "", "relation_id": 51855, "role": ""}, "geometry": {"type": "LineString", "coordinates": [[29.2318008, 36.3292385], [29.2312062, 36.3290099], [29.2305003, 36.3288649], [29.2301404, 36.3288307], [29.2297488, 36.3289689], [29.2288745, 36.3289164], [29.2277855, 36.3289865], [29.2274822, 36.3291212]]}}, {"type": "Feature", "properties": {"category": "lycian_way", "name": "Likya Yolu", "ref": "", "relation_id": 51855, "role": ""}, "geometry": {"type": "LineString", "coordinates": [[29.2738628, 36.3171204], [29.2732108, 36.31755], [29.2722586, 36.3181055], [29.272011, 36.3182489], [29.2716019, 36.3183438], [29.2713854, 36.3184243], [29.271215, 36.3185501], [29.2709454, 36.3186884], [29.2707209, 36.3188948], [29.2705504, 36.3191448], [29.2702827, 36.3193042], [29.2697203, 36.3194605], [29.2691578, 36.3194541], [29.2689112, 36.3194897], [29.2687276, 36.3195759], [29.2684136, 36.3199291], [29.2675643, 36.3207101], [29.2667616, 36.321535], [29.265584, 36.3224768], [29.2650448, 36.3229204], [29.2646242, 36.3226796], [29.2642968, 36.3225203], [29.2640832, 36.3225184], [29.2638026, 36.3226192], [29.2633101, 36.3230942], [29.2628602, 36.3235254], [29.2624207, 36.3238548], [29.2618492, 36.3242029], [29.2614881, 36.3244717], [29.2607961, 36.3248328], [29.2599397, 36.3252123], [29.2597008, 36.3252432], [29.2595677, 36.3251976], [29.2592085, 36.3249533], [29.2591674, 36.3249254], [29.2589458, 36.3248215], [29.2586974, 36.324768], [29.2585609, 36.3247906], [29.2582017, 36.3249552], [29.2577913, 36.3251609], [29.2572734, 36.3252652], [29.2570417, 36.3253563], [29.2563013, 36.325684], [29.2558563, 36.3258], [29.255527, 36.3256994], [29.2552239, 36.3256605], [29.2541547, 36.3256134], [29.253624, 36.3256693], [29.2531936, 36.3257089], [29.2524276, 36.3258853], [29.2519717, 36.3259484], [29.2513668, 36.3259652], [29.2508938, 36.3260087], [29.2504251, 36.3261292], [29.249867, 36.3262291], [29.2490992, 36.326282], [29.2484226, 36.3263584], [29.2479393, 36.3264274], [29.2471369, 36.3264128], [29.246659, 36.3263628], [29.2458844, 36.3263455], [29.2448717, 36.3263466], [29.2443757, 36.3263966], [29.2431738, 36.3265083], [29.2426978, 36.3266317], [29.2419993, 36.3267492], [29.2412187, 36.3268462], [29.2403616, 36.3270181], [29.2399403, 36.3271283], [29.2394096, 36.3273384], [29.2388041, 36.327716], [29.2381256, 36.3280907], [29.2375347, 36.3283258], [29.2370642, 36.3284889], [29.2367177, 36.3285932], [29.2362089, 36.3286799], [29.2355797, 36.3287269], [29.2345346, 36.3289194], [29.2332069, 36.3290619], [29.2325577, 36.3290825], [29.2322422, 36.3291163], [29.2319362, 36.3291859], [29.2318008, 36.3292385]]}}, {"type": "Feature", "properties": {"category": "lycian_way", "name": "Likya Yolu", "ref": "", "relation_id": 51855, "role": ""}, "geometry": {"type": "LineString", "coordinates": [[29.2823169, 36.3172086], [29.2816463, 36.3172021], [29.2810326, 36.3171052], [29.2807022, 36.3170443], [29.2797022, 36.3169755], [29.2793986, 36.3170919], [29.2791411, 36.3173274], [29.2789941, 36.3175288], [29.2786476, 36.317684], [29.2785028, 36.3178829], [29.278146, 36.3181119], [29.2773311, 36.3183327], [29.2769986, 36.3185056], [29.2765801, 36.3185402], [29.2762261, 36.3183068], [29.2754214, 36.317719], [29.2745623, 36.3173409], [29.2743058, 36.3172552], [29.2740423, 36.3171766], [29.2738628, 36.3171204]]}}, {"type": "Feature", "properties": {"category": "lycian_way", "name": "Likya Yolu", "ref": "", "relation_id": 51855, "role": ""}, "geometry": {"type": "LineString", "coordinates": [[29.2838662, 36.3197793], [29.2835648, 36.3190197], [29.2833965, 36.3184364], [29.2830487, 36.3179545], [29.2823169, 36.3172086]]}}, {"type": "Feature", "properties": {"category": "lycian_way", "name": "Likya Yolu", "ref": "", "relation_id": 51855, "role": ""}, "geometry": {"type": "LineString", "coordinates": [[29.2835604, 36.3237312], [29.2835587, 36.3235773], [29.2836471, 36.3228924], [29.2836311, 36.3218944], [29.2836511, 36.3214394], [29.2837817, 36.3207835], [29.2838662, 36.3197793]]}}, {"type": "Feature", "properties": {"category": "lycian_way", "name": "Likya Yolu", "ref": "", "relation_id": 51855, "role": ""}, "geometry": {"type": "LineString", "coordinates": [[29.2949502, 36.3375028], [29.2947956, 36.3369681], [29.2945964, 36.3364036], [29.2944021, 36.3360861], [29.2941205, 36.3360716], [29.2938591, 36.3360251], [29.2938192, 36.3359494], [29.2936446, 36.3356179], [29.2934897, 36.3347878], [29.293281, 36.3337202], [29.2931905, 36.3336362], [29.2918364, 36.3335906], [29.2915323, 36.3335803], [29.2907665, 36.3333585], [29.2900182, 36.33296], [29.2899128, 36.3329273], [29.2897874, 36.3328884], [29.2897237, 36.3328877], [29.28966, 36.3328869], [29.2892576, 36.3328755], [29.2891963, 36.3327749], [29.2891242, 36.3324342], [29.2890342, 36.3322799], [29.2885128, 36.3316483], [29.2879672, 36.331014], [29.2878498, 36.3306656], [29.2876222, 36.3304353], [29.2874381, 36.3302045], [29.2870556, 36.329382], [29.2866693, 36.329008], [29.2863628, 36.3286806], [29.2862149, 36.3286536], [29.2846878, 36.3288678], [29.2845616, 36.3288478], [29.2845476, 36.3287525], [29.2846359, 36.3285862], [29.285005, 36.3282382], [29.285202, 36.3279102], [29.28555, 36.3274875], [29.2855546, 36.3273065], [29.2848463, 36.3261555], [29.2847702, 36.3260025], [29.2842647, 36.324569], [29.2841522, 36.3236638], [29.2835604, 36.3237312]]}}, {"type": "Feature", "properties": {"category": "lycian_way", "name": "Likya Yolu", "ref": "", "relation_id": 51855, "role": ""}, "geometry": {"type": "LineString", "coordinates": [[29.3112983, 36.3398531], [29.3106747, 36.3394782], [29.3095814, 36.3387102], [29.3090183, 36.3383506], [29.3083744, 36.3380646], [29.3071422, 36.337453], [29.3061262, 36.3371248], [29.305431, 36.3368862], [29.3048287, 36.336794], [29.3045277, 36.3367457], [29.3036418, 36.3366303], [29.3028619, 36.3366067], [29.3020392, 36.3364333], [29.3013626, 36.336359], [29.3007831, 36.3362252], [29.3006117, 36.3361856], [29.3000965, 36.3362496], [29.2994686, 36.3361835], [29.2990662, 36.3362042], [29.2984608, 36.3362473], [29.2980805, 36.336356], [29.2971197, 36.3368906], [29.2968237, 36.3370197], [29.2958395, 36.3372199], [29.2949502, 36.3375028]]}}, {"type": "Feature", "properties": {"category": "lycian_way", "name": "Likya Yolu", "ref": "", "relation_id": 51855, "role": ""}, "geometry": {"type": "LineString", "coordinates": [[29.3143802, 36.3560162], [29.314324, 36.3558538], [29.314338, 36.3557699], [29.3144053, 36.3556537], [29.314801, 36.3551976], [29.3149635, 36.354925], [29.3150492, 36.3547264], [29.3151688, 36.3541585], [29.3166573, 36.3524508], [29.3170256, 36.3516999], [29.3170848, 36.3508106], [29.3168747, 36.3494931], [29.3158208, 36.3482972], [29.3147236, 36.347052], [29.3140763, 36.3463905], [29.3133411, 36.3458921], [29.3123984, 36.3455742], [29.3120623, 36.3455037], [29.31182, 36.3454764], [29.3116661, 36.345472], [29.3115642, 36.3454472], [29.3114689, 36.3453862], [29.3114253, 36.3453136], [29.3114139, 36.3452344], [29.311431, 36.3451307], [29.3116057, 36.3447317], [29.3117116, 36.3441051], [29.311638, 36.3437856], [29.3115189, 36.3434862], [29.3113133, 36.3431162], [29.3110981, 36.3426772], [29.3110271, 36.3424025], [29.3110629, 36.3422606], [29.3113382, 36.3417475], [29.3113842, 36.3415588], [29.3113102, 36.3403037], [29.3112983, 36.3398531]]}}, {"type": "Feature", "properties": {"category": "lycian_way", "name": "Likya Yolu", "ref": "", "relation_id": 51855, "role": ""}, "geometry": {"type": "LineString", "coordinates": [[30.4192568, 36.5167853], [30.4193506, 36.5171131], [30.4195708, 36.5176124], [30.4196003, 36.5177352]]}}, {"type": "Feature", "properties": {"category": "lycian_way", "name": "Likya Yolu", "ref": "", "relation_id": 51855, "role": ""}, "geometry": {"type": "LineString", "coordinates": [[30.421105, 36.5209152], [30.4209039, 36.5208716], [30.4207563, 36.5206151], [30.4207293, 36.52042], [30.4205069, 36.520087], [30.4201126, 36.5198951], [30.4197586, 36.5197098], [30.4195766, 36.5196173], [30.4196025, 36.5193258], [30.4196379, 36.5191472], [30.4196057, 36.5188626], [30.4194581, 36.5187333], [30.4193965, 36.5184509], [30.4194665, 36.5183055], [30.4196513, 36.518272], [30.4197022, 36.518175], [30.4196349, 36.5180608], [30.4195735, 36.5179357], [30.4196432, 36.5178301], [30.4196003, 36.5177352]]}}, {"type": "Feature", "properties": {"category": "lycian_way", "name": "Likya Yolu", "ref": "", "relation_id": 51855, "role": ""}, "geometry": {"type": "LineString", "coordinates": [[30.4211931, 36.5211818], [30.421105, 36.5209152]]}}, {"type": "Feature", "properties": {"category": "lycian_way", "name": "Likya Yolu", "ref": "", "relation_id": 51855, "role": ""}, "geometry": {"type": "LineString", "coordinates": [[30.4216737, 36.5231306], [30.42173, 36.5229387], [30.4217085, 36.5226779], [30.4218066, 36.5221737], [30.42173, 36.5218481], [30.4214859, 36.5217748], [30.4214403, 36.5215527], [30.4213883, 36.5212931], [30.4211931, 36.5211818]]}}, {"type": "Feature", "properties": {"category": "lycian_way", "name": "Likya Yolu", "ref": "", "relation_id": 51855, "role": ""}, "geometry": {"type": "LineString", "coordinates": [[30.4217421, 36.5233795], [30.4216737, 36.5231306]]}}, {"type": "Feature", "properties": {"category": "lycian_way", "name": "Likya Yolu", "ref": "", "relation_id": 51855, "role": ""}, "geometry": {"type": "LineString", "coordinates": [[30.4217421, 36.5233795], [30.4215422, 36.5234065], [30.421502, 36.5235121], [30.4215503, 36.523747], [30.4216656, 36.5239302], [30.4213974, 36.5240337], [30.421469, 36.5240799], [30.4213357, 36.5240682], [30.4213116, 36.5241566], [30.4214135, 36.5243333], [30.4214457, 36.524426], [30.4214162, 36.5245682], [30.4214618, 36.5248291], [30.4216629, 36.5248937], [30.42173, 36.5250101], [30.4218614, 36.5252515], [30.4217756, 36.5254498], [30.4219097, 36.5257063], [30.4221216, 36.5258356], [30.4222798, 36.5260749], [30.4224676, 36.526202], [30.4226151, 36.5262387], [30.4226903, 36.5263414], [30.422713, 36.5264693], [30.4228109, 36.5265577], [30.4229142, 36.5265976], [30.42303, 36.5266218]]}}, {"type": "Feature", "properties": {"category": "lycian_way", "name": "Likya Yolu", "ref": "", "relation_id": 51855, "role": ""}, "geometry": {"type": "LineString", "coordinates": [[30.42303, 36.5266218], [30.4231288, 36.5266461], [30.4230848, 36.5267698], [30.4230941, 36.5268423], [30.423072, 36.5268843], [30.4230429, 36.5269403]]}}, {"type": "Feature", "properties": {"category": "lycian_way", "name": "Likya Yolu", "ref": "", "relation_id": 51855, "role": ""}, "geometry": {"type": "LineString", "coordinates": [[30.4217367, 36.5271299], [30.4217917, 36.5270631], [30.4218024, 36.526978], [30.4218319, 36.5269273], [30.4219016, 36.5269058], [30.4219446, 36.5269446], [30.4219757, 36.5270098], [30.4220532, 36.5271017], [30.4222471, 36.527266], [30.4223022, 36.5273338], [30.4223714, 36.5273678], [30.42246, 36.5273084], [30.4226662, 36.5271934], [30.4228498, 36.5270222], [30.4229397, 36.5269629], [30.4230429, 36.5269403]]}}, {"type": "Feature", "properties": {"category": "lycian_way", "name": "Likya Yolu", "ref": "", "relation_id": 51855, "role": ""}, "geometry": {"type": "LineString", "coordinates": [[30.4202435, 36.5344446], [30.4202592, 36.5342484], [30.4201744, 36.5341548], [30.4201022, 36.5341211], [30.4201066, 36.5340266], [30.42004, 36.5339551], [30.420097, 36.5338426], [30.4200521, 36.5337419], [30.4200225, 36.5336572], [30.4200434, 36.5335567], [30.4200875, 36.5334915], [30.4201784, 36.5334458], [30.4201984, 36.5333773], [30.4201709, 36.5333078], [30.4200207, 36.5330764], [30.4199448, 36.5329957], [30.419811, 36.5329736], [30.4197108, 36.5328509], [30.4197838, 36.5327504], [30.4198033, 36.5326695], [30.4198735, 36.5326207], [30.4198113, 36.5325556], [30.419689, 36.532532], [30.4196883, 36.5324625], [30.4197247, 36.5324002], [30.4196174, 36.5323191], [30.4195909, 36.5322716], [30.4196613, 36.5322515], [30.4197343, 36.5321516], [30.4197732, 36.5320693], [30.4198976, 36.5320013], [30.4199982, 36.5319766], [30.4200654, 36.5319127], [30.420184, 36.5319391], [30.4202909, 36.531954], [30.4204304, 36.5319071], [30.4205484, 36.5318231], [30.4206232, 36.5316968], [30.4206625, 36.5316345], [30.4207121, 36.5315741], [30.4207416, 36.531447], [30.4208406, 36.5314528], [30.4208878, 36.5314416], [30.420936, 36.5314136], [30.4210447, 36.5314556], [30.421208, 36.5314964], [30.4213531, 36.5315052], [30.421447, 36.5315666], [30.4215369, 36.5315752], [30.4216737, 36.531614], [30.4218198, 36.5316151], [30.421903, 36.5316442], [30.4219517, 36.5316971], [30.4220411, 36.5317369], [30.4220599, 36.531711], [30.4220505, 36.5316636], [30.4220881, 36.5316356], [30.4221377, 36.5315763], [30.4221243, 36.5315235], [30.4221471, 36.5314588], [30.4220979, 36.5313602], [30.4220518, 36.5312326], [30.4220651, 36.5310152], [30.4220157, 36.5309559], [30.42191, 36.5307468], [30.4219019, 36.5306423], [30.4218908, 36.5305066], [30.4219513, 36.5303295], [30.4219902, 36.530295], [30.4220907, 36.5302724], [30.4221658, 36.5302832], [30.4222542, 36.5302568], [30.4222657, 36.5301981], [30.4221632, 36.5301355], [30.4221699, 36.5300579], [30.4219235, 36.5299786], [30.4218069, 36.5299036], [30.4217032, 36.5298101], [30.421671, 36.5296355], [30.4215937, 36.5295093], [30.4215193, 36.5293871], [30.4214698, 36.5293165], [30.4214001, 36.5291398], [30.4213975, 36.5290023], [30.4214678, 36.5289325], [30.4214553, 36.528826], [30.4215057, 36.5286374], [30.4214247, 36.5284253], [30.4213945, 36.5282303], [30.4212977, 36.5280862], [30.4212462, 36.5279313], [30.4213591, 36.5278085], [30.4214536, 36.5278094], [30.4215, 36.5277272], [30.4214804, 36.5276737], [30.4214455, 36.5275785], [30.4214091, 36.5274707], [30.4214597, 36.5273639], [30.4215102, 36.5272495], [30.4216434, 36.5272162], [30.4217367, 36.5271299]]}}, {"type": "Feature", "properties": {"category": "lycian_way", "name": "Likya Yolu", "ref": "", "relation_id": 51855, "role": ""}, "geometry": {"type": "LineString", "coordinates": [[30.4167668, 36.5381345], [30.416776, 36.5381062], [30.4167914, 36.5380749], [30.41678, 36.5380129], [30.4167388, 36.5379557], [30.4167297, 36.5379105], [30.4167476, 36.5378603], [30.4167755, 36.5378263], [30.4168214, 36.537814], [30.4168718, 36.5378003], [30.4169162, 36.5378175], [30.4169684, 36.5378472], [30.4170509, 36.5377982], [30.4171474, 36.5377993], [30.4171689, 36.5377465], [30.4171488, 36.5377066], [30.4171407, 36.5376581], [30.4171354, 36.5375859], [30.4171139, 36.5375461], [30.4170898, 36.5375084], [30.4170911, 36.5374717], [30.4170978, 36.5374178], [30.4171139, 36.5373607], [30.4171434, 36.5372767], [30.4172014, 36.5372328], [30.4172404, 36.5371512], [30.4172599, 36.5370847], [30.4172696, 36.5369816], [30.4172971, 36.536926], [30.4172811, 36.5368984], [30.4172687, 36.5368692], [30.4173254, 36.5367139], [30.4173002, 36.5366168], [30.4172557, 36.5364961], [30.4172054, 36.5364092], [30.4172265, 36.5363278], [30.4171941, 36.5361524], [30.4171404, 36.5359964], [30.4171714, 36.535945], [30.4172876, 36.5359367], [30.4173775, 36.5359025], [30.4175123, 36.5358398], [30.4176173, 36.5357488], [30.4177006, 36.5356272], [30.4177886, 36.5355703], [30.41785, 36.5354915], [30.4179474, 36.5354459], [30.4181179, 36.535472], [30.4181536, 36.5354276], [30.4181406, 36.5353702], [30.4180753, 36.5352984], [30.4181357, 36.5351995], [30.4181569, 36.535108], [30.4181747, 36.5350336], [30.4182478, 36.5350623], [30.4183485, 36.5350284], [30.4183355, 36.5349892], [30.4182249, 36.5350067], [30.4182697, 36.5349409], [30.4181976, 36.5348459], [30.4182624, 36.534817], [30.4182169, 36.5347674], [30.4184192, 36.5347177], [30.418402, 36.5346644], [30.4184491, 36.5346083], [30.4185821, 36.5346373], [30.4186732, 36.5345848], [30.4187569, 36.5346011], [30.4187846, 36.5345447], [30.4189103, 36.5345652], [30.4189898, 36.5345691], [30.4189439, 36.5345074], [30.4189115, 36.5344517], [30.4189217, 36.5343985], [30.4190877, 36.534375], [30.4192642, 36.5344178], [30.4194932, 36.5344948], [30.4195078, 36.5345548], [30.4194315, 36.5345743], [30.4194575, 36.5346474], [30.4195287, 36.5346765], [30.4195858, 36.5346213], [30.4196653, 36.5346083], [30.4197871, 36.5346135], [30.419914, 36.5346011], [30.4200696, 36.5345496], [30.4201283, 36.5344626], [30.4202435, 36.5344446]]}}, {"type": "Feature", "properties": {"category": "lycian_way", "name": "Likya Yolu", "ref": "", "relation_id": 51855, "role": ""}, "geometry": {"type": "LineString", "coordinates": [[30.4170723, 36.5399374], [30.4170219, 36.5398462], [30.4170186, 36.5397587], [30.417047, 36.5396735], [30.4171746, 36.5394861], [30.4171977, 36.5394029], [30.4172029, 36.539326], [30.4171868, 36.5392536], [30.4171612, 36.5391255], [30.4170673, 36.5390272], [30.4170084, 36.5389441], [30.4169892, 36.5389156], [30.4169986, 36.5388811], [30.4170576, 36.5388606], [30.4170978, 36.5388143], [30.4171421, 36.5387507], [30.4170321, 36.5386538], [30.4169047, 36.5385762], [30.416843, 36.5384975], [30.4169043, 36.5384728], [30.4169213, 36.5384343], [30.4168925, 36.5383854], [30.4168846, 36.5383413], [30.4168631, 36.5382777], [30.4168148, 36.5382368], [30.4167867, 36.5381926], [30.4167668, 36.5381345]]}}, {"type": "Feature", "properties": {"category": "lycian_way", "name": "Likya Yolu", "ref": "", "relation_id": 51855, "role": ""}, "geometry": {"type": "LineString", "coordinates": [[30.4180487, 36.5418804], [30.4179902, 36.5418034], [30.4179357, 36.5416844], [30.417896, 36.5415464], [30.4178249, 36.5414935], [30.4178773, 36.5414144], [30.4178464, 36.5412592], [30.4178582, 36.5410965], [30.4178421, 36.5409909], [30.4178126, 36.540909], [30.4178298, 36.5408325], [30.4178441, 36.5407894], [30.4178515, 36.5407452], [30.4178428, 36.5407021], [30.417859, 36.540671], [30.4177518, 36.5405834], [30.4177357, 36.5405087], [30.4176356, 36.540465], [30.417657, 36.5404069], [30.4176329, 36.5403304], [30.4175699, 36.540283], [30.4175404, 36.5402258], [30.4175296, 36.5401806], [30.4175095, 36.5401461], [30.4175135, 36.5401138], [30.4174961, 36.5400793], [30.4174452, 36.5400653], [30.4173538, 36.5400201], [30.4172732, 36.5400038], [30.4170723, 36.5399374]]}}, {"type": "Feature", "properties": {"category": "lycian_way", "name": "Likya Yolu", "ref": "", "relation_id": 51855, "role": ""}, "geometry": {"type": "LineString", "coordinates": [[30.4181934, 36.5442722], [30.4181622, 36.5442023], [30.4182012, 36.544158], [30.4182425, 36.5440874], [30.4182304, 36.544034], [30.4182557, 36.543949], [30.4183093, 36.54388], [30.4183421, 36.5438079], [30.4182791, 36.5437353], [30.4182594, 36.5436539], [30.418276, 36.5435828], [30.4182335, 36.543471], [30.4182336, 36.5434303], [30.4182338, 36.5433808], [30.4181826, 36.5433231], [30.4180723, 36.5431296], [30.4180706, 36.5429774], [30.4180093, 36.5428923], [30.4179212, 36.5428183], [30.4179019, 36.5427463], [30.4179451, 36.5426169], [30.4179829, 36.5424073], [30.4179326, 36.5422612], [30.4179016, 36.5421328], [30.4180271, 36.5419511], [30.4180487, 36.5418804]]}}, {"type": "Feature", "properties": {"category": "lycian_way", "name": "Likya Yolu", "ref": "", "relation_id": 51855, "role": ""}, "geometry": {"type": "LineString", "coordinates": [[30.4147426, 36.5443585], [30.4150268, 36.544209], [30.4151878, 36.5442521], [30.4153809, 36.5440797], [30.4156062, 36.544097], [30.4158208, 36.5439849], [30.4160461, 36.5440108], [30.4162606, 36.5439418], [30.4164323, 36.5439591], [30.4166362, 36.5440711], [30.4167108, 36.5440981], [30.4170117, 36.5441142], [30.4170571, 36.5440754], [30.4172048, 36.5440797], [30.4174408, 36.5442004], [30.4178381, 36.5442551], [30.4180707, 36.5443165], [30.4181402, 36.5443009], [30.4181934, 36.5442722]]}}, {"type": "Feature", "properties": {"category": "lycian_way", "name": "Likya Yolu", "ref": "", "relation_id": 51855, "role": ""}, "geometry": {"type": "LineString", "coordinates": [[30.4140479, 36.5450243], [30.4140988, 36.5449748], [30.4142424, 36.5449618], [30.4144087, 36.5449705], [30.4144877, 36.5449317], [30.4145175, 36.5448289], [30.4145092, 36.5447313], [30.414587, 36.5445761], [30.4147426, 36.5443585]]}}, {"type": "Feature", "properties": {"category": "lycian_way", "name": "Likya Yolu", "ref": "", "relation_id": 51855, "role": ""}, "geometry": {"type": "LineString", "coordinates": [[29.1350537, 36.4286402], [29.1351145, 36.4285269], [29.1351927, 36.4284687], [29.1354211, 36.428367], [29.1356172, 36.4282608], [29.1357783, 36.4282222], [29.1361101, 36.4281309], [29.136264, 36.4280948], [29.1363905, 36.4281274], [29.1364646, 36.428094], [29.1365095, 36.4279845], [29.1365082, 36.4277568], [29.1365443, 36.4277513], [29.1367702, 36.4280628], [29.1368804, 36.4282485], [29.1369943, 36.4283706], [29.137053, 36.4283861], [29.1369801, 36.4282351], [29.136989, 36.4281956], [29.1370542, 36.428227], [29.1373318, 36.4284143], [29.137401, 36.4284986], [29.1374383, 36.428418], [29.1374244, 36.4282084], [29.1374631, 36.4281852], [29.1376848, 36.428487], [29.1377168, 36.428542], [29.1377462, 36.428457], [29.1377374, 36.4283047], [29.1377065, 36.4281704], [29.137769, 36.4281199], [29.1378277, 36.4281259], [29.1379812, 36.4283545], [29.1380544, 36.4284605], [29.1380659, 36.4285435], [29.1381478, 36.4285499], [29.1382465, 36.4284982], [29.1383313, 36.4285994], [29.1384226, 36.428775], [29.1384631, 36.428776], [29.1385308, 36.4286359], [29.1385498, 36.4284954], [29.1385547, 36.4283636], [29.1385508, 36.4283188], [29.1385982, 36.4282829], [29.1386367, 36.428322], [29.1387386, 36.4284471], [29.138803, 36.428486], [29.1388302, 36.4285444], [29.1389971, 36.4286591], [29.1391531, 36.4288658], [29.1392268, 36.4290816], [29.1390649, 36.4293135], [29.1390827, 36.4293841], [29.1391454, 36.4294074], [29.1394145, 36.4294183], [29.1397686, 36.4293018], [29.1400529, 36.429073], [29.1401655, 36.4288192], [29.1401763, 36.4285853], [29.1401977, 36.4283738], [29.1401441, 36.4281623], [29.1401119, 36.4279465], [29.1400887, 36.4278169], [29.1399939, 36.4276832], [29.1398705, 36.4275537], [29.1398329, 36.4274371], [29.1397949, 36.4273522], [29.1398715, 36.427333], [29.1399724, 36.4273681], [29.1403801, 36.427476], [29.1406698, 36.4276012], [29.1411687, 36.4278256], [29.1414369, 36.4280501], [29.1415359, 36.4281055], [29.1415572, 36.4280762], [29.1415237, 36.4278684], [29.1414369, 36.4276789], [29.1413993, 36.4275019], [29.1413801, 36.427438], [29.1414584, 36.4274242], [29.1415735, 36.4274826], [29.1416701, 36.427523], [29.141928, 36.4276663], [29.1420538, 36.4277781], [29.1422094, 36.4278947], [29.1423864, 36.4280457], [29.1425, 36.4282973], [29.1425688, 36.4284342], [29.1426181, 36.4285319], [29.142676, 36.4286442], [29.1428514, 36.4290924], [29.142955, 36.4294701], [29.1430034, 36.4296262], [29.1430462, 36.4297722], [29.1431428, 36.4299146], [29.143279, 36.4300631], [29.1434139, 36.4301775], [29.1434516, 36.4302914], [29.1436046, 36.4304706], [29.1436429, 36.4306189], [29.1437482, 36.4306959], [29.1438526, 36.4307495], [29.1440489, 36.4307678], [29.1444934, 36.4307897], [29.1448989, 36.4308506], [29.1451188, 36.4309032], [29.145239, 36.430937]]}}, {"type": "Feature", "properties": {"category": "lycian_way", "name": "Likya Yolu", "ref": "", "relation_id": 51855, "role": ""}, "geometry": {"type": "LineString", "coordinates": [[29.1350537, 36.4286402], [29.1350722, 36.4287097], [29.1351495, 36.428807], [29.1351034, 36.4288806], [29.1351048, 36.4289302]]}}, {"type": "Feature", "properties": {"category": "lycian_way", "name": "Likya Yolu", "ref": "", "relation_id": 51855, "role": ""}, "geometry": {"type": "LineString", "coordinates": [[29.1319095, 36.4414058], [29.1319442, 36.4412463], [29.1318476, 36.4411104], [29.1319576, 36.4409745], [29.131979, 36.4408299], [29.1319442, 36.4407242], [29.131853, 36.4406637], [29.1318355, 36.4404527], [29.1318194, 36.440306], [29.1318101, 36.4400552], [29.1320381, 36.4397488], [29.1318905, 36.4394791], [29.1318945, 36.4393825], [29.1319213, 36.4392314], [29.1319495, 36.439136], [29.1320407, 36.4390411], [29.1318127, 36.4389289], [29.1317443, 36.4387006], [29.1316585, 36.4384546], [29.131637, 36.4382949], [29.1316048, 36.4381396], [29.1315243, 36.4379885], [29.1313312, 36.4379411], [29.1311757, 36.4377857], [29.1311476, 36.437769], [29.1310188, 36.437755], [29.1309464, 36.4376892], [29.130937, 36.43755], [29.1308539, 36.4374497], [29.1309585, 36.4372846], [29.1312471, 36.4365578], [29.1311529, 36.4364085], [29.1309437, 36.4363136], [29.1309035, 36.4362531], [29.1309437, 36.4359575], [29.130941, 36.4357201], [29.1310161, 36.4356015], [29.1310081, 36.4354698], [29.1311288, 36.4354029], [29.1310698, 36.435226], [29.1311315, 36.4350749], [29.131338, 36.4348829], [29.1312602, 36.4347059], [29.1312361, 36.4342959], [29.1313606, 36.434052], [29.1314693, 36.434012], [29.1317189, 36.4338169], [29.1319442, 36.4336593], [29.1320944, 36.4335277], [29.1321895, 36.4333534], [29.1321802, 36.4331436], [29.1325772, 36.4326559], [29.1327167, 36.4322847], [29.1328722, 36.4318401], [29.1333818, 36.4315445], [29.1336018, 36.4312553], [29.1337116, 36.4310011], [29.1337667, 36.4308501], [29.1338339, 36.4307942], [29.1339863, 36.4308365], [29.1340597, 36.4307999], [29.1341607, 36.4307485], [29.1344362, 36.4306221], [29.1344884, 36.4304836], [29.1346478, 36.4303576], [29.134621, 36.4301936], [29.1346666, 36.4300813], [29.1347149, 36.4298742], [29.134798, 36.4297943], [29.1347216, 36.4296821], [29.1345902, 36.429599], [29.1345446, 36.4295375], [29.1344855, 36.4294603], [29.1345382, 36.4293486], [29.1346375, 36.4293616], [29.1347805, 36.4294124], [29.134852, 36.429413], [29.1349508, 36.4293807], [29.1349819, 36.4293104], [29.1350273, 36.4291754], [29.1351292, 36.4290848], [29.1351648, 36.4290424], [29.1351614, 36.4290157], [29.1351048, 36.4289302]]}}, {"type": "Feature", "properties": {"category": "lycian_way", "name": "Likya Yolu", "ref": "", "relation_id": 51855, "role": ""}, "geometry": {"type": "LineString", "coordinates": [[29.1261104, 36.4509081], [29.1263142, 36.4509072], [29.1264349, 36.4508477], [29.126502, 36.4506147], [29.1262928, 36.4503019], [29.1263223, 36.4500084], [29.1262301, 36.4497823], [29.1262534, 36.4496654], [29.1261788, 36.4495575], [29.126215, 36.4494842], [29.1261506, 36.4493375], [29.1261506, 36.4492458], [29.1259977, 36.4490829], [29.1258904, 36.4488714], [29.1255981, 36.44855], [29.1256381, 36.4483575], [29.1255444, 36.4482026], [29.1253862, 36.4481767], [29.1253889, 36.4479998], [29.1254908, 36.4477754], [29.1254452, 36.4475834], [29.1254801, 36.4473762], [29.1252333, 36.447167], [29.1253889, 36.4470677], [29.1254881, 36.447072], [29.1255686, 36.4470224], [29.1255793, 36.4469598], [29.1258663, 36.4469275], [29.1260406, 36.4469793], [29.1261613, 36.4470267], [29.1262686, 36.4469749], [29.1263491, 36.4470332], [29.1264993, 36.4470656], [29.1266468, 36.4470418], [29.1268349, 36.4470474], [29.1270143, 36.4470505], [29.1272664, 36.4470591], [29.1274059, 36.4469426], [29.1274944, 36.4468045], [29.1275132, 36.4466362], [29.1278028, 36.446442], [29.1280603, 36.4462651], [29.1283286, 36.4461572], [29.1283822, 36.4460191], [29.1284218, 36.4457939], [29.1285487, 36.4454951], [29.1294147, 36.4453926], [29.1299073, 36.4450976], [29.1303831, 36.4448583], [29.1305011, 36.4447245], [29.1304421, 36.4445692], [29.130426, 36.4442606], [29.1303751, 36.4441484], [29.1303805, 36.4440028], [29.1304314, 36.443773], [29.1304099, 36.4432072], [29.1302858, 36.4432056], [29.1302324, 36.4430742], [29.1307412, 36.4427982], [29.1310409, 36.4427461], [29.1311241, 36.4426764], [29.1312192, 36.442552], [29.1316055, 36.4423826], [29.1317583, 36.4421409], [29.1317095, 36.4419969], [29.1319103, 36.4419531], [29.1320999, 36.4418881], [29.1321384, 36.4417763], [29.132047, 36.4417351], [29.1320954, 36.4416835], [29.1321222, 36.4415841], [29.1319873, 36.4415516], [29.131981, 36.4414948], [29.1319095, 36.4414058]]}}, {"type": "Feature", "properties": {"category": "lycian_way", "name": "Likya Yolu", "ref": "", "relation_id": 51855, "role": ""}, "geometry": {"type": "LineString", "coordinates": [[29.1260585, 36.4542794], [29.1257134, 36.4541637], [29.1255605, 36.45399], [29.1254519, 36.4538207], [29.1253852, 36.4537156], [29.1252823, 36.453688], [29.125244, 36.4536394], [29.1251503, 36.4536102], [29.1251125, 36.4535529], [29.1252579, 36.4532233], [29.1255686, 36.4528649], [29.1256088, 36.4527139], [29.1257644, 36.4526255], [29.1257563, 36.4524992], [29.1258006, 36.4524129], [29.1257483, 36.452345], [29.1258113, 36.4522932], [29.125814, 36.4521799], [29.1257791, 36.4520624], [29.125645, 36.4520311], [29.1255592, 36.4519135], [29.1253138, 36.4517754], [29.1251703, 36.451591], [29.1251404, 36.4512467], [29.1254854, 36.4511066], [29.1256115, 36.4511045], [29.1258904, 36.450852], [29.1261104, 36.4509081]]}}, {"type": "Feature", "properties": {"category": "lycian_way", "name": "Likya Yolu", "ref": "", "relation_id": 51855, "role": ""}, "geometry": {"type": "LineString", "coordinates": [[29.1260326, 36.4547807], [29.126038, 36.454524], [29.1260585, 36.4542794]]}}, {"type": "Feature", "properties": {"category": "lycian_way", "name": "Likya Yolu", "ref": "", "relation_id": 51855, "role": ""}, "geometry": {"type": "LineString", "coordinates": [[29.1264504, 36.4601195], [29.1265975, 36.4599637], [29.1265583, 36.4598784], [29.1265744, 36.4597295], [29.1265583, 36.4594016], [29.1264854, 36.4591669], [29.1263974, 36.4589724], [29.1263732, 36.4586876], [29.126392, 36.4585193], [29.1265588, 36.4584617], [29.1265556, 36.4583381], [29.126665, 36.4582063], [29.1266334, 36.4580685], [29.1265959, 36.4579261], [29.1264054, 36.4577815], [29.1262284, 36.4577211], [29.1260916, 36.4575939], [29.1256705, 36.4575766], [29.1254908, 36.4575486], [29.1253068, 36.4575014], [29.1251904, 36.4571408], [29.125185, 36.456869], [29.1250831, 36.456649], [29.1252655, 36.4563232], [29.125244, 36.4558119], [29.1253191, 36.4555681], [29.1253768, 36.4553028], [29.1254465, 36.4552165], [29.125504, 36.455111], [29.1256611, 36.4549975], [29.1257574, 36.4548797], [29.1260326, 36.4547807]]}}, {"type": "Feature", "properties": {"category": "lycian_way", "name": "Likya Yolu", "ref": "", "relation_id": 51855, "role": ""}, "geometry": {"type": "LineString", "coordinates": [[29.1264504, 36.4601195], [29.1263342, 36.4601706], [29.126209, 36.4603124], [29.1261196, 36.4603699], [29.1261348, 36.4605271]]}}, {"type": "Feature", "properties": {"category": "lycian_way", "name": "Likya Yolu", "ref": "", "relation_id": 51855, "role": ""}, "geometry": {"type": "LineString", "coordinates": [[29.1259838, 36.4606468], [29.1259726, 36.4606488], [29.1260017, 36.4606382], [29.1259954, 36.4605343], [29.1261348, 36.4605271]]}}, {"type": "Feature", "properties": {"category": "lycian_way", "name": "Likya Yolu", "ref": "", "relation_id": 51855, "role": ""}, "geometry": {"type": "LineString", "coordinates": [[29.1892058, 36.4140943], [29.1887108, 36.4142274], [29.188316, 36.4142678], [29.1879705, 36.4142035], [29.1876325, 36.4142058], [29.1871229, 36.4143094], [29.1867528, 36.4145339]]}}, {"type": "Feature", "properties": {"category": "lycian_way", "name": "Likya Yolu", "ref": "", "relation_id": 51855, "role": ""}, "geometry": {"type": "LineString", "coordinates": [[29.1867528, 36.4145339], [29.1863837, 36.4145602], [29.1860803, 36.4147441], [29.1854587, 36.4151893], [29.1853707, 36.4154359], [29.1851542, 36.4158496], [29.1850333, 36.4162413], [29.1849463, 36.4167101], [29.1849528, 36.4171072], [29.1847227, 36.417468], [29.1843756, 36.4176954], [29.184333, 36.4180367]]}}, {"type": "Feature", "properties": {"category": "lycian_way", "name": "Likya Yolu", "ref": "", "relation_id": 51855, "role": ""}, "geometry": {"type": "LineString", "coordinates": [[29.184333, 36.4180367], [29.1839913, 36.4183767], [29.1837541, 36.4184929], [29.1835761, 36.4188137], [29.1833624, 36.4190321], [29.1830781, 36.4191918], [29.1829977, 36.4192825], [29.1824827, 36.4187904], [29.1821481, 36.4185579]]}}, {"type": "Feature", "properties": {"category": "lycian_way", "name": "Likya Yolu", "ref": "", "relation_id": 51855, "role": ""}, "geometry": {"type": "LineString", "coordinates": [[29.1821481, 36.4185579], [29.1817191, 36.418497], [29.1810952, 36.4185388], [29.1809137, 36.4187073], [29.1806903, 36.4188022], [29.1806486, 36.4189248], [29.1805176, 36.4189571], [29.180448, 36.4191021], [29.1802786, 36.4191868]]}}, {"type": "Feature", "properties": {"category": "lycian_way", "name": "Likya Yolu", "ref": "", "relation_id": 51855, "role": ""}, "geometry": {"type": "LineString", "coordinates": [[29.1802786, 36.4191868], [29.1797704, 36.4194892], [29.1792058, 36.4196688], [29.1785824, 36.4203784], [29.1782394, 36.4207933], [29.1776104, 36.4210706], [29.1773283, 36.4213366], [29.1754198, 36.4225039], [29.1747472, 36.4228135], [29.1737279, 36.4234782]]}}, {"type": "Feature", "properties": {"category": "lycian_way", "name": "Likya Yolu", "ref": "", "relation_id": 51855, "role": ""}, "geometry": {"type": "LineString", "coordinates": [[29.1737279, 36.4234782], [29.1729823, 36.4238926], [29.1725822, 36.4241774], [29.1724727, 36.4245314], [29.1715376, 36.4249319], [29.1701211, 36.4251962], [29.1691467, 36.425494], [29.1686854, 36.4257271], [29.1678687, 36.4258339], [29.1673024, 36.4258865], [29.1669259, 36.4260292], [29.1666362, 36.425904], [29.166368, 36.4257141], [29.1655794, 36.4258134], [29.1649732, 36.4258306], [29.1644475, 36.4258652], [29.1633746, 36.4261026], [29.1627309, 36.4263572], [29.1623017, 36.4263831], [29.1619026, 36.4262627], [29.1614696, 36.4262672], [29.161146, 36.4262006], [29.1609896, 36.4261444], [29.1603268, 36.426246]]}}, {"type": "Feature", "properties": {"category": "lycian_way", "name": "Likya Yolu", "ref": "", "relation_id": 51855, "role": ""}, "geometry": {"type": "LineString", "coordinates": [[29.1569439, 36.4251247], [29.1585397, 36.4256027], [29.1589669, 36.425708], [29.1603268, 36.426246]]}}, {"type": "Feature", "properties": {"category": "lycian_way", "name": "Likya Yolu", "ref": "", "relation_id": 51855, "role": ""}, "geometry": {"type": "LineString", "coordinates": [[29.1569439, 36.4251247], [29.1563662, 36.4250014], [29.155505, 36.4249834], [29.1543902, 36.4246293], [29.1536568, 36.4244694], [29.1530997, 36.4244082]]}}, {"type": "Feature", "properties": {"category": "lycian_way", "name": "Likya Yolu", "ref": "", "relation_id": 51855, "role": ""}, "geometry": {"type": "LineString", "coordinates": [[29.1530997, 36.4244082], [29.1519923, 36.4243116], [29.1507192, 36.4242694], [29.1500797, 36.4241311], [29.1497436, 36.424003]]}}, {"type": "Feature", "properties": {"category": "lycian_way", "name": "Likya Yolu", "ref": "", "relation_id": 51855, "role": ""}, "geometry": {"type": "LineString", "coordinates": [[29.1497436, 36.424003], [29.1484888, 36.4233121], [29.1483369, 36.4230325], [29.1483057, 36.422836], [29.1478735, 36.4223218], [29.1475001, 36.4220552], [29.1471963, 36.4220269], [29.1466776, 36.4219243], [29.1464868, 36.4218097], [29.1458215, 36.4216699], [29.1452151, 36.4216797], [29.1449714, 36.4217004]]}}, {"type": "Feature", "properties": {"category": "lycian_way", "name": "Likya Yolu", "ref": "", "relation_id": 51855, "role": ""}, "geometry": {"type": "LineString", "coordinates": [[29.1925357, 36.4117046], [29.1924944, 36.4116314], [29.1923004, 36.4116099], [29.1920415, 36.4116887], [29.1916105, 36.4119399], [29.1911188, 36.412033], [29.1910335, 36.4120177], [29.1907476, 36.4118176], [29.1905642, 36.4118167], [29.1903215, 36.4116932], [29.1901515, 36.4116992], [29.1903524, 36.411406], [29.1903464, 36.4111758], [29.1901226, 36.4107602], [29.190141, 36.4106694], [29.1899477, 36.4103148], [29.1898337, 36.4099522], [29.1897484, 36.4098555], [29.1896159, 36.4098391], [29.1894125, 36.4095995], [29.1893845, 36.4095014], [29.1891195, 36.4093584], [29.1889763, 36.4093373], [29.188501, 36.4090301], [29.1884535, 36.4088881], [29.1884989, 36.4087175], [29.1884289, 36.4085273]]}}, {"type": "Feature", "properties": {"category": "lycian_way", "name": "Likya Yolu", "ref": "", "relation_id": 51855, "role": ""}, "geometry": {"type": "LineString", "coordinates": [[29.8996611, 36.266738], [29.899958, 36.2670588], [29.9002069, 36.2673952], [29.9003085, 36.2675154], [29.9006012, 36.2680634], [29.9007692, 36.2683232], [29.9008017, 36.2684553]]}}, {"type": "Feature", "properties": {"category": "lycian_way", "name": "Likya Yolu", "ref": "", "relation_id": 51855, "role": ""}, "geometry": {"type": "LineString", "coordinates": [[29.8985179, 36.2661064], [29.8991557, 36.266521], [29.8996611, 36.266738], [29.8999445, 36.2667971], [29.9004646, 36.2670356], [29.9010088, 36.2671781], [29.9011961, 36.2674073], [29.9014895, 36.2674452], [29.9018984, 36.2673704], [29.9026182, 36.2679049], [29.9032212, 36.2681062], [29.9036692, 36.2680736], [29.9040227, 36.2681768], [29.9043267, 36.2681433], [29.9046708, 36.268621], [29.9048338, 36.2684781], [29.9059864, 36.2683095], [29.9062447, 36.2683373], [29.9066763, 36.2686313], [29.9072962, 36.2685328], [29.9075105, 36.2685401], [29.9078846, 36.2687944], [29.9080242, 36.268802], [29.9084741, 36.2690723], [29.9086653, 36.2693655], [29.9088714, 36.2694587], [29.909009, 36.2696289], [29.9092135, 36.2697132], [29.9095742, 36.269576], [29.9099072, 36.2696387], [29.9100485, 36.2697289], [29.9103286, 36.2697399], [29.9105049, 36.2697771], [29.9109047, 36.270065], [29.911384, 36.2702092], [29.911791, 36.2702301], [29.9122996, 36.270341], [29.9128892, 36.2704865], [29.9137265, 36.2704888]]}}, {"type": "Feature", "properties": {"category": "lycian_way", "name": "Likya Yolu", "ref": "", "relation_id": 51855, "role": ""}, "geometry": {"type": "LineString", "coordinates": [[29.9137265, 36.2704888], [29.9139662, 36.270666], [29.91432, 36.2707604], [29.9145988, 36.2707739], [29.9149706, 36.2708775], [29.9154707, 36.2711094], [29.915741, 36.2710717], [29.9159909, 36.2711476], [29.9163216, 36.2713555], [29.9168078, 36.27154], [29.9171294, 36.2715233], [29.9180822, 36.2712515], [29.9187552, 36.2715215], [29.9195909, 36.2714997], [29.9198293, 36.2713545], [29.920975, 36.2713688], [29.9214054, 36.2715047], [29.921886, 36.2715822], [29.9221956, 36.2717303], [29.922782, 36.2717435], [29.9236631, 36.2717325], [29.9241148, 36.2716268], [29.9245657, 36.2716316], [29.9247199, 36.2715649], [29.9251957, 36.2715932], [29.9255096, 36.2716002], [29.9259526, 36.2715156], [29.9262656, 36.2714835], [29.9266061, 36.2714283]]}}, {"type": "Feature", "properties": {"category": "lycian_way", "name": "Likya Yolu", "ref": "", "relation_id": 51855, "role": ""}, "geometry": {"type": "LineString", "coordinates": [[29.9266061, 36.2714283], [29.9270077, 36.2712777], [29.9272459, 36.2712739], [29.9273627, 36.271304], [29.9274511, 36.2712771]]}}, {"type": "Feature", "properties": {"category": "lycian_way", "name": "Likya Yolu", "ref": "", "relation_id": 51855, "role": ""}, "geometry": {"type": "LineString", "coordinates": [[29.9327524, 36.2718764], [29.9326701, 36.271942], [29.9324058, 36.2721529], [29.9318697, 36.2724138], [29.9315493, 36.272446], [29.9312412, 36.2724386], [29.9308592, 36.2724883], [29.9302614, 36.2724485], [29.9297068, 36.2723218], [29.9294168, 36.2722558], [29.9292319, 36.272067], [29.9290501, 36.2719527], [29.9288098, 36.2719602], [29.9285171, 36.2720272], [29.9282768, 36.2720347], [29.9280981, 36.2719353], [29.9280704, 36.2718186], [29.9277746, 36.2717217], [29.9276883, 36.2716323], [29.9276205, 36.2714037], [29.9274511, 36.2712771]]}}, {"type": "Feature", "properties": {"category": "lycian_way", "name": "Likya Yolu", "ref": "", "relation_id": 51855, "role": ""}, "geometry": {"type": "LineString", "coordinates": [[29.9326356, 36.2728706], [29.9326993, 36.2724385], [29.9327303, 36.2722625], [29.9327771, 36.2719962], [29.9327524, 36.2718764]]}}, {"type": "Feature", "properties": {"category": "lycian_way", "name": "Likya Yolu", "ref": "", "relation_id": 51855, "role": ""}, "geometry": {"type": "LineString", "coordinates": [[29.9326356, 36.2728706], [29.9329442, 36.2725385], [29.9330194, 36.2721559], [29.9330696, 36.2718483], [29.9333195, 36.2715955], [29.9333814, 36.2711776], [29.9335369, 36.2707608], [29.9337386, 36.2705485], [29.9339362, 36.2704724], [29.9341072, 36.2703045], [29.9343279, 36.2702707], [29.9345198, 36.2703151], [29.934803, 36.2700609], [29.9350761, 36.2698581], [29.93541, 36.2698228], [29.9357772, 36.2698493], [29.9360955, 36.2696728], [29.9364244, 36.2696987], [29.9366303, 36.2696214], [29.9368052, 36.2696968], [29.9369659, 36.2697069]]}}, {"type": "Feature", "properties": {"category": "lycian_way", "name": "Likya Yolu", "ref": "", "relation_id": 51855, "role": ""}, "geometry": {"type": "LineString", "coordinates": [[29.9378905, 36.2670922], [29.9377563, 36.2673116], [29.9375019, 36.2674658], [29.9372131, 36.2675286], [29.9369985, 36.2676281], [29.9367732, 36.2677016], [29.9366659, 36.2678054], [29.9366659, 36.2679308], [29.9367437, 36.2682228], [29.9367571, 36.2683871], [29.9370307, 36.2684844], [29.9374169, 36.2685861], [29.9374947, 36.2686553], [29.9374759, 36.2687201], [29.9374598, 36.2687829], [29.9374183, 36.2689137], [29.9372184, 36.2691981], [29.9370682, 36.2695441], [29.9369659, 36.2697069]]}}, {"type": "Feature", "properties": {"category": "lycian_way", "name": "Likya Yolu", "ref": "", "relation_id": 51855, "role": ""}, "geometry": {"type": "LineString", "coordinates": [[29.9419913, 36.2684452], [29.9416066, 36.2683138], [29.9414518, 36.2683566], [29.9413027, 36.2683198], [29.940844, 36.2684495], [29.9398997, 36.268344], [29.9394473, 36.2680129], [29.9392312, 36.2680143], [29.9388737, 36.2680557], [29.9384679, 36.2679768], [29.9380446, 36.2672304], [29.9378905, 36.2670922]]}}, {"type": "Feature", "properties": {"category": "lycian_way", "name": "Likya Yolu", "ref": "", "relation_id": 51855, "role": ""}, "geometry": {"type": "LineString", "coordinates": [[29.9419913, 36.2684452], [29.9421023, 36.268403], [29.942177, 36.2683018], [29.942306, 36.2683404], [29.942479, 36.2682752], [29.9426139, 36.268307], [29.9427677, 36.2680999], [29.9429598, 36.2680774], [29.9432101, 36.2679953], [29.9433375, 36.2678979]]}}, {"type": "Feature", "properties": {"category": "lycian_way", "name": "Likya Yolu", "ref": "", "relation_id": 51855, "role": ""}, "geometry": {"type": "LineString", "coordinates": [[29.9433375, 36.2678979], [29.9435644, 36.2679065], [29.9436891, 36.267947], [29.9437866, 36.2680107]]}}, {"type": "Feature", "properties": {"category": "lycian_way", "name": "Likya Yolu", "ref": "", "relation_id": 51855, "role": ""}, "geometry": {"type": "LineString", "coordinates": [[29.9437866, 36.2680107], [29.9439477, 36.2681183], [29.9440464, 36.2681917], [29.9440887, 36.2683665], [29.9440869, 36.2685632], [29.9440668, 36.2686869], [29.9440624, 36.2687724], [29.9442435, 36.2688281], [29.9447151, 36.268676], [29.9449871, 36.268724], [29.9452395, 36.2688111], [29.9453431, 36.2688098], [29.9455287, 36.2688831], [29.9454895, 36.2690142], [29.945486, 36.2691562], [29.9456529, 36.2692151], [29.9457102, 36.2692266], [29.9458781, 36.2691601], [29.9459017, 36.2691068], [29.9461577, 36.2690541], [29.9463161, 36.2692218], [29.9464117, 36.2692704], [29.9465715, 36.2692357], [29.9466391, 36.2691716], [29.9467995, 36.2690187], [29.9468777, 36.2687615], [29.9468735, 36.2685681], [29.9470004, 36.2684455], [29.9470451, 36.2683023], [29.9469178, 36.2681838], [29.9468827, 36.2680801], [29.9468999, 36.2679213], [29.9468157, 36.2677837], [29.9467932, 36.2676947], [29.9466852, 36.2675126], [29.9467702, 36.2675031], [29.9467653, 36.2674484], [29.946914, 36.2672738], [29.947228, 36.2672363], [29.9475824, 36.2672776], [29.9479602, 36.2673152], [29.9481343, 36.2673391], [29.9482953, 36.2673819], [29.9484331, 36.2674678], [29.9486918, 36.2675424], [29.9489074, 36.2676271], [29.9491856, 36.2676887], [29.9494806, 36.2677793], [29.9497097, 36.267826], [29.9504158, 36.2679021], [29.9508127, 36.2679406], [29.9512189, 36.2679554], [29.9514264, 36.2679639], [29.9516994, 36.2678945], [29.9519416, 36.2679754], [29.9522382, 36.2679919], [29.9524951, 36.2680464], [29.9527565, 36.2680345], [29.9528355, 36.2680238], [29.9529518, 36.2680425], [29.9530153, 36.2680434], [29.953163, 36.2681707], [29.9534719, 36.2682642], [29.9536151, 36.2682622], [29.9540501, 36.268244], [29.9545379, 36.2681715], [29.9548237, 36.2681285], [29.9548815, 36.2679649], [29.9551355, 36.2678865], [29.9554453, 36.2678612], [29.9556627, 36.2677693], [29.9558851, 36.2675767], [29.956141, 36.2673127], [29.9562047, 36.2672337], [29.956228, 36.2669601], [29.9562364, 36.2667882], [29.9562234, 36.2665889], [29.9564833, 36.2664612], [29.9566493, 36.2663198], [29.9567158, 36.2662606], [29.9567407, 36.2662022], [29.9567898, 36.2661453], [29.9569729, 36.266056], [29.9572036, 36.2659051], [29.9575093, 36.2657964], [29.9580824, 36.2657429], [29.9583854, 36.2657], [29.9585172, 36.2656713], [29.958875, 36.2656426], [29.9591508, 36.2656636], [29.9593248, 36.2656365], [29.9596288, 36.2656916], [29.9598515, 36.2656247], [29.9602299, 36.2656094], [29.9605013, 36.2656222], [29.960689, 36.2656106], [29.9610794, 36.2656046], [29.9620427, 36.2656261], [29.9622971, 36.2656921], [29.9624679, 36.2657423], [29.9627679, 36.2659051], [29.9629504, 36.2660052], [29.9632707, 36.2660826], [29.9635187, 36.2660711], [29.9638386, 36.2657755], [29.9640775, 36.2656076], [29.9643034, 36.2653854], [29.96445, 36.2651286], [29.9645605, 36.2650603], [29.9645565, 36.2648595], [29.9644792, 36.2646891], [29.9643092, 36.2644848], [29.9645896, 36.2644913], [29.9651209, 36.2646226], [29.9654858, 36.2646788], [29.9660806, 36.2644784], [29.9664666, 36.264413], [29.96685, 36.2646297], [29.9673073, 36.2648151], [29.9675203, 36.2647557], [29.967613, 36.2646963], [29.9679037, 36.2648574], [29.9681961, 36.264895], [29.9684357, 36.2649874], [29.9688593, 36.2649558]]}}, {"type": "Feature", "properties": {"category": "lycian_way", "name": "Likya Yolu", "ref": "", "relation_id": 51855, "role": ""}, "geometry": {"type": "LineString", "coordinates": [[29.9688593, 36.2649558], [29.9689401, 36.2649507], [29.9691945, 36.264715], [29.9691499, 36.2646201], [29.96926, 36.2645697], [29.9692741, 36.2644683], [29.9693487, 36.2644051], [29.9695003, 36.2642119], [29.9697314, 36.2642186], [29.9699524, 36.2643118], [29.9700968, 36.2643563], [29.9702581, 36.2642468], [29.9703521, 36.2642414], [29.9704965, 36.2640932], [29.9705491, 36.2639602], [29.9705346, 36.2637996]]}}, {"type": "Feature", "properties": {"category": "lycian_way", "name": "Likya Yolu", "ref": "", "relation_id": 51855, "role": ""}, "geometry": {"type": "LineString", "coordinates": [[29.9713281, 36.2639949], [29.9711832, 36.2639613], [29.9708895, 36.2639397], [29.9706857, 36.2638327], [29.9705346, 36.2637996]]}}, {"type": "Feature", "properties": {"category": "lycian_way", "name": "Likya Yolu", "ref": "", "relation_id": 51855, "role": ""}, "geometry": {"type": "LineString", "coordinates": [[29.972596, 36.2633214], [29.9724466, 36.2634261], [29.9721166, 36.2634369], [29.9719316, 36.2635169], [29.9716955, 36.26393], [29.9715185, 36.2639386], [29.9713281, 36.2639949]]}}, {"type": "Feature", "properties": {"category": "lycian_way", "name": "Likya Yolu", "ref": "", "relation_id": 51855, "role": ""}, "geometry": {"type": "LineString", "coordinates": [[29.972596, 36.2633214], [29.9722351, 36.2630126], [29.9720067, 36.2627839], [29.9719404, 36.2626503], [29.9719147, 36.2625077], [29.9718926, 36.262089], [29.9718336, 36.2619078], [29.9715648, 36.2614772], [29.9714382, 36.2613343]]}}, {"type": "Feature", "properties": {"category": "lycian_way", "name": "Likya Yolu", "ref": "", "relation_id": 51855, "role": ""}, "geometry": {"type": "LineString", "coordinates": [[29.9787916, 36.2630329], [29.9784133, 36.2628651], [29.9782703, 36.2628324], [29.978142, 36.2628031], [29.978022, 36.2628161], [29.9778571, 36.262871], [29.9776962, 36.2628913], [29.9774036, 36.2628786], [29.9771994, 36.2629109], [29.9771111, 36.262766], [29.9770896, 36.2627482], [29.9769569, 36.2626384], [29.9768912, 36.2625811], [29.9768, 36.2624946], [29.9767034, 36.26238], [29.9765934, 36.2623129], [29.9764486, 36.2622362], [29.9762554, 36.2620761], [29.9761152, 36.2620236], [29.975707, 36.2618641], [29.9753811, 36.2617052], [29.9752228, 36.2616371], [29.9751138, 36.2616123], [29.9750847, 36.2616057], [29.9749197, 36.2616035], [29.9747052, 36.2616133], [29.9744115, 36.2616241], [29.9742559, 36.2616317], [29.9740225, 36.2616035], [29.973812, 36.2615808], [29.9736283, 36.2615257], [29.97336, 36.2615019], [29.9732056, 36.261492], [29.9731079, 36.2614857], [29.972951, 36.2614932], [29.9726935, 36.2614867], [29.972314, 36.2614457], [29.9721718, 36.2614111], [29.9717346, 36.2613494], [29.9716367, 36.2613213], [29.9715589, 36.2612953], [29.9714382, 36.2613343]]}}, {"type": "Feature", "properties": {"category": "lycian_way", "name": "Likya Yolu", "ref": "", "relation_id": 51855, "role": ""}, "geometry": {"type": "LineString", "coordinates": [[29.9884837, 36.2598284], [29.9883614, 36.2598878], [29.9882705, 36.2599782], [29.9882222, 36.2599544], [29.9880585, 36.2598874], [29.9879942, 36.2599415], [29.9879218, 36.2599652], [29.9878933, 36.2600046], [29.9878145, 36.2599458], [29.9875462, 36.2599133], [29.9873853, 36.2599999], [29.9872512, 36.2601015], [29.9871225, 36.2602464], [29.9870366, 36.2602897], [29.9871707, 36.2603026], [29.9872684, 36.2602814], [29.987066, 36.2604861], [29.9870374, 36.2606375], [29.986924, 36.2607157], [29.9867228, 36.2607893], [29.986645, 36.2608109], [29.9863725, 36.2608265], [29.9864047, 36.2608762], [29.9865377, 36.2609385], [29.9864744, 36.2609757], [29.9862749, 36.2610077], [29.9860952, 36.2610185], [29.9859729, 36.2610016], [29.9858591, 36.2610401], [29.9857046, 36.2610514], [29.9855544, 36.2611163], [29.9854005, 36.2612218], [29.9855963, 36.2612045], [29.9858699, 36.2612478], [29.9858763, 36.2613131], [29.9857744, 36.2613585], [29.9855748, 36.261371], [29.9854783, 36.2614294], [29.98543, 36.2614878], [29.9851977, 36.2615748], [29.9849043, 36.2615592], [29.9847138, 36.26165], [29.9845486, 36.2617089], [29.9844912, 36.2618101], [29.9844708, 36.2617413], [29.9843851, 36.261724], [29.9842579, 36.2619485], [29.9841652, 36.2620181], [29.9841237, 36.2622383], [29.9840755, 36.262301], [29.983987, 36.2623053], [29.9839104, 36.262256], [29.9838219, 36.2623209], [29.9837858, 36.2624438], [29.9837387, 36.2625069], [29.9836261, 36.2625761], [29.9834961, 36.2625605], [29.9833793, 36.2625761], [29.983354, 36.2627487], [29.9834115, 36.2629265], [29.9834612, 36.2629715], [29.9834854, 36.2630623], [29.9834464, 36.2631233], [29.9833164, 36.2631683], [29.9831647, 36.2631903], [29.9830401, 36.2632245], [29.9829731, 36.2631639], [29.9827999, 36.2630476], [29.9826888, 36.2629715], [29.9825761, 36.2629066], [29.9825439, 36.2628525], [29.9824259, 36.2628157], [29.9823776, 36.2627855], [29.9823708, 36.2627297], [29.9821455, 36.2626129], [29.9821604, 36.2625476], [29.9819994, 36.2624719], [29.9818331, 36.2623572], [29.9816895, 36.2621392], [29.9815849, 36.2620679], [29.981404, 36.2620891], [29.9811599, 36.262141], [29.9811358, 36.2622426], [29.9811531, 36.2623101], [29.9810592, 36.2623771], [29.9812001, 36.2624719], [29.9811665, 36.2626021], [29.9810365, 36.2626384], [29.9809278, 36.2627188], [29.9806756, 36.2627881], [29.980543, 36.2627963], [29.9803633, 36.2627703], [29.9801687, 36.2628746], [29.979977, 36.2629131], [29.9797786, 36.2629152], [29.9795881, 36.2630104], [29.9793667, 36.2630649], [29.9791548, 36.263026], [29.9790007, 36.2629758], [29.9789364, 36.2629758], [29.9787916, 36.2630329]]}}, {"type": "Feature", "properties": {"category": "lycian_way", "name": "Likya Yolu", "ref": "", "relation_id": 51855, "role": ""}, "geometry": {"type": "LineString", "coordinates": [[29.9888296, 36.2583241], [29.9887388, 36.2584582], [29.9886529, 36.258755], [29.9885465, 36.2592347], [29.9885009, 36.259332], [29.9883239, 36.2594012], [29.9883172, 36.2594283], [29.988403, 36.2594904], [29.9884392, 36.2595732], [29.9884459, 36.2596575], [29.98845, 36.2597559], [29.9884837, 36.2598284]]}}, {"type": "Feature", "properties": {"category": "lycian_way", "name": "Likya Yolu", "ref": "", "relation_id": 51855, "role": ""}, "geometry": {"type": "LineString", "coordinates": [[30.5243351, 36.4939261], [30.5244463, 36.4940536]]}}, {"type": "Feature", "properties": {"category": "lycian_way", "name": "Likya Yolu", "ref": "", "relation_id": 51855, "role": ""}, "geometry": {"type": "LineString", "coordinates": [[30.5217507, 36.4904358], [30.5215534, 36.4907296], [30.5212332, 36.4911274], [30.5211685, 36.4913068], [30.5211847, 36.491442], [30.5212785, 36.491546], [30.5216213, 36.4915955], [30.5223619, 36.4916267], [30.5228438, 36.4916475], [30.5231026, 36.4917177], [30.5232902, 36.4918659], [30.5233678, 36.4920115], [30.5233581, 36.4923833], [30.5232869, 36.4927655], [30.5232578, 36.4930047], [30.5232255, 36.4932335], [30.5232611, 36.4933739], [30.5234131, 36.4934961], [30.5237882, 36.4936079], [30.5240631, 36.4936989], [30.5242491, 36.4938493], [30.5243351, 36.4939261]]}}, {"type": "Feature", "properties": {"category": "lycian_way", "name": "Likya Yolu", "ref": "", "relation_id": 51855, "role": ""}, "geometry": {"type": "LineString", "coordinates": [[30.5217507, 36.4904358], [30.5217116, 36.4903723], [30.5216574, 36.4903419], [30.5216344, 36.490329], [30.521581, 36.4903294]]}}, {"type": "Feature", "properties": {"category": "lycian_way", "name": "Likya Yolu", "ref": "", "relation_id": 51855, "role": ""}, "geometry": {"type": "LineString", "coordinates": [[30.5029766, 36.4688513], [30.502925, 36.46891], [30.5027428, 36.469102], [30.502505, 36.4693526], [30.5024292, 36.4694325], [30.5024109, 36.4697441], [30.5024365, 36.4697972], [30.5025055, 36.4699404], [30.5030486, 36.4701342], [30.5033232, 36.4704017], [30.5035703, 36.4704949], [30.5040585, 36.4706323], [30.5044185, 36.4705415], [30.504681, 36.470538], [30.505505, 36.470624], [30.5056786, 36.4705538], [30.5057702, 36.4704164], [30.5057214, 36.4701538], [30.506036, 36.46997], [30.5063804, 36.4699944], [30.5068869, 36.470041], [30.5072439, 36.4700336], [30.5074014, 36.469782], [30.5074666, 36.4696778], [30.5080632, 36.4695115], [30.5083241, 36.4695372], [30.5085682, 36.4696452], [30.5087924, 36.4698636], [30.5091678, 36.4700283], [30.5091916, 36.4700838], [30.5092887, 36.4701081], [30.5094354, 36.4700682], [30.5097669, 36.4700905], [30.510241, 36.470273], [30.510438, 36.4705], [30.511079, 36.470661], [30.511366, 36.470541], [30.511699, 36.470488], [30.512034, 36.47053], [30.512349, 36.470427], [30.5127109, 36.4702706], [30.512861, 36.470442], [30.512962, 36.470715], [30.513194, 36.470921], [30.5132782, 36.4709643], [30.513334, 36.4709704], [30.5133972, 36.4709773], [30.5134661, 36.4710306], [30.5134513, 36.4711066], [30.5132623, 36.471222], [30.5131547, 36.4713309], [30.512876, 36.471728], [30.512578, 36.471919], [30.511823, 36.472582], [30.5118309, 36.4727911], [30.512061, 36.473007], [30.511979, 36.473318], [30.51162, 36.47378], [30.511041, 36.474176], [30.510967, 36.474473], [30.510755, 36.474709], [30.510962, 36.474772], [30.511945, 36.474652], [30.512212, 36.474774], [30.512518, 36.475181], [30.512853, 36.475191], [30.513212, 36.475188], [30.51363, 36.474755], [30.514321, 36.47466], [30.5145206, 36.474732], [30.5144822, 36.4749345], [30.514302, 36.474985], [30.5141986, 36.4750187], [30.514183, 36.475193], [30.514292, 36.475436], [30.514281, 36.47573], [30.514566, 36.475902], [30.514898, 36.475998], [30.51524, 36.476815], [30.5154905, 36.4769915], [30.5157139, 36.4769847], [30.51577, 36.477087], [30.515411, 36.477142], [30.515055, 36.477097], [30.5145819, 36.4770088], [30.514582, 36.477211], [30.51452, 36.477465], [30.51484, 36.477621], [30.515389, 36.478421], [30.5155079, 36.4789715], [30.5152259, 36.4793731], [30.5152489, 36.4795294], [30.5148479, 36.4794987], [30.514573, 36.479519], [30.514094, 36.479917], [30.514245, 36.480099], [30.514436, 36.480322], [30.514733, 36.480426], [30.515069, 36.480479], [30.515349, 36.480639], [30.515715, 36.481088], [30.5157963, 36.4814451], [30.5158132, 36.481834], [30.5158879, 36.4819986], [30.5158153, 36.4823722], [30.5158049, 36.4825052], [30.5158631, 36.482611], [30.5159728, 36.4827254], [30.5160611, 36.4829823], [30.5164422, 36.4835861], [30.5165068, 36.4840253], [30.5164901, 36.4844646], [30.5165499, 36.4845411], [30.5166572, 36.4845605], [30.5168071, 36.4845056], [30.5169435, 36.4844956], [30.5170043, 36.4845736], [30.517052, 36.484853], [30.5171726, 36.4849977], [30.517261, 36.48522], [30.5173309, 36.4855213], [30.5173167, 36.4857884], [30.5172, 36.4858992], [30.5167828, 36.486079], [30.5166834, 36.486184], [30.5167298, 36.4862696], [30.5172724, 36.4867464], [30.5173126, 36.4870777], [30.5172661, 36.4873221], [30.5170854, 36.4875493], [30.5170943, 36.4876671], [30.517559, 36.4878782], [30.517571, 36.488034], [30.5174704, 36.4882594], [30.5175307, 36.4883208], [30.5176522, 36.4883396], [30.5182457, 36.4881944], [30.5184768, 36.4881939], [30.5187481, 36.4882566], [30.519033, 36.4880367], [30.5191615, 36.4879944], [30.5192773, 36.4880274], [30.5194615, 36.4881096], [30.5205583, 36.4880181], [30.5208527, 36.4880443], [30.5211481, 36.4879349], [30.5212473, 36.487954], [30.5212603, 36.4880286], [30.5209625, 36.4882211], [30.5205526, 36.4884327], [30.5203045, 36.4885646], [30.5201883, 36.4889174], [30.519804, 36.4890017], [30.5194992, 36.4892269], [30.5194415, 36.4894076], [30.5196572, 36.489614], [30.5196421, 36.4898187], [30.5195685, 36.4900491], [30.5195571, 36.4902869], [30.5197059, 36.4903734], [30.5199222, 36.4902529], [30.5201073, 36.4901965], [30.5205955, 36.4901472], [30.5209774, 36.4901096], [30.521581, 36.4903294]]}}, {"type": "Feature", "properties": {"category": "lycian_way", "name": "Likya Yolu", "ref": "", "relation_id": 51855, "role": ""}, "geometry": {"type": "LineString", "coordinates": [[30.5265098, 36.6808783], [30.5264971, 36.6807921], [30.5264559, 36.6807313], [30.5264358, 36.6806848], [30.5264597, 36.6805768], [30.5265132, 36.6804602], [30.5266094, 36.6804093], [30.5267785, 36.6803637], [30.526837, 36.6802925], [30.5268924, 36.6802726], [30.5269336, 36.6802418], [30.5270012, 36.6801858], [30.5270462, 36.6800329], [30.5271144, 36.6799943], [30.5271568, 36.6799608], [30.5272039, 36.6799339], [30.5273531, 36.6798944], [30.5275635, 36.6798379]]}}, {"type": "Feature", "properties": {"category": "lycian_way", "name": "Likya Yolu", "ref": "", "relation_id": 51855, "role": ""}, "geometry": {"type": "LineString", "coordinates": [[30.5275635, 36.6798379], [30.5275063, 36.6797858], [30.5274639, 36.6797488], [30.527346, 36.6796576], [30.5273031, 36.6795994], [30.5272726, 36.6795904], [30.5272557, 36.6795685], [30.5272374, 36.6795136], [30.5271806, 36.6794556], [30.5271401, 36.679375], [30.5271015, 36.6793362], [30.5270662, 36.6792788], [30.5270447, 36.6792467], [30.5269416, 36.6792117], [30.5267761, 36.6791854], [30.5266081, 36.6791465], [30.5264325, 36.6790627], [30.5262778, 36.679023], [30.526185, 36.6789742], [30.5261224, 36.6789126], [30.5260747, 36.6788603], [30.5260281, 36.6788024], [30.5260165, 36.6787668], [30.5259841, 36.6786992], [30.5259657, 36.6785805], [30.5259073, 36.6785184], [30.5258734, 36.6784615], [30.5258203, 36.6783982], [30.5257729, 36.6783291], [30.5257225, 36.6782556], [30.5257063, 36.6781976], [30.5256729, 36.6781443], [30.5256265, 36.678102], [30.5255921, 36.6780429], [30.5256313, 36.6779833], [30.525597, 36.6779322], [30.5255168, 36.6779653], [30.5254696, 36.6779566], [30.5254723, 36.6779021], [30.5254411, 36.6778327], [30.5253986, 36.6777743], [30.5253531, 36.6777178], [30.5253147, 36.6776383], [30.5252757, 36.6775855], [30.5252434, 36.6775343], [30.5252068, 36.6774631], [30.5252046, 36.6773999], [30.5251861, 36.677351], [30.525202, 36.6772914], [30.525202, 36.677206], [30.5251963, 36.6771321], [30.5252242, 36.6770771], [30.5252445, 36.677005], [30.5252671, 36.6769505], [30.525285, 36.6768414], [30.525292, 36.6767089], [30.5252951, 36.6766061], [30.525264, 36.6765081], [30.5252091, 36.6763991], [30.5252584, 36.6762915], [30.5253144, 36.6762129], [30.5253636, 36.6761435], [30.5254161, 36.6760599], [30.525397, 36.6760275], [30.5253209, 36.6760043], [30.5252594, 36.6760146], [30.5252178, 36.6760072], [30.525162, 36.6760071], [30.5251117, 36.6759837], [30.5250078, 36.6759494], [30.5249955, 36.6759171], [30.5249852, 36.6758892], [30.5249784, 36.6758763], [30.524956, 36.6758553], [30.5249175, 36.6758359], [30.5248419, 36.675806], [30.524781, 36.675816], [30.5247257, 36.6757787], [30.524777, 36.6757408], [30.5247984, 36.675725], [30.5247952, 36.6756502], [30.5246988, 36.6756673], [30.5246084, 36.6757087], [30.5246007, 36.6757558], [30.5244894, 36.6757518], [30.5244707, 36.6757855], [30.524451, 36.675781], [30.524396, 36.6757686], [30.524353, 36.6757533], [30.5242819, 36.6756876], [30.5241039, 36.6756315], [30.5240876, 36.675622], [30.5240361, 36.6755811], [30.5240067, 36.6755152], [30.5239837, 36.6754533], [30.5238702, 36.6754079], [30.5237784, 36.6753278], [30.5236878, 36.6753281], [30.5236176, 36.6753191], [30.5233734, 36.6753384], [30.5232319, 36.6753036], [30.5231596, 36.6752821], [30.5231445, 36.6752445], [30.5231321, 36.6751963], [30.5230954, 36.6751525], [30.5230396, 36.6751271], [30.5229229, 36.6751446], [30.5227487, 36.6752201], [30.5225595, 36.6753143], [30.5224205, 36.6754386], [30.5222899, 36.6755488], [30.5222065, 36.6756539], [30.5221577, 36.6757403], [30.5220863, 36.6758055], [30.5220516, 36.6758492], [30.5220077, 36.6759125], [30.5219918, 36.6759238], [30.5219316, 36.6760021], [30.5218993, 36.6759659], [30.521896, 36.6759058], [30.5218927, 36.6758527], [30.5218953, 36.6758041], [30.5218783, 36.6757809], [30.5218492, 36.6757367], [30.5218177, 36.6756889], [30.5218014, 36.6756374], [30.5217691, 36.6755773], [30.5217418, 36.6755361], [30.5217468, 36.6754757], [30.5217537, 36.6753827], [30.5217708, 36.6753167], [30.5217827, 36.6752707], [30.5217896, 36.6751985], [30.521824, 36.6750909], [30.5218368, 36.6750045], [30.521879, 36.6749266], [30.5219248, 36.6748007], [30.5219688, 36.6747664], [30.5219922, 36.6747426], [30.5219941, 36.6747125], [30.5219844, 36.6746902], [30.521961, 36.6746785], [30.5219301, 36.6746802], [30.5218966, 36.674694], [30.5218615, 36.6746855], [30.52184, 36.6746759], [30.5217942, 36.6746465], [30.5217212, 36.674641], [30.5216173, 36.674606], [30.5214812, 36.674498], [30.5214032, 36.674433], [30.5214008, 36.6743646], [30.5214255, 36.6742844], [30.5214535, 36.6741681], [30.5214752, 36.674079], [30.5214464, 36.6739832], [30.5214123, 36.6739021], [30.5213966, 36.6738037], [30.5214061, 36.6737477], [30.5213866, 36.6736315], [30.5213481, 36.6735058], [30.5212992, 36.6734691], [30.521273, 36.6734157], [30.5212132, 36.6733695], [30.5211585, 36.6732938], [30.521097, 36.6731993], [30.5210657, 36.673132], [30.5210756, 36.6730996], [30.521055, 36.6730503], [30.5210305, 36.6728996], [30.5210319, 36.6727263], [30.5210104, 36.6726095], [30.5210144, 36.6725514], [30.5210294, 36.6724741], [30.5210195, 36.6723934], [30.5209998, 36.6723252], [30.5209339, 36.6722005], [30.5209033, 36.6721715], [30.5208942, 36.6721108], [30.5208047, 36.6720174], [30.5207591, 36.6719637], [30.5206827, 36.6719374], [30.5206265, 36.6719385], [30.5205273, 36.6719309], [30.5204023, 36.6719624], [30.520283, 36.6719833], [30.5201887, 36.6719928], [30.5201158, 36.6719561], [30.5200559, 36.6719293], [30.5199992, 36.6718845], [30.5199665, 36.6718582], [30.5199665, 36.6718376], [30.5199501, 36.6718095], [30.5199549, 36.6717572], [30.5199104, 36.6717178], [30.519918, 36.6716906], [30.5199823, 36.671712], [30.520004, 36.6716814], [30.5199688, 36.671641], [30.5198591, 36.6715998], [30.5197797, 36.6716017], [30.5196606, 36.6715979], [30.5195683, 36.6716653], [30.5194952, 36.6717], [30.5194364, 36.6717253], [30.5193337, 36.671729], [30.5192216, 36.6717197], [30.5191099, 36.6717271], [30.5190382, 36.6717386], [30.5190084, 36.6717841], [30.5188408, 36.6718882], [30.5186514, 36.6719786], [30.518587, 36.6720386], [30.5185359, 36.6721847], [30.518557, 36.6723043], [30.518539, 36.672364], [30.5184614, 36.6725068], [30.518443, 36.672656], [30.5184037, 36.6727028], [30.5182578, 36.6727846], [30.5181296, 36.6728968], [30.5180244, 36.672966], [30.5178934, 36.6730656], [30.5178698, 36.6732064], [30.5178284, 36.673334], [30.5177628, 36.673437], [30.5177483, 36.6734751], [30.5177268, 36.6735063], [30.5177134, 36.6735299], [30.5177094, 36.6735482], [30.5177027, 36.6735665], [30.5177252, 36.673579], [30.5176848, 36.6736089], [30.5176247, 36.6736232], [30.517574, 36.6735826], [30.5175136, 36.6735568], [30.5174933, 36.673477], [30.5174219, 36.6734672], [30.5173889, 36.6734805], [30.5173211, 36.6734898], [30.5172863, 36.6735115], [30.5172032, 36.673521], [30.5171096, 36.6734865], [30.5169126, 36.6733914], [30.5168209, 36.6733612], [30.5165684, 36.6733463], [30.5163987, 36.6733513], [30.5162147, 36.6733613], [30.5161191, 36.6733726], [30.5160101, 36.6734022], [30.5158661, 36.6734521], [30.5157803, 36.6734273], [30.5157015, 36.673445], [30.5155688, 36.6734322], [30.5154431, 36.6734592], [30.5153405, 36.6734436], [30.5152945, 36.6734691], [30.5151936, 36.6735075], [30.515107, 36.6734865], [30.5149777, 36.6735742], [30.5148556, 36.6736295], [30.5147884, 36.6736437], [30.5147212, 36.6736737], [30.5146762, 36.6736857], [30.5145919, 36.6736707], [30.5145249, 36.6736848], [30.5144805, 36.6737303], [30.5144575, 36.6737956], [30.5143672, 36.6739034], [30.5142673, 36.6740513], [30.5141795, 36.6742318], [30.5140758, 36.6743588], [30.5139806, 36.674416], [30.5138186, 36.6744783], [30.5137284, 36.6745336], [30.513601, 36.674524], [30.513554, 36.674581], [30.5133648, 36.6745761], [30.5131525, 36.6746455], [30.5129763, 36.67465], [30.5128347, 36.6746315], [30.5127675, 36.6746102], [30.5126666, 36.6746074], [30.5126312, 36.6746032], [30.5125799, 36.6746188], [30.5125481, 36.6746088], [30.5124985, 36.6746159], [30.512479, 36.6746145], [30.512452, 36.6746187], [30.5123926, 36.6746302], [30.5123127, 36.6745833], [30.5122543, 36.6745464], [30.5121546, 36.6745512], [30.5120844, 36.6745109], [30.5120272, 36.6745516], [30.5119517, 36.6745152], [30.5118475, 36.6745499], [30.51175, 36.6746727], [30.5116562, 36.6747465], [30.51155, 36.6748075], [30.511481, 36.6748246], [30.5113872, 36.6748373], [30.5113377, 36.674826], [30.5112828, 36.6748317], [30.5112218, 36.6747993], [30.511189, 36.6747749], [30.5111589, 36.6747678], [30.5111501, 36.6747422], [30.5111165, 36.6747309], [30.5110775, 36.6747011], [30.5110103, 36.6747025], [30.5109961, 36.6747522], [30.5109149, 36.6747857], [30.5109116, 36.6748302], [30.5108546, 36.6748686], [30.5107006, 36.6749395], [30.5106847, 36.6748501], [30.5107254, 36.674721], [30.510684, 36.674603], [30.510628, 36.6745833], [30.510552, 36.6746358], [30.5104918, 36.6746741], [30.5104139, 36.674711], [30.5103573, 36.6747153], [30.510306, 36.6746628], [30.5103884, 36.6745323], [30.5103356, 36.674294], [30.5101612, 36.6744805], [30.5101302, 36.67439], [30.5100724, 36.6742469], [30.5099963, 36.674122], [30.5099765, 36.6738819], [30.5098506, 36.6736438], [30.5100646, 36.6734687], [30.5098909, 36.673369], [30.5094176, 36.673384], [30.5092212, 36.6734365], [30.5090602, 36.6733868], [30.5091303, 36.6731814], [30.5094053, 36.672987], [30.50957, 36.6730391], [30.5095256, 36.6729227], [30.5093769, 36.6728333], [30.509315, 36.6727708], [30.5091911, 36.6727481], [30.5091734, 36.6726536], [30.5090549, 36.6725267], [30.5090807, 36.6724467], [30.5090984, 36.672392], [30.5090949, 36.672315], [30.5090381, 36.6721238], [30.5088884, 36.6721021], [30.508722, 36.6721808], [30.5085246, 36.6723278], [30.5084313, 36.6724294], [30.5083948, 36.672487], [30.508302, 36.6726218], [30.5080086, 36.6728851], [30.5078969, 36.6729954], [30.5077864, 36.6732271], [30.5078074, 36.6733993], [30.5078557, 36.6735843], [30.5078047, 36.6735907], [30.5077484, 36.6735348], [30.5076722, 36.6735454], [30.5077074, 36.6736669], [30.5077685, 36.6738312], [30.5077837, 36.6738708], [30.5076243, 36.673867], [30.5073917, 36.6736983], [30.5071717, 36.6734617], [30.5070215, 36.6732315], [30.5068928, 36.6730787], [30.5068137, 36.673111], [30.5066849, 36.6734402], [30.50665, 36.6734839], [30.5065455, 36.6736149], [30.5064911, 36.6736558], [30.5064623, 36.6737714], [30.50641, 36.6737994], [30.5063738, 36.6737123], [30.5063121, 36.6735993], [30.5062222, 36.6735079], [30.506123, 36.6735101], [30.506013, 36.6735886], [30.5060077, 36.673651], [30.5060372, 36.6736983], [30.5061297, 36.6737327], [30.5061458, 36.6738672], [30.5061173, 36.6739091], [30.5061083, 36.6739704], [30.5060707, 36.6740586], [30.5060586, 36.6741103], [30.5060828, 36.6741522], [30.5061323, 36.6742798], [30.5061713, 36.6743308], [30.506174, 36.6743792], [30.5061646, 36.6744114], [30.5061391, 36.6744179], [30.5060573, 36.6743534], [30.5059661, 36.6742867], [30.5059111, 36.6742576], [30.5058789, 36.6742856], [30.5059259, 36.6743501], [30.5059004, 36.6743749], [30.5058695, 36.6743706], [30.5057931, 36.6743587], [30.5056442, 36.6743803], [30.5054444, 36.6743921], [30.5053143, 36.6743856], [30.5052835, 36.6743555], [30.5052553, 36.6742211], [30.5052325, 36.6740823], [30.5051909, 36.6739575], [30.5050944, 36.6738467], [30.5051239, 36.6737413], [30.5050863, 36.6736456], [30.5050618, 36.6735349], [30.5050863, 36.6734681], [30.5050877, 36.6734079], [30.5051279, 36.6733197], [30.5050662, 36.6731885], [30.5049147, 36.6730777], [30.5048718, 36.6730744], [30.5048355, 36.6730787], [30.5048557, 36.673211], [30.5048382, 36.6732681], [30.5047953, 36.6732702], [30.5047008, 36.6732132], [30.5045807, 36.6731777], [30.5044198, 36.6731842], [30.5041489, 36.6731261], [30.5039102, 36.6731196], [30.5037466, 36.6729755], [30.5035374, 36.6729303], [30.5033013, 36.6729991], [30.5031833, 36.6729733], [30.5031592, 36.6728937], [30.5031376, 36.6727322], [30.5031404, 36.6726162], [30.5031753, 36.6724721], [30.5031484, 36.6723236], [30.5030554, 36.6721507], [30.5029607, 36.6720805], [30.5028373, 36.6719579], [30.5027863, 36.6718417], [30.5028319, 36.6717277], [30.502899, 36.6716266], [30.5028963, 36.671532], [30.5027005, 36.6713426], [30.5025154, 36.6711813], [30.5023974, 36.6709188], [30.5023009, 36.6707252], [30.5022258, 36.6705423], [30.5021828, 36.6704133], [30.5020648, 36.6702756], [30.5019334, 36.6701551], [30.5017751, 36.6700992], [30.501692, 36.6701379], [30.5016437, 36.6703487], [30.5016196, 36.6704799], [30.5016357, 36.6706198], [30.5015693, 36.6707044], [30.5015311, 36.6708371], [30.5014721, 36.6708736], [30.5013701, 36.6708822], [30.5012548, 36.6708306], [30.5011877, 36.67085], [30.501177, 36.6709253], [30.5011862, 36.6710529], [30.5013327, 36.6711564], [30.5013549, 36.6712633], [30.5013712, 36.6713627], [30.5013691, 36.6714475], [30.5013874, 36.6715893], [30.5014322, 36.6717116], [30.5015391, 36.6718869], [30.5014506, 36.6720676], [30.5014862, 36.6722154], [30.5015391, 36.6724011], [30.5015418, 36.6726323], [30.5014972, 36.6727926], [30.5014238, 36.6729561], [30.5014265, 36.6730701], [30.5013996, 36.6732433], [30.5012856, 36.6733175], [30.5011444, 36.6734035], [30.5010602, 36.6734578], [30.5010483, 36.6735542], [30.5010778, 36.6736736], [30.5010456, 36.6736983], [30.5009799, 36.6737005], [30.5008927, 36.673694], [30.5008806, 36.6737392], [30.5009276, 36.6737887], [30.5011062, 36.6738405], [30.501211, 36.6738574], [30.501309, 36.6738856], [30.5014558, 36.673942], [30.5014993, 36.674025], [30.5013409, 36.6740356], [30.5011852, 36.6740468], [30.5009509, 36.6740876], [30.500582, 36.6741151], [30.5003141, 36.6740447], [30.5002145, 36.6738954], [30.5000931, 36.6737147], [30.5000356, 36.6736831], [30.4998747, 36.6739179], [30.4996444, 36.6741589], [30.4996214, 36.6744057], [30.4996901, 36.6745178], [30.4998656, 36.6745937], [30.4999452, 36.6746488], [30.499918, 36.674717], [30.4998333, 36.6747586], [30.4997288, 36.6747398], [30.4995828, 36.674827], [30.4995198, 36.6748872], [30.4994293, 36.6749312], [30.4993375, 36.6749614], [30.4992095, 36.6749081], [30.4991243, 36.6748381], [30.4988384, 36.6748505], [30.4987563, 36.6749031], [30.4987338, 36.6749919], [30.4987116, 36.6750454], [30.4986921, 36.6750925], [30.498685, 36.6751656], [30.4985121, 36.6753125], [30.4984636, 36.6754885], [30.4983676, 36.6755364], [30.4983035, 36.6754796], [30.4981984, 36.6749455], [30.4981944, 36.6746649], [30.4981567, 36.6745755], [30.4979998, 36.6745687], [30.4979217, 36.6746346], [30.4977959, 36.6746936], [30.4977276, 36.6748112], [30.4976328, 36.6749642], [30.4975954, 36.6750152], [30.4975064, 36.6750056], [30.4974231, 36.6750381], [30.4973443, 36.6751044], [30.4972321, 36.6752921], [30.4974613, 36.675489], [30.497476, 36.675547], [30.4974215, 36.6755526], [30.4972436, 36.6754836], [30.4971562, 36.675709], [30.4970177, 36.6758111], [30.4968206, 36.6760005], [30.49662, 36.676038], [30.4965649, 36.6759442], [30.4964828, 36.6759427], [30.4964563, 36.6757997], [30.4962734, 36.675816], [30.4960698, 36.6757386], [30.4959681, 36.6756837], [30.495848, 36.675715], [30.4957222, 36.6756978], [30.4956998, 36.6757272], [30.4955442, 36.6757459], [30.4954035, 36.6757425], [30.4952784, 36.6757134], [30.4951503, 36.6756339], [30.4951323, 36.6757353], [30.4950606, 36.6757554], [30.4949721, 36.6757492], [30.4948108, 36.6758409], [30.4947212, 36.676091], [30.4946303, 36.6763084], [30.494477, 36.6765411], [30.4944466, 36.6768781], [30.4944395, 36.6770526], [30.4942769, 36.6772124], [30.4941123, 36.6772336], [30.4939553, 36.6772434], [30.4936161, 36.6774832], [30.4935674, 36.6775176], [30.4934283, 36.6777329], [30.4931711, 36.6779134], [30.4928479, 36.6780878], [30.4924027, 36.678202], [30.492106, 36.6781645], [30.4919047, 36.6782378], [30.491025, 36.678836], [30.4908077, 36.6789201], [30.4906295, 36.6789734], [30.49039, 36.67874], [30.4899838, 36.6785851], [30.4898037, 36.6784643], [30.4893557, 36.6783177], [30.4892032, 36.6783503], [30.4888724, 36.6783824], [30.488563, 36.678255], [30.4881994, 36.6780954], [30.4880965, 36.6780253], [30.4879519, 36.6780287], [30.4875741, 36.6781107], [30.487282, 36.6781407], [30.4870945, 36.6782492]]}}, {"type": "Feature", "properties": {"category": "lycian_way", "name": "Likya Yolu", "ref": "", "relation_id": 51855, "role": ""}, "geometry": {"type": "LineString", "coordinates": [[30.4870945, 36.6782492], [30.4870403, 36.678291], [30.4870202, 36.6783089], [30.4869476, 36.6783222]]}}, {"type": "Feature", "properties": {"category": "lycian_way", "name": "Likya Yolu", "ref": "", "relation_id": 51855, "role": ""}, "geometry": {"type": "LineString", "coordinates": [[30.4869476, 36.6783222], [30.4869315, 36.67831], [30.4869161, 36.6782994]]}}, {"type": "Feature", "properties": {"category": "lycian_way", "name": "Likya Yolu", "ref": "", "relation_id": 51855, "role": ""}, "geometry": {"type": "LineString", "coordinates": [[30.4869161, 36.6782994], [30.4867199, 36.6782632], [30.4865133, 36.6782395]]}}, {"type": "Feature", "properties": {"category": "lycian_way", "name": "Likya Yolu", "ref": "", "relation_id": 51855, "role": ""}, "geometry": {"type": "LineString", "coordinates": [[30.4865133, 36.6782395], [30.4864302, 36.6780911], [30.4863555, 36.6779929], [30.4861541, 36.677871]]}}, {"type": "Feature", "properties": {"category": "lycian_way", "name": "Likya Yolu", "ref": "", "relation_id": 51855, "role": ""}, "geometry": {"type": "LineString", "coordinates": [[30.4861541, 36.677871], [30.4860449, 36.677733]]}}, {"type": "Feature", "properties": {"category": "lycian_way", "name": "Likya Yolu", "ref": "", "relation_id": 51855, "role": ""}, "geometry": {"type": "LineString", "coordinates": [[30.4860449, 36.677733], [30.4860713, 36.6775738], [30.4860313, 36.6774005], [30.4860586, 36.6773151], [30.4860217, 36.6772658], [30.4860942, 36.6771444], [30.4861114, 36.6770258], [30.486083, 36.6769597], [30.4860762, 36.6769628], [30.4860305, 36.6769179]]}}, {"type": "Feature", "properties": {"category": "lycian_way", "name": "Likya Yolu", "ref": "", "relation_id": 51855, "role": ""}, "geometry": {"type": "LineString", "coordinates": [[30.4806649, 36.6758525], [30.4809289, 36.6759807], [30.481074, 36.676], [30.4813747, 36.6760865], [30.4815893, 36.6762094], [30.4817269, 36.6763261], [30.481781, 36.6764839], [30.4817892, 36.6766536], [30.4818877, 36.6767539], [30.4821224, 36.6768654], [30.4823345, 36.6769251], [30.4824686, 36.6769144], [30.4826371, 36.6769832], [30.4829085, 36.6770693], [30.4832192, 36.6771207], [30.4833482, 36.6771622], [30.4834182, 36.6772713], [30.4835256, 36.6773635], [30.4836819, 36.6774251], [30.4838821, 36.6774543], [30.4840833, 36.6774694], [30.4842657, 36.6774328], [30.484412, 36.67742], [30.4850677, 36.6773253], [30.48536, 36.6772951], [30.4856443, 36.6771747], [30.4860305, 36.6769179]]}}, {"type": "Feature", "properties": {"category": "lycian_way", "name": "Likya Yolu", "ref": "", "relation_id": 51855, "role": ""}, "geometry": {"type": "LineString", "coordinates": [[30.4696459, 36.6791829], [30.46956, 36.678966], [30.469613, 36.6788424], [30.4697812, 36.6788247], [30.4698631, 36.6787066], [30.4697311, 36.6785213], [30.4698892, 36.6783823], [30.470273, 36.6785571], [30.4704092, 36.678468], [30.4703509, 36.6777203], [30.470349, 36.677588], [30.4704648, 36.6775458], [30.4708144, 36.6776597], [30.471127, 36.677735], [30.4717442, 36.6774669], [30.4724004, 36.6774404], [30.472944, 36.677431], [30.4730506, 36.6773563], [30.4729769, 36.6772402], [30.4731451, 36.6769134], [30.4733019, 36.6767576], [30.473493, 36.676692], [30.473568, 36.6765883], [30.4736455, 36.6765465], [30.4739561, 36.6765418], [30.4741618, 36.6766026], [30.4743956, 36.6766122], [30.4743694, 36.6764551], [30.4745541, 36.6763819], [30.4747832, 36.6763769], [30.4749014, 36.6764553], [30.4749621, 36.6764819], [30.4752047, 36.6764199], [30.4752134, 36.6762544], [30.4753358, 36.6762041], [30.4754301, 36.6761306], [30.4756941, 36.6763359], [30.475896, 36.676363], [30.4760659, 36.6762574], [30.4763217, 36.6762275], [30.476531, 36.6761004], [30.4768875, 36.6759672], [30.4771357, 36.6760167], [30.477249, 36.676039], [30.4774243, 36.6760509], [30.477583, 36.676094], [30.4779312, 36.6760864], [30.4781113, 36.6760817], [30.478334, 36.6760435], [30.4786558, 36.6760516], [30.478825, 36.6760046], [30.4791591, 36.6759118], [30.4795443, 36.6758916], [30.4798157, 36.675881], [30.4800973, 36.6758302], [30.4804052, 36.6758529], [30.4805776, 36.6758634], [30.4806649, 36.6758525]]}}, {"type": "Feature", "properties": {"category": "lycian_way", "name": "Likya Yolu", "ref": "", "relation_id": 51855, "role": ""}, "geometry": {"type": "LineString", "coordinates": [[30.4600096, 36.6745303], [30.4602959, 36.6745302], [30.4607199, 36.6743423], [30.461095, 36.6741161], [30.4611718, 36.6740874], [30.4613313, 36.6740317], [30.4616487, 36.6740364], [30.4620158, 36.6740592], [30.4622561, 36.6741275], [30.4624763, 36.6742442], [30.4625009, 36.6742541], [30.4627858, 36.6742876], [30.462971, 36.6742931], [30.4630681, 36.6743222], [30.4631317, 36.674351], [30.4631595, 36.6745014], [30.4631996, 36.6746637], [30.4633229, 36.6748902], [30.4634243, 36.6750134], [30.4634671, 36.6750844], [30.4635372, 36.6751859], [30.4636178, 36.6753352], [30.4636161, 36.6757483], [30.4636477, 36.676068], [30.4635837, 36.6762634], [30.463515, 36.6763899], [30.4634936, 36.676478], [30.4635478, 36.6765004], [30.4636103, 36.6765317], [30.4636995, 36.6765827], [30.4638025, 36.676663], [30.4638768, 36.6767209], [30.4640098, 36.6768431], [30.4641731, 36.6770563], [30.4642258, 36.677183], [30.4642551, 36.6774115], [30.4642836, 36.6777106], [30.4642792, 36.6777935], [30.464233, 36.678112], [30.464391, 36.678521], [30.4646902, 36.6785073], [30.465305, 36.678242], [30.465461, 36.678081], [30.4659857, 36.6779279], [30.4661969, 36.6777487], [30.4664601, 36.6776589], [30.466709, 36.6776245], [30.4669164, 36.677679], [30.467035, 36.6778291], [30.4671955, 36.6780316], [30.4672235, 36.6782067], [30.4673134, 36.6783906], [30.467823, 36.678507], [30.467868, 36.678584], [30.467875, 36.67867], [30.4678485, 36.6788423], [30.4676675, 36.6790337], [30.4675274, 36.6791926], [30.4674046, 36.6792882], [30.4673769, 36.6794167], [30.4674971, 36.6795155], [30.4676665, 36.679476], [30.4677189, 36.6794438], [30.4678696, 36.6795227], [30.467933, 36.6795872], [30.4681256, 36.6796489], [30.4683783, 36.6795723], [30.468916, 36.679501], [30.469225, 36.679281], [30.469544, 36.679258], [30.4696459, 36.6791829]]}}, {"type": "Feature", "properties": {"category": "lycian_way", "name": "Likya Yolu", "ref": "", "relation_id": 51855, "role": ""}, "geometry": {"type": "LineString", "coordinates": [[30.4578615, 36.6723226], [30.4582292, 36.6723874], [30.4584642, 36.6725582], [30.4589393, 36.6726173], [30.4590356, 36.6728461], [30.4592213, 36.6729558], [30.4594324, 36.6730099], [30.4596182, 36.6730227], [30.4598557, 36.6731193], [30.4598472, 36.6733855], [30.4599518, 36.6735216], [30.4600358, 36.6736375], [30.4601171, 36.673756], [30.4599924, 36.6741884], [30.4600096, 36.6745303]]}}, {"type": "Feature", "properties": {"category": "lycian_way", "name": "Likya Yolu", "ref": "", "relation_id": 51855, "role": ""}, "geometry": {"type": "LineString", "coordinates": [[30.4578615, 36.6723226], [30.457756, 36.6722698], [30.4575672, 36.6721282], [30.4575112, 36.6719072], [30.4569835, 36.6716675], [30.4568464, 36.6715709]]}}, {"type": "Feature", "properties": {"category": "lycian_way", "name": "Likya Yolu", "ref": "", "relation_id": 51855, "role": ""}, "geometry": {"type": "LineString", "coordinates": [[30.4559415, 36.6714845], [30.4561874, 36.6715375], [30.4563756, 36.6715021], [30.4564706, 36.6715454], [30.4565019, 36.6715597], [30.4568464, 36.6715709]]}}, {"type": "Feature", "properties": {"category": "lycian_way", "name": "Likya Yolu", "ref": "", "relation_id": 51855, "role": ""}, "geometry": {"type": "LineString", "coordinates": [[30.4557484, 36.6702124], [30.4557909, 36.6703811], [30.4559314, 36.6707613], [30.4559092, 36.6712413], [30.4559415, 36.6714845]]}}, {"type": "Feature", "properties": {"category": "lycian_way", "name": "Likya Yolu", "ref": "", "relation_id": 51855, "role": ""}, "geometry": {"type": "LineString", "coordinates": [[30.4546325, 36.6698233], [30.4546775, 36.6698975], [30.4547763, 36.6699946], [30.4548163, 36.670048], [30.4550149, 36.670096], [30.4552008, 36.6701019], [30.4552425, 36.6700344], [30.4553552, 36.6700259], [30.4554271, 36.6700637], [30.4555335, 36.6701439], [30.4557484, 36.6702124]]}}, {"type": "Feature", "properties": {"category": "lycian_way", "name": "Likya Yolu", "ref": "", "relation_id": 51855, "role": ""}, "geometry": {"type": "LineString", "coordinates": [[30.4543301, 36.6690652], [30.4541965, 36.6691502], [30.4541455, 36.6692729], [30.4541291, 36.6693828], [30.4541383, 36.669497], [30.454218, 36.6696297], [30.4543475, 36.6697352], [30.4544831, 36.6697944], [30.4546325, 36.6698233]]}}, {"type": "Feature", "properties": {"category": "lycian_way", "name": "Likya Yolu", "ref": "", "relation_id": 51855, "role": ""}, "geometry": {"type": "LineString", "coordinates": [[30.4543301, 36.6690652], [30.4544196, 36.668999], [30.454614, 36.668914], [30.4549907, 36.6687642], [30.4552361, 36.668633], [30.4553993, 36.6685464], [30.4554434, 36.6685008], [30.455509, 36.6684384], [30.4555725, 36.6683729], [30.4558197, 36.6683672], [30.4558282, 36.6683318], [30.4558234, 36.6679253], [30.4556922, 36.6677799], [30.4554569, 36.6674832], [30.4554403, 36.6674565]]}}, {"type": "Feature", "properties": {"category": "lycian_way", "name": "Likya Yolu", "ref": "", "relation_id": 51855, "role": ""}, "geometry": {"type": "LineString", "coordinates": [[30.4537898, 36.6641034], [30.4537766, 36.6643112], [30.4536668, 36.6644372], [30.4535207, 36.6646264], [30.4533949, 36.6648038], [30.4533554, 36.6648595], [30.4533553, 36.6649539], [30.4534059, 36.6651376], [30.4535341, 36.6653071], [30.4536245, 36.6655147], [30.453844, 36.6656813], [30.4538843, 36.6659082], [30.4538421, 36.66602], [30.4538782, 36.6661912], [30.4539125, 36.6663521], [30.4538957, 36.666449], [30.4540127, 36.6665468], [30.4541591, 36.6666091], [30.4542459, 36.6666072], [30.4543578, 36.6666112], [30.4544297, 36.6666404], [30.4544889, 36.6667308], [30.4545705, 36.6668389], [30.4546707, 36.6671033], [30.4547603, 36.6672792], [30.4550408, 36.667408], [30.455307, 36.6674702], [30.4554403, 36.6674565]]}}, {"type": "Feature", "properties": {"category": "lycian_way", "name": "Likya Yolu", "ref": "", "relation_id": 51855, "role": ""}, "geometry": {"type": "LineString", "coordinates": [[30.4528632, 36.659255], [30.4528151, 36.6593296], [30.4529197, 36.6594698], [30.4528911, 36.6596668], [30.4527578, 36.6597773], [30.4526606, 36.6600173], [30.4527561, 36.660152], [30.4527451, 36.6602594], [30.452744, 36.6603699], [30.4526231, 36.6605435], [30.4526461, 36.6606595], [30.4526748, 36.6607964], [30.4527668, 36.6608338], [30.4528425, 36.6608728], [30.4529657, 36.6610367], [30.4529567, 36.6612153], [30.453031, 36.66137], [30.4529733, 36.6615771], [30.4530164, 36.6616802], [30.4530087, 36.6618566], [30.4529861, 36.6620056], [30.4529507, 36.6621037], [30.4527215, 36.6621808], [30.4526709, 36.6622916], [30.4526086, 36.662313], [30.4524446, 36.6623143], [30.4523472, 36.6623974], [30.4523323, 36.6625044], [30.4523662, 36.6625918], [30.4523273, 36.6626698], [30.4522385, 36.6627588], [30.4522956, 36.6629306], [30.4524585, 36.6630609], [30.4526931, 36.6633259], [30.4528306, 36.6633832], [30.4528573, 36.6635367], [30.4529438, 36.6636138], [30.453047, 36.6637057], [30.4531481, 36.6639323], [30.4531018, 36.6639999], [30.4531181, 36.6640962], [30.453207, 36.6641253], [30.4533962, 36.6640689], [30.4535945, 36.6640832], [30.4537898, 36.6641034]]}}, {"type": "Feature", "properties": {"category": "lycian_way", "name": "Likya Yolu", "ref": "", "relation_id": 51855, "role": ""}, "geometry": {"type": "LineString", "coordinates": [[30.4534698, 36.6575276], [30.4535289, 36.6575584], [30.453557, 36.6575753], [30.4536295, 36.6576294], [30.4536463, 36.6576955], [30.4535752, 36.6578273], [30.4534753, 36.6579123], [30.4533646, 36.6579618], [30.4532848, 36.6580602], [30.4531534, 36.6583002], [30.4531279, 36.658426], [30.4529724, 36.6587058], [30.4529599, 36.6590093], [30.4529011, 36.6591756], [30.4528632, 36.659255]]}}, {"type": "Feature", "properties": {"category": "lycian_way", "name": "Likya Yolu", "ref": "", "relation_id": 51855, "role": ""}, "geometry": {"type": "LineString", "coordinates": [[30.4529665, 36.6549351], [30.4530148, 36.6549948], [30.4530076, 36.6550822], [30.4530115, 36.655196], [30.4530813, 36.6552651], [30.4532364, 36.6553346], [30.4533599, 36.65539], [30.453403, 36.6555136], [30.4534895, 36.655617], [30.4536011, 36.6556746], [30.4536171, 36.6557464], [30.4535094, 36.6558344], [30.4534713, 36.6559046], [30.4534755, 36.6560823], [30.4535074, 36.656159], [30.4534941, 36.6562484], [30.4534143, 36.6563109], [30.4533197, 36.6564086], [30.4532638, 36.6565649], [30.4532866, 36.6567898], [30.453293, 36.657067], [30.4534698, 36.6575276]]}}, {"type": "Feature", "properties": {"category": "lycian_way", "name": "Likya Yolu", "ref": "", "relation_id": 51855, "role": ""}, "geometry": {"type": "LineString", "coordinates": [[30.4507677, 36.64572], [30.4506459, 36.6459043], [30.4505277, 36.6460137], [30.4503261, 36.6460463], [30.4501888, 36.6461428], [30.4500262, 36.6465805], [30.4500045, 36.6466683], [30.4500085, 36.6467232], [30.4501265, 36.6468953], [30.4501037, 36.6469739], [30.4501829, 36.6471977], [30.4501844, 36.6474058], [30.4500005, 36.647655], [30.4499669, 36.6477949], [30.4499106, 36.6479111], [30.4496384, 36.6481134], [30.4494385, 36.6481187], [30.4492991, 36.6480423], [30.4491958, 36.6480284], [30.449118, 36.6480746], [30.4489652, 36.6483363], [30.4488388, 36.6484224], [30.4487612, 36.6485256], [30.448592, 36.6486343], [30.4485171, 36.6487895], [30.4482624, 36.6489182], [30.4482141, 36.6489849], [30.4481766, 36.6490688], [30.4482892, 36.6491269], [30.4484615, 36.6491787], [30.4485726, 36.6492422], [30.4486594, 36.6493271], [30.4487377, 36.6495255], [30.4486545, 36.6495815], [30.4484394, 36.649439], [30.4481068, 36.6493701], [30.447749, 36.6494552], [30.4475322, 36.6495504], [30.4475495, 36.6496294], [30.4482993, 36.6501714], [30.4483944, 36.6503838], [30.4483448, 36.6506692], [30.4485517, 36.6509077], [30.4485392, 36.6511835], [30.4486632, 36.6512864], [30.448626, 36.6514357], [30.4485505, 36.6515773], [30.4483616, 36.6517591], [30.4482732, 36.6519234], [30.4483134, 36.6519997], [30.4486191, 36.6520492], [30.4487586, 36.6521611], [30.4487425, 36.6524366], [30.4487827, 36.6524775], [30.4489866, 36.6524495], [30.4493031, 36.652542], [30.4497104, 36.6526742], [30.4499066, 36.6529702], [30.4499844, 36.6530047], [30.4501587, 36.6529702], [30.4506469, 36.652755], [30.4507971, 36.6525312], [30.450899, 36.6524818], [30.4510546, 36.6525033], [30.4513952, 36.6527206], [30.4515856, 36.6528519], [30.4517385, 36.6529143], [30.4519907, 36.6530821], [30.4521778, 36.6530696], [30.4524681, 36.6530219], [30.4526103, 36.6530628], [30.4526585, 36.653222], [30.4525834, 36.6533554], [30.4524976, 36.6534264], [30.4525069, 36.6535844], [30.4526282, 36.653658], [30.4527221, 36.6536542], [30.4528034, 36.6536509], [30.4528927, 36.6536204], [30.4529773, 36.6537086], [30.4529434, 36.6538442], [30.4528683, 36.6539775], [30.4526504, 36.6546073], [30.4526893, 36.6547818], [30.4527645, 36.6549817], [30.4527745, 36.6549789], [30.4529665, 36.6549351]]}}, {"type": "Feature", "properties": {"category": "lycian_way", "name": "Likya Yolu", "ref": "", "relation_id": 51855, "role": ""}, "geometry": {"type": "LineString", "coordinates": [[30.5277986, 36.6833223], [30.5277067, 36.6834537], [30.5276761, 36.6834711], [30.5275171, 36.6835614], [30.5273528, 36.6836961], [30.5270796, 36.6837218], [30.5268806, 36.6838021], [30.5265258, 36.6842284], [30.5263361, 36.6842926], [30.5262388, 36.6843828], [30.5263361, 36.6844904], [30.5262718, 36.684912], [30.5263168, 36.6850149], [30.5263422, 36.6850731], [30.5263027, 36.6852736], [30.5261777, 36.6855441], [30.5261765, 36.6858183], [30.5262255, 36.6859657], [30.5261799, 36.6861176], [30.5260812, 36.6865575], [30.5259782, 36.6868701], [30.5259717, 36.6872136], [30.5260716, 36.6874332], [30.5259588, 36.6878568], [30.526042, 36.6881376], [30.5261839, 36.6883095], [30.5262207, 36.6885675], [30.5262706, 36.6888266], [30.5262605, 36.689117], [30.5263242, 36.6892071], [30.5263082, 36.6893258], [30.5262912, 36.689452], [30.5261965, 36.6898758], [30.5261933, 36.6900542], [30.5261385, 36.6901998], [30.5260544, 36.6902178], [30.5259864, 36.6902913], [30.5259065, 36.6904011], [30.5257642, 36.6904946], [30.5254007, 36.6907341], [30.5253286, 36.691239], [30.5250799, 36.691562], [30.5247802, 36.6925462], [30.5240501, 36.6933037], [30.5236032, 36.6937862], [30.5235746, 36.6940398], [30.5235253, 36.694077], [30.5234882, 36.6941661], [30.5235391, 36.694218], [30.5235299, 36.694395], [30.5235006, 36.6945051], [30.523658, 36.6945324], [30.5237706, 36.6945942], [30.5238139, 36.694791], [30.5239327, 36.6950546], [30.5237243, 36.6953132], [30.5237907, 36.6953874], [30.5237629, 36.695557], [30.5235607, 36.6957339], [30.5235129, 36.6958552], [30.5233107, 36.6959393], [30.5231703, 36.6961101], [30.5230916, 36.696297], [30.5231333, 36.6964417], [30.5230653, 36.6966335], [30.5229774, 36.6967647], [30.5228879, 36.6969305], [30.522695, 36.6970605], [30.5226162, 36.69723], [30.5225082, 36.6973055], [30.5224511, 36.6974156], [30.5224542, 36.6976581], [30.5223925, 36.6978264], [30.5223276, 36.697824], [30.5222756, 36.6977375], [30.5222104, 36.6976733], [30.522215, 36.6978722], [30.5221826, 36.6979799], [30.5220819, 36.6985078], [30.5221699, 36.6988678], [30.5221672, 36.6991173], [30.522047, 36.6992897], [30.5221184, 36.6995474], [30.5222769, 36.7000632], [30.5222437, 36.700274], [30.5223887, 36.7003854], [30.5224099, 36.700555], [30.5223343, 36.7006422], [30.5222376, 36.7005792], [30.522141, 36.7005853], [30.5221168, 36.7007621], [30.521999, 36.7009245], [30.5219325, 36.7009463], [30.5218645, 36.7008227], [30.5217693, 36.700773], [30.5216182, 36.7008118], [30.5214037, 36.7006665], [30.5213493, 36.7006677], [30.5212753, 36.7007706], [30.5211424, 36.7008033], [30.5210124, 36.70122], [30.5210325, 36.7013327], [30.5207441, 36.701469], [30.5206302, 36.7015119], [30.5206604, 36.7016258], [30.520649, 36.701826], [30.5202208, 36.7020206], [30.5199957, 36.7023089], [30.519754, 36.7024543], [30.5198567, 36.7029], [30.5196452, 36.7031083], [30.5194458, 36.7035298], [30.5195002, 36.7040434], [30.5197479, 36.7043534], [30.5198507, 36.7045327], [30.5197298, 36.7045521], [30.519615, 36.7046199], [30.5192524, 36.704959], [30.5192645, 36.7053466], [30.5191074, 36.705647], [30.5191195, 36.7060685], [30.5191618, 36.7065627], [30.5195002, 36.7070084], [30.5195213, 36.7074202], [30.519195, 36.7078465], [30.5192706, 36.708142], [30.5193854, 36.7082994], [30.519506, 36.7083851], [30.5197053, 36.7083526], [30.519943, 36.7084487], [30.520105, 36.7087637], [30.5200108, 36.7091206], [30.5198174, 36.7093289], [30.5195863, 36.7094367], [30.5195395, 36.7095602], [30.5194595, 36.709601], [30.5193899, 36.7096365], [30.5190843, 36.7096586], [30.5189548, 36.7097007], [30.5189745, 36.7097928], [30.5191784, 36.7099454], [30.5191588, 36.710081], [30.5190983, 36.7101367], [30.5188929, 36.7101549], [30.5187765, 36.7101186], [30.5185726, 36.7101949], [30.5182176, 36.7101537], [30.5181662, 36.7103535], [30.5180997, 36.7104783], [30.5178157, 36.7103971], [30.5176284, 36.7104201], [30.5174501, 36.7104988], [30.5173232, 36.7108331], [30.5173806, 36.7109276], [30.5176692, 36.710999], [30.5179562, 36.7110681], [30.5182705, 36.7111068], [30.5184094, 36.7112134], [30.5183974, 36.7112933], [30.518346, 36.7113708], [30.5181919, 36.7113297], [30.518068, 36.7114144], [30.517923, 36.711567], [30.5178203, 36.7116252], [30.5176722, 36.7116663], [30.5175755, 36.7117681], [30.5174728, 36.7117729], [30.5173217, 36.7118214], [30.5171918, 36.7119255], [30.5171616, 36.7122186], [30.5170739, 36.7125674], [30.5169319, 36.7128484], [30.5168201, 36.7129792], [30.5167083, 36.7132625], [30.5165663, 36.7134248], [30.5164394, 36.7137058], [30.5164062, 36.7138729], [30.5163428, 36.7142387], [30.5164213, 36.7145148], [30.516515, 36.7149386], [30.5163971, 36.7151203], [30.5165724, 36.7153577], [30.517086, 36.715658], [30.5171434, 36.7158518], [30.5171434, 36.7160068], [30.5172689, 36.716294], [30.5173398, 36.7164379], [30.5174063, 36.7164645], [30.5174003, 36.7166365], [30.5173036, 36.7168109], [30.5169773, 36.717024], [30.5168232, 36.7170991], [30.5165029, 36.7173728], [30.5163065, 36.7174818], [30.5161675, 36.717707], [30.5161705, 36.7181018], [30.5161373, 36.7185789], [30.5161615, 36.718746], [30.5160315, 36.7191505], [30.5158926, 36.719291], [30.5159167, 36.7194581], [30.5156918, 36.7197254], [30.5157052, 36.7199715], [30.5155783, 36.720267], [30.5155874, 36.7205722], [30.5156962, 36.7206569], [30.5156357, 36.7208967], [30.5156944, 36.7211836], [30.5156962, 36.7211922], [30.5155783, 36.7213084], [30.5155118, 36.721679], [30.5154031, 36.7220204], [30.5153306, 36.7223522], [30.5153163, 36.7227525], [30.5150224, 36.7233016], [30.5148442, 36.7238533], [30.5147172, 36.7242655], [30.5145873, 36.7244616], [30.5146189, 36.7246014], [30.514545, 36.7248394], [30.5144483, 36.7249121], [30.514409, 36.7250622], [30.5144271, 36.7251809], [30.5143909, 36.7252923], [30.5142327, 36.7253753], [30.5140495, 36.7255224], [30.5139588, 36.7256943], [30.5137231, 36.7259098], [30.5133757, 36.7260551], [30.5132941, 36.7261714], [30.5132699, 36.7263579], [30.5131944, 36.7264814], [30.5132669, 36.7266945], [30.5133636, 36.7268277], [30.5134119, 36.7271837], [30.513452, 36.7274754], [30.5134024, 36.7277086], [30.5133726, 36.727806], [30.5133303, 36.7279513], [30.5131158, 36.7281233], [30.5130463, 36.7281887], [30.5128318, 36.7282129], [30.5128227, 36.7282904], [30.5129194, 36.7283582], [30.512865, 36.728472], [30.5127079, 36.7285616], [30.5126082, 36.7286488], [30.5126263, 36.7288159], [30.5127381, 36.7288619], [30.512859, 36.7289926], [30.512865, 36.7290871], [30.5125387, 36.7292566], [30.5124692, 36.7294213], [30.5121641, 36.7295133], [30.5120855, 36.7295593], [30.5121399, 36.7297119], [30.5120432, 36.7298063], [30.5119435, 36.7299758], [30.5120795, 36.7300218], [30.5120583, 36.7301647], [30.5120311, 36.7302906], [30.5119586, 36.7303245], [30.5119405, 36.7304335], [30.5118226, 36.7306127], [30.5118256, 36.7308064], [30.5117259, 36.7309009], [30.5114812, 36.7309105], [30.5112576, 36.7310171], [30.5110945, 36.7310365], [30.5109766, 36.7310825], [30.5109132, 36.7311939], [30.5109494, 36.7313319], [30.5108135, 36.7314602], [30.5105868, 36.731528], [30.510463, 36.7315741], [30.5103572, 36.7316903], [30.5101789, 36.731746], [30.5101185, 36.7319542], [30.5101427, 36.7320293], [30.5100551, 36.7320898], [30.5100974, 36.7322182], [30.510188, 36.7324119], [30.5102001, 36.7327267], [30.5101557, 36.7332949], [30.5101249, 36.7334207], [30.5100655, 36.7335275], [30.5100163, 36.7335982], [30.5100481, 36.7336667], [30.5102971, 36.7337816], [30.5103335, 36.7338502], [30.5102317, 36.7340455], [30.5100945, 36.7345299], [30.50997, 36.734748], [30.5098281, 36.7350566], [30.5095581, 36.7353478], [30.5093214, 36.7355177], [30.5092454, 36.7356036], [30.5092031, 36.7356594], [30.509198, 36.7356661], [30.5091389, 36.7357379], [30.5090105, 36.7358301], [30.5088511, 36.7358832], [30.5087205, 36.7359567], [30.5085957, 36.7361095], [30.5084876, 36.7362376], [30.5085136, 36.7366112], [30.5084065, 36.7368827], [30.5084239, 36.7370938], [30.5083891, 36.7371495], [30.5083885, 36.7373751], [30.5082808, 36.7375023], [30.5082184, 36.7375999], [30.508246, 36.7376885], [30.5084027, 36.7378952], [30.5083063, 36.7383517], [30.5081727, 36.7385066], [30.5080529, 36.7387117], [30.5080277, 36.7390974], [30.5079612, 36.7392984], [30.5078252, 36.7394364], [30.507792, 36.739526], [30.5078222, 36.7395841], [30.5078796, 36.7396277], [30.5079672, 36.7398262], [30.5080966, 36.7400166], [30.5079792, 36.7401883], [30.5078984, 36.7402899], [30.5077736, 36.7404227], [30.5069236, 36.7409032], [30.5068212, 36.7409296], [30.5066474, 36.7410502], [30.5064045, 36.741109], [30.506312, 36.7412293], [30.5061324, 36.7412222], [30.5055108, 36.741509], [30.5053204, 36.7415574], [30.5052328, 36.7416809], [30.504609, 36.7419959], [30.5045298, 36.7420971], [30.5045253, 36.7421489], [30.5045144, 36.7423028], [30.5042536, 36.7423917], [30.5036594, 36.7427618], [30.5032856, 36.7431702], [30.5033217, 36.7433848], [30.503287, 36.7434837], [30.5031677, 36.7435438], [30.5031178, 36.7435349], [30.5031067, 36.7434682], [30.5030484, 36.7434559], [30.5029874, 36.7435048], [30.5029029, 36.7436603], [30.5026574, 36.7440033], [30.5024824, 36.7439817], [30.5023603, 36.7440773], [30.5023062, 36.7440929], [30.5022299, 36.7440673], [30.5021897, 36.7440729], [30.5020815, 36.744024], [30.5021342, 36.7439228], [30.502119, 36.7438872], [30.5020954, 36.7438806], [30.5019345, 36.7439606], [30.501811, 36.7439795], [30.5017361, 36.7440551], [30.5016848, 36.7440429], [30.5016085, 36.7439873], [30.5014919, 36.7439784], [30.5013324, 36.744124], [30.5012381, 36.7440473], [30.501048, 36.7441262], [30.5008927, 36.7442841], [30.5007234, 36.7443519], [30.5005514, 36.7443719], [30.5004585, 36.7444208], [30.5004085, 36.7444064], [30.5003225, 36.7442808], [30.5003461, 36.7441529], [30.500242, 36.744094], [30.5001297, 36.7441151], [30.5001047, 36.7441507], [30.5000765, 36.7441592], [30.5000369, 36.7441882], [30.499984, 36.7441907], [30.4999202, 36.7442085], [30.4998647, 36.7442774], [30.4998356, 36.7443563], [30.4997662, 36.7443174], [30.4996899, 36.7441196], [30.4996275, 36.7439395], [30.4996206, 36.7437705], [30.4994069, 36.7438583], [30.499332, 36.7439362], [30.4993265, 36.7440718], [30.4993043, 36.7441729], [30.4992391, 36.7442607], [30.4991184, 36.7443374], [30.4989908, 36.7442752], [30.4988659, 36.7442707], [30.4988063, 36.7442452], [30.4987771, 36.7440884], [30.4987424, 36.7440729], [30.498687, 36.7441062], [30.4986671, 36.7441522], [30.4985607, 36.7440406], [30.4985485, 36.7440038], [30.4984095, 36.744054], [30.4983623, 36.7440217], [30.4983485, 36.7438194], [30.4983082, 36.7437961], [30.4981973, 36.7438317], [30.4980155, 36.7438317], [30.4979725, 36.7438672], [30.4979455, 36.7438975], [30.4979243, 36.7439457], [30.4979246, 36.7440011], [30.497902, 36.7440558], [30.4979028, 36.7441182], [30.4977902, 36.7440503], [30.4977409, 36.743908], [30.497598, 36.7437194], [30.4976451, 36.7436271], [30.4976257, 36.7436205], [30.4975231, 36.7436721]]}}, {"type": "Feature", "properties": {"category": "lycian_way", "name": "Likya Yolu", "ref": "", "relation_id": 51855, "role": ""}, "geometry": {"type": "LineString", "coordinates": [[30.527699, 36.6831912], [30.5277986, 36.6833223]]}}, {"type": "Feature", "properties": {"category": "lycian_way", "name": "Likya Yolu", "ref": "", "relation_id": 51855, "role": ""}, "geometry": {"type": "LineString", "coordinates": [[30.5276681, 36.6831495], [30.527699, 36.6831912]]}}, {"type": "Feature", "properties": {"category": "lycian_way", "name": "Likya Yolu", "ref": "", "relation_id": 51855, "role": ""}, "geometry": {"type": "LineString", "coordinates": [[30.5275739, 36.6824871], [30.5275725, 36.6826307], [30.5275718, 36.6827066], [30.5275741, 36.6828113], [30.5275715, 36.6829033], [30.5275795, 36.6830398], [30.5276681, 36.6831495]]}}, {"type": "Feature", "properties": {"category": "lycian_way", "name": "Likya Yolu", "ref": "", "relation_id": 51855, "role": ""}, "geometry": {"type": "LineString", "coordinates": [[30.5265098, 36.6808783], [30.5269171, 36.6808955], [30.5270231, 36.6809015], [30.5273537, 36.6809337], [30.527508, 36.6810941], [30.5275666, 36.6811623], [30.527452, 36.6812476], [30.5275742, 36.6813395], [30.5276829, 36.6814743], [30.5277626, 36.6815832], [30.5277774, 36.6817572], [30.5277601, 36.6819867], [30.5276189, 36.6822519], [30.5275739, 36.6824871]]}}, {"type": "Feature", "properties": {"category": "lycian_way", "name": "Likya Yolu", "ref": "", "relation_id": 51855, "role": ""}, "geometry": {"type": "LineString", "coordinates": [[30.4975231, 36.7436721], [30.4974204, 36.7437238], [30.4973413, 36.7438695], [30.4972845, 36.7440062], [30.4972803, 36.7441496], [30.4972456, 36.7441663], [30.4971948, 36.7441475], [30.4971777, 36.7441729], [30.497222, 36.744253], [30.4971631, 36.7442914], [30.4970209, 36.7444264], [30.4968279, 36.7444195], [30.4965895, 36.7444631], [30.4963786, 36.7444519], [30.4962935, 36.7444102]]}}, {"type": "Feature", "properties": {"category": "lycian_way", "name": "Likya Yolu", "ref": "", "relation_id": 51855, "role": ""}, "geometry": {"type": "LineString", "coordinates": [[30.4962935, 36.7444102], [30.4959208, 36.7442274], [30.4956572, 36.7442896], [30.4956156, 36.7443497], [30.4954825, 36.7443786], [30.4953132, 36.7442007], [30.4951856, 36.7439873], [30.4950691, 36.7438806], [30.4948499, 36.7437338], [30.4947028, 36.7435471], [30.4942756, 36.7433826], [30.4941063, 36.7432092]]}}, {"type": "Feature", "properties": {"category": "lycian_way", "name": "Likya Yolu", "ref": "", "relation_id": 51855, "role": ""}, "geometry": {"type": "LineString", "coordinates": [[30.4941063, 36.7432092], [30.4938233, 36.7431291], [30.4937013, 36.7430669], [30.4936014, 36.7430646], [30.493421, 36.7431291], [30.4931425, 36.7432222], [30.492769, 36.743287], [30.4925283, 36.7432426], [30.4922971, 36.7430754], [30.4920754, 36.7429289], [30.4918036, 36.7429033], [30.4914706, 36.7429891], [30.4911733, 36.7429944], [30.4906745, 36.7429451], [30.4904811, 36.7428517], [30.4904283, 36.7427738], [30.4903035, 36.7426245], [30.4900292, 36.7425624], [30.4897997, 36.7424558], [30.4893258, 36.7424699], [30.4890569, 36.742496], [30.488985, 36.7424123], [30.4889782, 36.7423165], [30.4889171, 36.7423013], [30.4887731, 36.7423089], [30.4885477, 36.7424373], [30.4885314, 36.7425298], [30.4884974, 36.742705], [30.488325, 36.7428726], [30.4881335, 36.7428726], [30.4878646, 36.7429716], [30.487665, 36.7431566], [30.4873812, 36.7433698], [30.4871762, 36.7434264], [30.486709, 36.7435015], [30.4863953, 36.7434841], [30.4862134, 36.7434417], [30.4861319, 36.7434732], [30.4860518, 36.7435897], [30.4854882, 36.7439041], [30.48518, 36.7439999], [30.4850292, 36.7440445], [30.4847088, 36.7440391], [30.4845118, 36.7440478], [30.4843141, 36.7440132], [30.4842749, 36.7438796], [30.484097, 36.7439068], [30.483951, 36.7439292], [30.483819, 36.7439732], [30.4836767, 36.7440206], [30.483655, 36.7441316], [30.4836604, 36.7442904], [30.4837663, 36.7445102]]}}, {"type": "Feature", "properties": {"category": "lycian_way", "name": "Likya Yolu", "ref": "", "relation_id": 51855, "role": ""}, "geometry": {"type": "LineString", "coordinates": [[30.4837663, 36.7445102], [30.4839266, 36.7446822], [30.4839999, 36.7448976], [30.4841085, 36.7450108], [30.4841656, 36.7451544], [30.4841303, 36.745409], [30.48419, 36.7455505], [30.4840846, 36.7458687], [30.4839926, 36.7460117]]}}, {"type": "Feature", "properties": {"category": "lycian_way", "name": "Likya Yolu", "ref": "", "relation_id": 51855, "role": ""}, "geometry": {"type": "LineString", "coordinates": [[30.4839926, 36.7460117], [30.4845186, 36.7461136]]}}, {"type": "Feature", "properties": {"category": "lycian_way", "name": "Likya Yolu", "ref": "", "relation_id": 51855, "role": ""}, "geometry": {"type": "LineString", "coordinates": [[30.4845186, 36.7461136], [30.4848204, 36.7461182], [30.4853706, 36.74651], [30.4857628, 36.7466305], [30.4862908, 36.747137], [30.486634, 36.7473372], [30.4866409, 36.7478278], [30.486497, 36.7479821], [30.4865422, 36.7483619], [30.4863461, 36.7490326], [30.4866467, 36.749553], [30.4867511, 36.749651], [30.4869014, 36.7497367], [30.4869905, 36.7498408], [30.4872478, 36.7502775], [30.4877343, 36.7506102], [30.4882157, 36.7507286], [30.4883787, 36.7508224], [30.4885264, 36.7510531], [30.4885468, 36.7511551], [30.4885519, 36.7515571], [30.4885658, 36.7515942], [30.4885901, 36.7516592], [30.4886869, 36.7517857], [30.488692, 36.7518755], [30.4886563, 36.7520306], [30.4887047, 36.7521041], [30.4891479, 36.7523837], [30.4892549, 36.7523939], [30.4893262, 36.7523694], [30.4893822, 36.7523694], [30.4894077, 36.7523979], [30.4894128, 36.7525061], [30.4894459, 36.7525837], [30.4896649, 36.7529204], [30.4897082, 36.7530673], [30.4897286, 36.7534428], [30.4898381, 36.7537551], [30.4898203, 36.7538693], [30.4896981, 36.7541204], [30.4897057, 36.7542387], [30.4899095, 36.7544081], [30.4899681, 36.7544856], [30.4900394, 36.7546734], [30.4901591, 36.7547836], [30.4902406, 36.7548652], [30.4904061, 36.7552183], [30.4904953, 36.7555427], [30.490396, 36.7559162], [30.4904494, 36.7560672], [30.4906914, 36.756508], [30.4907729, 36.7565835], [30.4909385, 36.7566447], [30.490992, 36.7567202], [30.4913511, 36.7575916], [30.4917026, 36.7582568], [30.4922197, 36.7590731], [30.4924362, 36.7594832], [30.4924514, 36.7596057], [30.4923165, 36.7605974], [30.4923317, 36.7607259], [30.4925304, 36.7611504], [30.4925482, 36.7612851], [30.4925508, 36.7620666], [30.4923961, 36.7629496]]}}, {"type": "Feature", "properties": {"category": "lycian_way", "name": "Likya Yolu", "ref": "", "relation_id": 51855, "role": ""}, "geometry": {"type": "LineString", "coordinates": [[30.4923961, 36.7629496], [30.492469, 36.7630732], [30.4926771, 36.7632098]]}}, {"type": "Feature", "properties": {"category": "lycian_way", "name": "Likya Yolu", "ref": "", "relation_id": 51855, "role": ""}, "geometry": {"type": "LineString", "coordinates": [[30.4926771, 36.7632098], [30.4930325, 36.7632302], [30.4934696, 36.7632288], [30.4938854, 36.7633921], [30.4944491, 36.7635494], [30.4948877, 36.7636588], [30.4956301, 36.7638906], [30.4961047, 36.7640127], [30.4966049, 36.7641448], [30.4968488, 36.7642628], [30.4970416, 36.7644628], [30.4972725, 36.7643981], [30.4976048, 36.7644555], [30.4977933, 36.7644344], [30.4979183, 36.7643647], [30.4982744, 36.7644263], [30.498989, 36.7644587], [30.4995001, 36.7644814], [30.5001268, 36.7645032], [30.5006865, 36.7644166], [30.5013617, 36.7643251], [30.5019581, 36.7641873], [30.502279, 36.7641295], [30.5029481, 36.7639913]]}}, {"type": "Feature", "properties": {"category": "lycian_way", "name": "Likya Yolu", "ref": "", "relation_id": 51855, "role": ""}, "geometry": {"type": "LineString", "coordinates": [[30.4977933, 36.7644344], [30.4984397, 36.7647718], [30.4988991, 36.7650855], [30.4993656, 36.7652886]]}}, {"type": "Feature", "properties": {"category": "lycian_way", "name": "Likya Yolu", "ref": "", "relation_id": 51855, "role": ""}, "geometry": {"type": "LineString", "coordinates": [[30.5001268, 36.7645032], [30.5000823, 36.7647653], [30.4996957, 36.7649705], [30.4994737, 36.7650836], [30.4993656, 36.7652886], [30.4994201, 36.765567], [30.4996282, 36.7660399], [30.4998112, 36.7664618], [30.5001894, 36.7666974], [30.5006056, 36.7668069], [30.5008195, 36.7670966], [30.500854, 36.7674582], [30.5009665, 36.767755], [30.5012576, 36.7683756], [30.5013344, 36.7685053], [30.5013919, 36.768733], [30.5014607, 36.7689688], [30.5017103, 36.7690762], [30.5018489, 36.7695533], [30.5019601, 36.7703056], [30.5020022, 36.7705215], [30.501858, 36.7710601], [30.5016326, 36.7714523], [30.50156, 36.7714884], [30.5012916, 36.7716217], [30.5013034, 36.7717532], [30.5011425, 36.7720586], [30.5010234, 36.7722688], [30.500855, 36.7723262]]}}, {"type": "Feature", "properties": {"category": "lycian_way", "name": "Likya Yolu", "ref": "", "relation_id": 51855, "role": ""}, "geometry": {"type": "LineString", "coordinates": [[30.4609453, 36.8498178], [30.4613543, 36.850333], [30.4615715, 36.8505411], [30.4618653, 36.8507601], [30.4620758, 36.8507944], [30.4623735, 36.8509574], [30.4624053, 36.8509723], [30.4625022, 36.8510176], [30.4625908, 36.8511957], [30.4628016, 36.851577], [30.4629636, 36.8516543], [30.4631761, 36.8516699], [30.4633576, 36.8517176], [30.463669, 36.8518868]]}}, {"type": "Feature", "properties": {"category": "lycian_way", "name": "Likya Yolu", "ref": "", "relation_id": 51855, "role": ""}, "geometry": {"type": "LineString", "coordinates": [[30.4609453, 36.8498178], [30.460799, 36.8498482], [30.4606768, 36.8498166], [30.4607038, 36.8497603], [30.4608104, 36.8497118], [30.4608608, 36.8496889], [30.4610109, 36.8496443], [30.4612303, 36.8496456], [30.4613703, 36.8495413], [30.4614066, 36.8493941], [30.461468, 36.8492397], [30.4614747, 36.8491681], [30.4612099, 36.849238], [30.4610418, 36.8492338]]}}, {"type": "Feature", "properties": {"category": "lycian_way", "name": "Likya Yolu", "ref": "", "relation_id": 51855, "role": ""}, "geometry": {"type": "LineString", "coordinates": [[30.4610418, 36.8492338], [30.4611021, 36.848915], [30.4610077, 36.8489143], [30.4609077, 36.8488431], [30.4606153, 36.8488796], [30.4603372, 36.8488671], [30.4602273, 36.8488254], [30.4602608, 36.8487909], [30.460367, 36.8487632], [30.4604941, 36.8486342], [30.460689, 36.8482767], [30.4602277, 36.8482338], [30.4596001, 36.8483239], [30.4592193, 36.8484462], [30.4591736, 36.8484977], [30.4588223, 36.8484248], [30.4587077, 36.8482712], [30.4586292, 36.8482644], [30.4585144, 36.8481716], [30.458413, 36.8482073], [30.4581533, 36.8480515], [30.4578637, 36.8479042], [30.4577426, 36.847747], [30.4576409, 36.847615], [30.4575195, 36.8475401], [30.457354, 36.8473505], [30.4572371, 36.8471648], [30.4571204, 36.8469642], [30.4570869, 36.8467742], [30.4571844, 36.8465795], [30.4572277, 36.846493], [30.4573299, 36.846377], [30.457233, 36.8462687], [30.4571875, 36.8461379], [30.4571606, 36.8460283], [30.4571539, 36.8459039], [30.4571458, 36.8456774], [30.4569876, 36.8456784], [30.4568428, 36.8456462], [30.4567859, 36.8456372], [30.4566872, 36.8456216], [30.4565652, 36.84551], [30.4565907, 36.845437], [30.4565733, 36.8452266], [30.4565934, 36.8451215], [30.4565505, 36.8449679], [30.4564834, 36.8448617], [30.4563895, 36.8446417], [30.4562997, 36.844499], [30.4561481, 36.8444227], [30.4561145, 36.8442693], [30.456065, 36.8442564], [30.4559456, 36.8442542], [30.4557485, 36.8442296], [30.4556573, 36.844133], [30.4555499, 36.844061], [30.4554642, 36.8439709], [30.4553488, 36.8439935], [30.4551222, 36.8438679], [30.4549448, 36.8438447], [30.4547507, 36.8437456]]}}, {"type": "Feature", "properties": {"category": "lycian_way", "name": "Likya Yolu", "ref": "", "relation_id": 51855, "role": ""}, "geometry": {"type": "LineString", "coordinates": [[30.4547507, 36.8437456], [30.4545187, 36.843679], [30.4543591, 36.8435298], [30.4541311, 36.8434826], [30.4539084, 36.8434708], [30.453702, 36.8434129], [30.4534605, 36.8433452], [30.4532205, 36.8432712], [30.4531427, 36.8432147], [30.4530488, 36.8432282], [30.4530381, 36.8433038], [30.4530917, 36.8435195], [30.45314, 36.843694], [30.453136, 36.8438099], [30.4530501, 36.8438529], [30.4529375, 36.8438314], [30.4528543, 36.8437799]]}}, {"type": "Feature", "properties": {"category": "lycian_way", "name": "Likya Yolu", "ref": "", "relation_id": 51855, "role": ""}, "geometry": {"type": "LineString", "coordinates": [[30.4528543, 36.8437799], [30.4528946, 36.8436468], [30.4528892, 36.8435524], [30.4527364, 36.8435137], [30.4526371, 36.8433484], [30.4525325, 36.843224], [30.4525834, 36.8430673], [30.452503, 36.8428784], [30.4523742, 36.8426379], [30.4523581, 36.8423718], [30.4522455, 36.8420412], [30.4523206, 36.8418738], [30.4522401, 36.8414874], [30.4522348, 36.8411096], [30.4522294, 36.8408177], [30.4522026, 36.840603], [30.4521328, 36.8404098], [30.4520487, 36.8402432], [30.4519395, 36.8399498]]}}, {"type": "Feature", "properties": {"category": "lycian_way", "name": "Likya Yolu", "ref": "", "relation_id": 51855, "role": ""}, "geometry": {"type": "LineString", "coordinates": [[30.4505355, 36.8387893], [30.4501567, 36.8390343], [30.4502989, 36.8392511], [30.4503236, 36.8392886], [30.4504285, 36.8394478], [30.4505457, 36.8394811], [30.4506604, 36.8396271], [30.4507801, 36.8397371], [30.4508867, 36.8398993], [30.4512124, 36.8400294], [30.4515499, 36.839964], [30.4518182, 36.839903], [30.4519395, 36.8399498]]}}, {"type": "Feature", "properties": {"category": "lycian_way", "name": "Likya Yolu", "ref": "", "relation_id": 51855, "role": ""}, "geometry": {"type": "LineString", "coordinates": [[30.4488088, 36.8367111], [30.449082, 36.8367303], [30.4493809, 36.8371248], [30.4496743, 36.837595], [30.4500409, 36.8377951], [30.4501353, 36.8381553], [30.4502417, 36.8385418], [30.4505355, 36.8387893]]}}, {"type": "Feature", "properties": {"category": "lycian_way", "name": "Likya Yolu", "ref": "", "relation_id": 51855, "role": ""}, "geometry": {"type": "LineString", "coordinates": [[30.4484286, 36.837128], [30.4485263, 36.8369541], [30.4488088, 36.8367111]]}}, {"type": "Feature", "properties": {"category": "lycian_way", "name": "Likya Yolu", "ref": "", "relation_id": 51855, "role": ""}, "geometry": {"type": "LineString", "coordinates": [[30.4484286, 36.837128], [30.4483198, 36.8370789], [30.4482551, 36.8370166], [30.4480386, 36.8369744], [30.4479418, 36.8368917], [30.4475786, 36.8367682], [30.4474428, 36.8367722], [30.4473404, 36.8367263], [30.4471858, 36.8367644], [30.447087, 36.8368107], [30.44704, 36.8368327], [30.4469018, 36.8369183], [30.4467368, 36.837111], [30.4466886, 36.8371176], [30.4465395, 36.8370328], [30.4465141, 36.8369535], [30.4464818, 36.8368131], [30.4464742, 36.8367798], [30.4463813, 36.8365766], [30.4462226, 36.8364287], [30.4461492, 36.836389], [30.4461437, 36.8361867], [30.4460696, 36.8360957], [30.4460099, 36.8360296], [30.4458287, 36.8358157], [30.4455462, 36.8356585], [30.4454326, 36.8355101], [30.4454002, 36.8353539], [30.4454392, 36.8351624], [30.4454357, 36.835069], [30.4454451, 36.8348752], [30.4455105, 36.8346521], [30.4455913, 36.8345033], [30.4456891, 36.834403], [30.4459335, 36.8341647], [30.4460509, 36.8339554], [30.4461645, 36.8338539], [30.4464163, 36.8336882], [30.4464683, 36.8335225], [30.4464643, 36.8334297], [30.4464982, 36.833417]]}}, {"type": "Feature", "properties": {"category": "lycian_way", "name": "Likya Yolu", "ref": "", "relation_id": 51855, "role": ""}, "geometry": {"type": "LineString", "coordinates": [[30.4464982, 36.833417], [30.4465674, 36.8334585], [30.4466866, 36.8334345], [30.4467793, 36.8333869], [30.4468891, 36.8332886], [30.4470313, 36.8331533], [30.4470997, 36.8330395], [30.4471801, 36.8329054], [30.4473129, 36.8328442], [30.447384, 36.8328334]]}}, {"type": "Feature", "properties": {"category": "lycian_way", "name": "Likya Yolu", "ref": "", "relation_id": 51855, "role": ""}, "geometry": {"type": "LineString", "coordinates": [[30.447384, 36.8328334], [30.4474683, 36.8325549], [30.4474656, 36.8324025], [30.4474361, 36.832278], [30.4476158, 36.8317498], [30.4476269, 36.8314692], [30.4476215, 36.831145], [30.4474897, 36.8308739], [30.4474958, 36.8308322], [30.4475166, 36.8306893], [30.4474042, 36.8303765], [30.4473393, 36.8302871], [30.4471735, 36.8300588], [30.4470284, 36.8297597], [30.4467444, 36.8294898], [30.446562, 36.8291957], [30.4464249, 36.8289482], [30.4463364, 36.8286841], [30.4461701, 36.8285574], [30.4459477, 36.8282124], [30.4457895, 36.827783], [30.4457653, 36.8276757], [30.4455857, 36.8274739], [30.4454484, 36.8274101], [30.4453818, 36.8272678], [30.4453161, 36.8271658], [30.4452665, 36.8269973], [30.4451914, 36.8268544], [30.4451981, 36.8266677], [30.4452304, 36.8266063], [30.4452766, 36.8265187], [30.4453096, 36.8264559], [30.445314, 36.8264228]]}}, {"type": "Feature", "properties": {"category": "lycian_way", "name": "Likya Yolu", "ref": "", "relation_id": 51855, "role": ""}, "geometry": {"type": "LineString", "coordinates": [[30.445314, 36.8264228], [30.4453308, 36.8262956], [30.445352, 36.8261797], [30.4454944, 36.825912], [30.4454417, 36.8257795], [30.4455311, 36.8257006]]}}, {"type": "Feature", "properties": {"category": "lycian_way", "name": "Likya Yolu", "ref": "", "relation_id": 51855, "role": ""}, "geometry": {"type": "LineString", "coordinates": [[30.4455311, 36.8257006], [30.4455641, 36.8256714], [30.4457891, 36.8255605], [30.4458311, 36.8253547], [30.4457958, 36.8251386], [30.4458186, 36.8249733], [30.4459558, 36.8248986], [30.4461154, 36.8246258], [30.4462563, 36.8245776], [30.4463085, 36.8244273], [30.446338, 36.8243969], [30.4463931, 36.8243402], [30.446444, 36.8242877], [30.4465526, 36.8240934], [30.4467417, 36.82397], [30.4468154, 36.8238143], [30.4468409, 36.823547], [30.4469013, 36.8233], [30.4468557, 36.8231734], [30.4468503, 36.8230574], [30.4469684, 36.8228664], [30.4470408, 36.8227225], [30.4470823, 36.822642], [30.4471521, 36.8225915], [30.4473166, 36.822282], [30.4473063, 36.8221353], [30.4473345, 36.8219904]]}}, {"type": "Feature", "properties": {"category": "lycian_way", "name": "Likya Yolu", "ref": "", "relation_id": 51855, "role": ""}, "geometry": {"type": "LineString", "coordinates": [[30.4473345, 36.8219904], [30.447423, 36.8217993], [30.4476159, 36.8215786], [30.4476113, 36.8215465], [30.4475979, 36.821454]]}}, {"type": "Feature", "properties": {"category": "lycian_way", "name": "Likya Yolu", "ref": "", "relation_id": 51855, "role": ""}, "geometry": {"type": "LineString", "coordinates": [[30.4475979, 36.821454], [30.4475971, 36.8214485], [30.4475833, 36.8214285], [30.4474096, 36.8213569], [30.4473183, 36.8211421], [30.4471117, 36.8208866], [30.4468837, 36.8206955], [30.4467119, 36.8205057], [30.4465311, 36.8203059], [30.4464073, 36.8202701], [30.4461239, 36.8201771], [30.4459786, 36.8201352], [30.4457741, 36.8200105], [30.4457412, 36.8198851], [30.4457784, 36.8196469], [30.4458324, 36.8194181], [30.4458619, 36.8192054], [30.4458465, 36.8189621], [30.44576, 36.8188448], [30.4457156, 36.8187523], [30.4455587, 36.8184496], [30.4455346, 36.8183229], [30.4454903, 36.818179], [30.4454528, 36.8181532], [30.4453549, 36.8181457], [30.4452221, 36.818164], [30.4450142, 36.8182219], [30.4447635, 36.8181833], [30.4445274, 36.8180781]]}}, {"type": "Feature", "properties": {"category": "lycian_way", "name": "Likya Yolu", "ref": "", "relation_id": 51855, "role": ""}, "geometry": {"type": "LineString", "coordinates": [[30.4445274, 36.8180781], [30.4445883, 36.8179727], [30.4446003, 36.817952], [30.4448043, 36.8178555]]}}, {"type": "Feature", "properties": {"category": "lycian_way", "name": "Likya Yolu", "ref": "", "relation_id": 51855, "role": ""}, "geometry": {"type": "LineString", "coordinates": [[30.4448043, 36.8178555], [30.444801, 36.817824], [30.4447877, 36.8176992], [30.4447865, 36.8175445], [30.4449155, 36.8174169], [30.4450188, 36.8172817], [30.4449628, 36.8171518], [30.4449271, 36.817069], [30.4447548, 36.816952], [30.4446482, 36.8168054], [30.4446366, 36.8166081], [30.4446796, 36.8165915]]}}, {"type": "Feature", "properties": {"category": "lycian_way", "name": "Likya Yolu", "ref": "", "relation_id": 51855, "role": ""}, "geometry": {"type": "LineString", "coordinates": [[30.4446796, 36.8165915], [30.4448279, 36.8165342], [30.4447198, 36.8163704], [30.4449637, 36.8162967], [30.4451163, 36.8160598], [30.4451818, 36.8160232], [30.4453682, 36.8159189], [30.4454757, 36.8158407], [30.4455136, 36.8157853], [30.4456929, 36.815523], [30.4458509, 36.8151944], [30.4458842, 36.8151252], [30.4459129, 36.8149475], [30.4459907, 36.8145545], [30.4459932, 36.8142753], [30.4459901, 36.814245], [30.4459798, 36.8141443], [30.4460308, 36.814024], [30.4460978, 36.813966], [30.4460281, 36.8138909], [30.4461321, 36.8138252], [30.446181, 36.8137943], [30.4462105, 36.8136547], [30.4461139, 36.8136074], [30.4459128, 36.8135623], [30.4457251, 36.8135367], [30.4455079, 36.8135496], [30.4453711, 36.813775], [30.4452236, 36.8138588], [30.4449955, 36.8138266], [30.4445047, 36.8139961], [30.4441266, 36.8139662], [30.4440138, 36.8140247], [30.4439416, 36.8140622], [30.4436304, 36.814095], [30.4435695, 36.8140592], [30.4434954, 36.8140208], [30.4434077, 36.813775], [30.4431502, 36.813526]]}}, {"type": "Feature", "properties": {"category": "lycian_way", "name": "Likya Yolu", "ref": "", "relation_id": 51855, "role": ""}, "geometry": {"type": "LineString", "coordinates": [[30.4431502, 36.813526], [30.4429571, 36.8133209], [30.4428579, 36.8132984], [30.4428036, 36.8131676], [30.442705, 36.8131233], [30.4426567, 36.8129247], [30.4425051, 36.8126531], [30.4425218, 36.8125642], [30.4426835, 36.8123159], [30.4427361, 36.8122792]]}}, {"type": "Feature", "properties": {"category": "lycian_way", "name": "Likya Yolu", "ref": "", "relation_id": 51855, "role": ""}, "geometry": {"type": "LineString", "coordinates": [[30.4427361, 36.8122792], [30.442894, 36.8121691], [30.443, 36.8120314], [30.4428622, 36.8119054], [30.4425815, 36.8117568], [30.4424194, 36.8115471], [30.4424742, 36.8115045], [30.4424165, 36.8113423], [30.4424354, 36.8112712], [30.4423872, 36.8112122], [30.4425655, 36.8110264], [30.4425695, 36.8109443], [30.4425206, 36.8107504], [30.4425351, 36.8106738], [30.4425882, 36.8105861], [30.4425717, 36.8105504], [30.4425399, 36.8105356], [30.4424554, 36.8105819], [30.4424117, 36.8105994], [30.4423712, 36.8105956], [30.4423351, 36.8105375], [30.442331, 36.8104796], [30.4423579, 36.8104285], [30.4422997, 36.8102669], [30.442245, 36.8101867], [30.4422127, 36.8101148], [30.4421309, 36.8100681], [30.442068, 36.8100332], [30.4420237, 36.8099613], [30.4420022, 36.8099097], [30.4420599, 36.8096998], [30.4421183, 36.809557], [30.4420633, 36.8094642], [30.4419809, 36.8093073], [30.441801, 36.8091687], [30.4417607, 36.8090302], [30.4417473, 36.8089465], [30.4417621, 36.8088584], [30.44175, 36.8087618], [30.4418036, 36.8087178], [30.4418546, 36.8086533], [30.4418601, 36.8085434]]}}, {"type": "Feature", "properties": {"category": "lycian_way", "name": "Likya Yolu", "ref": "", "relation_id": 51855, "role": ""}, "geometry": {"type": "LineString", "coordinates": [[30.4418601, 36.8085434], [30.4419152, 36.8084019], [30.4418856, 36.8082854], [30.4419258, 36.8081732], [30.4418353, 36.8080241], [30.4417896, 36.8079217], [30.4417548, 36.8077488], [30.4417406, 36.8076408], [30.4418158, 36.8076157]]}}, {"type": "Feature", "properties": {"category": "lycian_way", "name": "Likya Yolu", "ref": "", "relation_id": 51855, "role": ""}, "geometry": {"type": "LineString", "coordinates": [[30.4418158, 36.8076157], [30.4417957, 36.8075313], [30.4417112, 36.8075067], [30.4416831, 36.8072984], [30.4416347, 36.8072349], [30.4414805, 36.8070374], [30.4414068, 36.8068947], [30.4413679, 36.8067765], [30.4412847, 36.806681], [30.441329, 36.8066144]]}}, {"type": "Feature", "properties": {"category": "lycian_way", "name": "Likya Yolu", "ref": "", "relation_id": 51855, "role": ""}, "geometry": {"type": "LineString", "coordinates": [[30.441329, 36.8066144], [30.4412079, 36.8065326], [30.4410991, 36.8064345], [30.440997, 36.8063245], [30.440947, 36.8062123], [30.440895, 36.805949], [30.4409183, 36.8057592], [30.4410331, 36.8053588], [30.4411011, 36.8051654], [30.4411294, 36.8048563], [30.4412313, 36.8043327], [30.4412877, 36.8040627], [30.4413386, 36.8038875], [30.4414223, 36.8033548], [30.441472, 36.8030539], [30.4414724, 36.8022298], [30.4416439, 36.8017554], [30.4417594, 36.8014007], [30.441881, 36.8010933], [30.4419471, 36.8010335], [30.4420168, 36.8010786], [30.4420473, 36.801394], [30.4421617, 36.8016627], [30.4424246, 36.8019548]]}}, {"type": "Feature", "properties": {"category": "lycian_way", "name": "Likya Yolu", "ref": "", "relation_id": 51855, "role": ""}, "geometry": {"type": "LineString", "coordinates": [[30.4424246, 36.8019548], [30.4425864, 36.8014863], [30.4427091, 36.8010373]]}}, {"type": "Feature", "properties": {"category": "lycian_way", "name": "Likya Yolu", "ref": "", "relation_id": 51855, "role": ""}, "geometry": {"type": "LineString", "coordinates": [[30.4427091, 36.8010373], [30.4426161, 36.800926], [30.4426034, 36.8005694], [30.4425722, 36.8004694], [30.4423148, 36.7995682]]}}, {"type": "Feature", "properties": {"category": "lycian_way", "name": "Likya Yolu", "ref": "", "relation_id": 51855, "role": ""}, "geometry": {"type": "LineString", "coordinates": [[30.4423148, 36.7995682], [30.4422748, 36.7989943], [30.4422191, 36.7987196], [30.4421086, 36.7984208], [30.442129, 36.7981964], [30.4420433, 36.7979724], [30.4418665, 36.7973658], [30.441636, 36.7971089], [30.4412482, 36.7968713], [30.441022, 36.7967418], [30.4408727, 36.7964619], [30.4406452, 36.7959688], [30.4404817, 36.7958093], [30.4403432, 36.7957089], [30.4399478, 36.7951999], [30.4399124, 36.7950543], [30.4397133, 36.7948676], [30.4396354, 36.7946697], [30.4392567, 36.7941673], [30.4390537, 36.794044], [30.4390088, 36.7939352], [30.4388932, 36.7938623], [30.4388058, 36.7937081], [30.4386723, 36.7935969], [30.4384133, 36.7935071], [30.4382674, 36.793318], [30.4381574, 36.7930425], [30.4381507, 36.792862], [30.4382291, 36.7927142], [30.4382901, 36.7926531]]}}, {"type": "Feature", "properties": {"category": "lycian_way", "name": "Likya Yolu", "ref": "", "relation_id": 51855, "role": ""}, "geometry": {"type": "LineString", "coordinates": [[30.4382901, 36.7926531], [30.4384072, 36.7927195]]}}, {"type": "Feature", "properties": {"category": "lycian_way", "name": "Likya Yolu", "ref": "", "relation_id": 51855, "role": ""}, "geometry": {"type": "LineString", "coordinates": [[30.4384072, 36.7927195], [30.4384284, 36.7926372], [30.4384871, 36.7924901], [30.4384936, 36.7923025], [30.4385358, 36.7922627], [30.4389037, 36.7919154], [30.4390655, 36.791837], [30.4391427, 36.7916756], [30.4391348, 36.7915532], [30.4391689, 36.7914706], [30.439264, 36.791372], [30.4393782, 36.7911089], [30.4395694, 36.7910699], [30.4396619, 36.7909864], [30.4397424, 36.7907188], [30.4399747, 36.7904845], [30.440077, 36.7903775], [30.4401192, 36.7902407], [30.4401083, 36.7900883], [30.4401104, 36.7898937], [30.4402415, 36.7895964], [30.4403083, 36.7893976], [30.4402419, 36.7891571], [30.4402094, 36.789084], [30.4401764, 36.7890099], [30.4402533, 36.7889197], [30.4403811, 36.7888944], [30.440739, 36.78893], [30.4409449, 36.7889113], [30.4411122, 36.7887994], [30.4411586, 36.7887124], [30.4411116, 36.7885932], [30.4409574, 36.7885449], [30.4408291, 36.7885221], [30.4404705, 36.7883523], [30.4399681, 36.7881988], [30.4395679, 36.7881512], [30.4394493, 36.7880586], [30.4394527, 36.7879874], [30.4394627, 36.7879331], [30.4395479, 36.7878478], [30.4397464, 36.7878036], [30.4398103, 36.7877893], [30.4400548, 36.7877597], [30.4402904, 36.7877534], [30.4407145, 36.787822], [30.4409105, 36.7878102], [30.4410164, 36.7877232], [30.4409856, 36.7876223], [30.4408514, 36.787531], [30.4406583, 36.7875159], [30.4402332, 36.7873344], [30.4399636, 36.7870563], [30.4399301, 36.786936], [30.4399462, 36.786791], [30.4401728, 36.7865869], [30.4403646, 36.7864161], [30.4404813, 36.7861626], [30.4405779, 36.7860316], [30.4407005, 36.7859176], [30.4406025, 36.7857266], [30.4404407, 36.7855118], [30.4403556, 36.7853004], [30.4402704, 36.7851333], [30.4401895, 36.785014], [30.4399681, 36.7850719], [30.4397719, 36.7852852], [30.4396154, 36.7852466], [30.439619, 36.7850719], [30.439668, 36.7849741], [30.4395338, 36.7849253], [30.4392358, 36.7849083], [30.4390229, 36.784898], [30.4387887, 36.7848401], [30.4385758, 36.7846764], [30.4385395, 36.7846218], [30.4385779, 36.7844769], [30.4386993, 36.7843797], [30.4388441, 36.7843115], [30.4389718, 36.7842535], [30.4392476, 36.7842128], [30.4396648, 36.7842032], [30.4399127, 36.7839898], [30.4400092, 36.7839576], [30.4400584, 36.7838339], [30.4400882, 36.7837717], [30.4401218, 36.7837131], [30.4401738, 36.7835993], [30.4399, 36.783517], [30.4396786, 36.7833874], [30.4395568, 36.7832937], [30.4395101, 36.7832578], [30.4392486, 36.7830327], [30.4390825, 36.7830037]]}}, {"type": "Feature", "properties": {"category": "lycian_way", "name": "Likya Yolu", "ref": "", "relation_id": 51855, "role": ""}, "geometry": {"type": "LineString", "coordinates": [[30.4390825, 36.7830037], [30.4390139, 36.7829687], [30.4389798, 36.7828633], [30.4390297, 36.7827422], [30.4390564, 36.7826687], [30.4391844, 36.7825548], [30.4393066, 36.7824474], [30.4393957, 36.7822686], [30.4394366, 36.7821509], [30.4394661, 36.7820435], [30.4393132, 36.781949], [30.4391657, 36.7818845], [30.4390208, 36.7818652], [30.4388401, 36.7818929], [30.4387244, 36.7819484], [30.4385622, 36.7819747], [30.4384361, 36.781979], [30.4382242, 36.7821724], [30.4381518, 36.7822755], [30.4380499, 36.7823507], [30.4379962, 36.7823292], [30.4379292, 36.782355], [30.437838, 36.7824259], [30.4377173, 36.7824602], [30.4375671, 36.7824345], [30.4374652, 36.7823496], [30.4373954, 36.7822304], [30.4374169, 36.7821788], [30.4374061, 36.7821251], [30.4373848, 36.7820813], [30.4373525, 36.7820268], [30.4373129, 36.7819796], [30.4373344, 36.7819119], [30.4373391, 36.7818502], [30.4373203, 36.7817675], [30.4372855, 36.7816869], [30.4372747, 36.7815398], [30.4372211, 36.781486], [30.4372318, 36.7814409], [30.4373083, 36.7812949], [30.4373056, 36.7812218], [30.4373458, 36.7811863], [30.4374289, 36.7811896], [30.4374839, 36.7811627], [30.4374899, 36.781154], [30.4376825, 36.780964], [30.4378395, 36.7808157], [30.4380547, 36.7807144], [30.4382136, 36.7806478], [30.4384066, 36.7804774], [30.4387468, 36.7803227], [30.4390466, 36.7801988], [30.4394044, 36.7799683], [30.4397745, 36.7798501], [30.4401259, 36.7797749], [30.4402707, 36.7797534], [30.440437, 36.7797212], [30.4406597, 36.7796632], [30.4407857, 36.7796525], [30.4409186, 36.7797063], [30.4411066, 36.7796021], [30.4412218, 36.7794913], [30.4413943, 36.7793881], [30.4413758, 36.7792593], [30.4413983, 36.7791177], [30.4414241, 36.7790123], [30.4414355, 36.7790209]]}}, {"type": "Feature", "properties": {"category": "lycian_way", "name": "Likya Yolu", "ref": "", "relation_id": 51855, "role": ""}, "geometry": {"type": "LineString", "coordinates": [[30.4414355, 36.7790209], [30.4414637, 36.7790929], [30.4415177, 36.7790971], [30.4415367, 36.7790166], [30.4416762, 36.7789274], [30.4417265, 36.7789505], [30.4419136, 36.7789532], [30.4419565, 36.7789838], [30.4421584, 36.7789957], [30.4422938, 36.7789618], [30.4424594, 36.7789172], [30.4425278, 36.7789264], [30.4427634, 36.7787922]]}}, {"type": "Feature", "properties": {"category": "lycian_way", "name": "Likya Yolu", "ref": "", "relation_id": 51855, "role": ""}, "geometry": {"type": "LineString", "coordinates": [[30.4427634, 36.7787922], [30.4428014, 36.7788028], [30.4428537, 36.778864], [30.4428946, 36.7790307], [30.4431021, 36.7790271], [30.4432139, 36.7789494], [30.4433278, 36.779055], [30.4434948, 36.7788705], [30.4434988, 36.778631], [30.4435578, 36.7785139]]}}, {"type": "Feature", "properties": {"category": "lycian_way", "name": "Likya Yolu", "ref": "", "relation_id": 51855, "role": ""}, "geometry": {"type": "LineString", "coordinates": [[30.4435578, 36.7785139], [30.4436919, 36.7783978]]}}, {"type": "Feature", "properties": {"category": "lycian_way", "name": "Likya Yolu", "ref": "", "relation_id": 51855, "role": ""}, "geometry": {"type": "LineString", "coordinates": [[30.4436919, 36.7783978], [30.4437858, 36.7783812], [30.4438233, 36.7783742], [30.443854, 36.7783524], [30.4439054, 36.7782943]]}}, {"type": "Feature", "properties": {"category": "lycian_way", "name": "Likya Yolu", "ref": "", "relation_id": 51855, "role": ""}, "geometry": {"type": "LineString", "coordinates": [[30.4439054, 36.7782943], [30.4437951, 36.7782312], [30.4437214, 36.7781547]]}}, {"type": "Feature", "properties": {"category": "lycian_way", "name": "Likya Yolu", "ref": "", "relation_id": 51855, "role": ""}, "geometry": {"type": "LineString", "coordinates": [[30.4437214, 36.7781547], [30.4428803, 36.777659], [30.4428177, 36.7776221], [30.4423749, 36.7773248], [30.4418989, 36.7770756], [30.44186, 36.7768253], [30.4418546, 36.7766545], [30.4419015, 36.7765449], [30.4420088, 36.7765073], [30.4420853, 36.7765804], [30.4422583, 36.7766534], [30.4424313, 36.7767759], [30.4429556, 36.7770057], [30.443598, 36.7771669], [30.444003, 36.7773022], [30.4442203, 36.7774934], [30.4443249, 36.7776019], [30.4443766, 36.7776166], [30.4443893, 36.7776202], [30.4444376, 36.7776159], [30.4444899, 36.7775686], [30.4445328, 36.7774719], [30.4444671, 36.7773656], [30.444286, 36.7772163], [30.4440835, 36.7770068], [30.4439494, 36.7768425], [30.4434787, 36.7766051], [30.4433848, 36.7765374], [30.4433258, 36.7763988], [30.4433043, 36.7761797], [30.4431917, 36.7760325], [30.4428805, 36.7757693], [30.4426204, 36.775605], [30.4425023, 36.7754782], [30.4424219, 36.7753375], [30.4424138, 36.7752247], [30.4424554, 36.7751775], [30.4424112, 36.774896], [30.4423414, 36.7747155], [30.4423052, 36.774548], [30.4423709, 36.7744062], [30.4424066, 36.7743698]]}}, {"type": "Feature", "properties": {"category": "lycian_way", "name": "Likya Yolu", "ref": "", "relation_id": 51855, "role": ""}, "geometry": {"type": "LineString", "coordinates": [[30.4464302, 36.7764638], [30.4459975, 36.7762606], [30.4457685, 36.7760568], [30.4453818, 36.7758285], [30.4451274, 36.7756737], [30.4446338, 36.7755962], [30.4437077, 36.7752498], [30.4428528, 36.7748626], [30.4424066, 36.7743698]]}}, {"type": "Feature", "properties": {"category": "lycian_way", "name": "Likya Yolu", "ref": "", "relation_id": 51855, "role": ""}, "geometry": {"type": "LineString", "coordinates": [[30.4501958, 36.7749539], [30.4500799, 36.7751595], [30.4500205, 36.7753874], [30.4498988, 36.7757452], [30.4495833, 36.7759023], [30.4486276, 36.7754817], [30.448122, 36.7754206], [30.4480321, 36.7754097], [30.4474766, 36.7752238], [30.4473876, 36.7756449], [30.447146, 36.7756732], [30.4474357, 36.7760353], [30.4470606, 36.7766535], [30.44693, 36.776699], [30.4464302, 36.7764638]]}}, {"type": "Feature", "properties": {"category": "lycian_way", "name": "Likya Yolu", "ref": "", "relation_id": 51855, "role": ""}, "geometry": {"type": "LineString", "coordinates": [[30.4501958, 36.7749539], [30.4505813, 36.7750435], [30.4508922, 36.7750435], [30.4510868, 36.7749724], [30.4512868, 36.7749873], [30.451296, 36.7750475], [30.4512463, 36.7751452], [30.4511264, 36.7753895]]}}, {"type": "Feature", "properties": {"category": "lycian_way", "name": "Likya Yolu", "ref": "", "relation_id": 51855, "role": ""}, "geometry": {"type": "LineString", "coordinates": [[30.4511264, 36.7753895], [30.4512202, 36.7755103], [30.4513919, 36.7755748], [30.4516387, 36.7756693], [30.4516923, 36.7757896], [30.451864, 36.7758755], [30.4521751, 36.7759357], [30.4523789, 36.7759357], [30.4525238, 36.7759314], [30.4526579, 36.7758755], [30.4529583, 36.775708], [30.4532212, 36.775622], [30.4533445, 36.7755791], [30.453425, 36.7755447], [30.4535108, 36.7755017], [30.4536235, 36.7754544], [30.4539185, 36.7753255], [30.4540312, 36.775274]]}}, {"type": "Feature", "properties": {"category": "lycian_way", "name": "Likya Yolu", "ref": "", "relation_id": 51855, "role": ""}, "geometry": {"type": "LineString", "coordinates": [[30.4540312, 36.775274], [30.4541324, 36.775128], [30.4543175, 36.7749551], [30.4545757, 36.7748507], [30.4547748, 36.7747166], [30.4549646, 36.7746209], [30.455265, 36.7744619], [30.4555815, 36.7743802], [30.455898, 36.7743845], [30.4560177, 36.7743717], [30.4561394, 36.7743587], [30.4563272, 36.7742255], [30.4565525, 36.7740107], [30.4567509, 36.7738216], [30.4569923, 36.7737443], [30.4572928, 36.77374], [30.4574483, 36.7736498], [30.4574167, 36.7733586], [30.4573435, 36.7732957], [30.4573014, 36.7732363], [30.4573551, 36.7731687], [30.4574624, 36.7731364], [30.457736, 36.7731901], [30.4579304, 36.77329], [30.4581973, 36.7733663], [30.4585607, 36.7733738], [30.4590502, 36.7733953], [30.4592585, 36.7733699]]}}, {"type": "Feature", "properties": {"category": "lycian_way", "name": "Likya Yolu", "ref": "", "relation_id": 51855, "role": ""}, "geometry": {"type": "LineString", "coordinates": [[30.4677915, 36.7757711], [30.4676338, 36.7757494], [30.4674806, 36.7756767], [30.4672774, 36.7754909], [30.4671451, 36.7752247], [30.4669386, 36.774997], [30.4667857, 36.7749218], [30.4663083, 36.7748552], [30.4659569, 36.7747413], [30.4657745, 36.7746232], [30.465686, 36.774462], [30.4654376, 36.7743493], [30.4654132, 36.7743382], [30.464776, 36.7742992], [30.4640752, 36.774335], [30.46377, 36.7743765], [30.4633186, 36.7743049], [30.4628313, 36.7740675], [30.4623072, 36.7737392], [30.4615179, 36.7735708], [30.4609506, 36.773467], [30.4592585, 36.7733699]]}}, {"type": "Feature", "properties": {"category": "lycian_way", "name": "Likya Yolu", "ref": "", "relation_id": 51855, "role": ""}, "geometry": {"type": "LineString", "coordinates": [[30.4675938, 36.7759654], [30.4677915, 36.7757711]]}}, {"type": "Feature", "properties": {"category": "lycian_way", "name": "Likya Yolu", "ref": "", "relation_id": 51855, "role": ""}, "geometry": {"type": "LineString", "coordinates": [[30.4677534, 36.7759974], [30.4676377, 36.7760069], [30.4675938, 36.7759654]]}}, {"type": "Feature", "properties": {"category": "lycian_way", "name": "Likya Yolu", "ref": "", "relation_id": 51855, "role": ""}, "geometry": {"type": "LineString", "coordinates": [[30.4736582, 36.7745296], [30.4730732, 36.7744733], [30.4720201, 36.7744171], [30.4713824, 36.7744921], [30.4695929, 36.7748624], [30.4692381, 36.7751131], [30.468987, 36.7752892], [30.468694, 36.775517], [30.4683616, 36.7757383], [30.4679412, 36.775944], [30.4677534, 36.7759974]]}}, {"type": "Feature", "properties": {"category": "lycian_way", "name": "Likya Yolu", "ref": "", "relation_id": 51855, "role": ""}, "geometry": {"type": "LineString", "coordinates": [[30.4761185, 36.7704452], [30.4760538, 36.7706838], [30.4761391, 36.7709455], [30.4761708, 36.771162], [30.4762229, 36.7714843], [30.4762105, 36.7717031], [30.4761064, 36.7718753], [30.4760011, 36.7719753], [30.4759669, 36.7720078], [30.4755807, 36.7718776], [30.4752412, 36.7720555], [30.4750716, 36.7723376], [30.4749699, 36.7724026], [30.4748596, 36.7724332], [30.4746264, 36.7724667], [30.4743929, 36.7727113], [30.4742757, 36.7730116], [30.474138, 36.7732601], [30.4742134, 36.7735618], [30.4743295, 36.7737115], [30.4740697, 36.7739798], [30.4738256, 36.7741899], [30.4736858, 36.7744306], [30.4736582, 36.7745296]]}}, {"type": "Feature", "properties": {"category": "lycian_way", "name": "Likya Yolu", "ref": "", "relation_id": 51855, "role": ""}, "geometry": {"type": "LineString", "coordinates": [[30.5097291, 36.8027799], [30.5099586, 36.802694], [30.5103446, 36.8026155], [30.510644, 36.8023346], [30.510788, 36.8019068], [30.5109133, 36.8017692], [30.5111599, 36.8018041], [30.5113172, 36.8017183], [30.5119318, 36.8016101], [30.5120225, 36.8016376]]}}, {"type": "Feature", "properties": {"category": "lycian_way", "name": "Likya Yolu", "ref": "", "relation_id": 51855, "role": ""}, "geometry": {"type": "LineString", "coordinates": [[30.5120225, 36.8016376], [30.5128382, 36.8018429], [30.5132447, 36.8019864], [30.5136737, 36.8020364], [30.513898, 36.8022396], [30.5144608, 36.8022691], [30.5149441, 36.8023181], [30.51518, 36.8022925], [30.5155031, 36.8023848], [30.5158341, 36.8024173], [30.516208, 36.8023948], [30.5164711, 36.8022831], [30.5169117, 36.8024249], [30.5170423, 36.8024618], [30.5172289, 36.8025208]]}}, {"type": "Feature", "properties": {"category": "lycian_way", "name": "Likya Yolu", "ref": "", "relation_id": 51855, "role": ""}, "geometry": {"type": "LineString", "coordinates": [[30.5172289, 36.8025208], [30.5174652, 36.8025811], [30.5178277, 36.8027364], [30.5181535, 36.803014], [30.5183364, 36.8032551], [30.5186468, 36.8032871], [30.519068, 36.8035331], [30.5194962, 36.8036019], [30.5198028, 36.8038286], [30.520026, 36.8039903], [30.5202499, 36.804151], [30.5204968, 36.804295], [30.520906, 36.8042837], [30.5212418, 36.8042274], [30.5216391, 36.804514], [30.5219335, 36.8048218], [30.5221572, 36.8050904], [30.5224703, 36.80526], [30.5229588, 36.8052502], [30.5232178, 36.8051865], [30.5236746, 36.8055306], [30.524162, 36.8059167], [30.5245144, 36.8062246], [30.5248094, 36.806529], [30.5251726, 36.806713], [30.5255009, 36.8068927], [30.5258493, 36.807087], [30.5261562, 36.8072801], [30.5262768, 36.8074122], [30.5266683, 36.8071917], [30.5268668, 36.8069507], [30.5272993, 36.8067494], [30.5275305, 36.8063968], [30.5276992, 36.8061145], [30.5278173, 36.8058789], [30.5282781, 36.805524], [30.5280468, 36.8049133], [30.5282894, 36.8046485], [30.5282157, 36.8043038], [30.5282115, 36.8042266], [30.5286413, 36.8044662]]}}, {"type": "Feature", "properties": {"category": "lycian_way", "name": "Likya Yolu", "ref": "", "relation_id": 51855, "role": ""}, "geometry": {"type": "LineString", "coordinates": [[30.529592, 36.8058169], [30.5294223, 36.8057403], [30.529319, 36.8056686], [30.5290497, 36.8056712], [30.5289852, 36.8057553], [30.528916, 36.8057454], [30.5288841, 36.8056659], [30.5289724, 36.8054754], [30.5289435, 36.8053644], [30.5289976, 36.805133], [30.5288879, 36.8050688], [30.528912, 36.8049827], [30.5288543, 36.8049352], [30.5286736, 36.805049], [30.5286702, 36.8048005], [30.5285472, 36.8046155], [30.5286368, 36.8045441], [30.5286413, 36.8044662]]}}, {"type": "Feature", "properties": {"category": "lycian_way", "name": "Likya Yolu", "ref": "", "relation_id": 51855, "role": ""}, "geometry": {"type": "LineString", "coordinates": [[30.5335903, 36.802615], [30.5335316, 36.8026175], [30.533491, 36.8026594], [30.5334648, 36.8029232], [30.5333892, 36.8030429], [30.5331439, 36.8032785], [30.5331436, 36.8033446], [30.5331928, 36.8034275], [30.5332836, 36.8036876], [30.5332777, 36.8037655], [30.5332443, 36.8038466], [30.5331543, 36.8039438], [30.5330733, 36.8040176], [30.5329183, 36.8041413], [30.5327817, 36.8042781], [30.5326946, 36.8046937], [30.5325318, 36.8049626], [30.5324153, 36.8052602], [30.5323445, 36.8054438], [30.5322154, 36.8057783], [30.5320551, 36.8059067], [30.5319339, 36.8059324], [30.5318145, 36.8059097], [30.5313678, 36.8057416], [30.5311292, 36.8057048], [30.5309097, 36.8056315], [30.530802, 36.8055437], [30.5307189, 36.805432], [30.5305661, 36.8052066], [30.5303487, 36.8051335], [30.5301511, 36.8050897], [30.5300724, 36.8051142], [30.5300027, 36.8051618], [30.5298784, 36.8054498], [30.5297318, 36.8056318], [30.529592, 36.8058169]]}}, {"type": "Feature", "properties": {"category": "lycian_way", "name": "Likya Yolu", "ref": "", "relation_id": 51855, "role": ""}, "geometry": {"type": "LineString", "coordinates": [[30.5335903, 36.802615], [30.5343649, 36.8017148], [30.5342375, 36.80125], [30.5345348, 36.800876], [30.5337561, 36.7995157], [30.5341384, 36.7990736], [30.5337844, 36.7984501], [30.5342375, 36.7978493], [30.5344215, 36.7976112], [30.5344215, 36.7970331], [30.534733, 36.7976793], [30.534648, 36.7981327], [30.5346055, 36.7984728], [30.534917, 36.7987448], [30.5349736, 36.7993116], [30.5349736, 36.7997537], [30.5351152, 36.8003205], [30.5355824, 36.8009893], [30.5356815, 36.8016695], [30.5357522, 36.8023269], [30.5362336, 36.802667], [30.5361345, 36.8035398], [30.5366724, 36.8040159], [30.53652, 36.80476]]}}, {"type": "Feature", "properties": {"category": "lycian_way", "name": "Likya Yolu", "ref": "", "relation_id": 51855, "role": ""}, "geometry": {"type": "LineString", "coordinates": [[30.5378202, 36.8077341], [30.53753, 36.8068], [30.5370792, 36.8061945], [30.5365286, 36.8052161], [30.53652, 36.80476]]}}, {"type": "Feature", "properties": {"category": "lycian_way", "name": "Likya Yolu", "ref": "", "relation_id": 51855, "role": ""}, "geometry": {"type": "LineString", "coordinates": [[30.5378202, 36.8077341], [30.5378374, 36.8076376]]}}, {"type": "Feature", "properties": {"category": "lycian_way", "name": "Likya Yolu", "ref": "", "relation_id": 51855, "role": ""}, "geometry": {"type": "LineString", "coordinates": [[30.5378374, 36.8076376], [30.5378884, 36.8075517], [30.5379555, 36.807513], [30.5381137, 36.8074529], [30.5381685, 36.8074028], [30.5381916, 36.8073817], [30.5382532, 36.807455], [30.5383283, 36.8075474], [30.5384302, 36.8075774], [30.5383766, 36.8076161], [30.5384222, 36.8076913], [30.5384624, 36.8077707], [30.5385247, 36.8078279], [30.538626, 36.8078738], [30.538677, 36.8079275], [30.5387413, 36.8079597], [30.5388272, 36.8080155], [30.5389372, 36.8080308], [30.5390069, 36.8079833], [30.5391142, 36.807848], [30.5392054, 36.8078158], [30.5392751, 36.8079554], [30.5393007, 36.8079926], [30.5393647, 36.8079711], [30.5396023, 36.808052], [30.5395809, 36.8081422], [30.5395326, 36.8082496], [30.5395312, 36.8084279], [30.5396479, 36.8085138], [30.5397096, 36.8085567], [30.5397955, 36.8085288], [30.5399081, 36.8085266], [30.5400181, 36.8085567], [30.5403827, 36.808762], [30.540517, 36.8088531], [30.5405089, 36.8089604], [30.5405572, 36.8090334], [30.5406189, 36.8090893], [30.5408442, 36.8091881], [30.5410024, 36.8093491], [30.5410883, 36.8094479], [30.5411527, 36.8095531], [30.5413136, 36.8096111], [30.5414799, 36.8096412], [30.5417959, 36.8097484], [30.5419251, 36.8098108], [30.5421022, 36.8099289], [30.5421308, 36.809994], [30.5422014, 36.8099268], [30.5422282, 36.8098409], [30.5422631, 36.809712], [30.5422899, 36.8096347], [30.5423033, 36.8095381], [30.5423328, 36.8095037], [30.5424079, 36.8095274], [30.5424839, 36.809545], [30.5425635, 36.8095188], [30.5425984, 36.8094372], [30.5426493, 36.8093277], [30.5426306, 36.8091666], [30.5425233, 36.8090206], [30.542475, 36.8089003], [30.542365, 36.8088187], [30.5423693, 36.8086997], [30.5424482, 36.8086061], [30.5425635, 36.8085803], [30.5427673, 36.8084515], [30.5429068, 36.8084085], [30.5430222, 36.8083398], [30.5431429, 36.8083097], [30.54326, 36.8083038], [30.5433065, 36.8084064], [30.5434003, 36.8084493], [30.5434674, 36.8085331], [30.5437084, 36.8086364], [30.5438188, 36.808604], [30.5439207, 36.808619], [30.5440119, 36.8086061], [30.5440602, 36.808576], [30.544095, 36.8085975], [30.5441594, 36.8085954], [30.5442533, 36.8085374], [30.5442613, 36.8084858], [30.5443042, 36.8084687], [30.5443713, 36.8084837], [30.5444062, 36.8084773], [30.5443874, 36.8084064], [30.5444357, 36.8083527], [30.5445135, 36.8083248], [30.5446422, 36.8083806], [30.5447272, 36.8083668], [30.5448621, 36.8083505], [30.5449399, 36.8083076], [30.545066, 36.8082861], [30.5451706, 36.8082711], [30.5453235, 36.8081959], [30.5454442, 36.8081208], [30.545581, 36.8080155], [30.5457468, 36.8079915], [30.5458814, 36.8079747], [30.5460396, 36.8079876], [30.5461657, 36.8079597], [30.5463079, 36.8080069], [30.546452, 36.8080269], [30.5465063, 36.8081337], [30.5465493, 36.8082582], [30.5465788, 36.8083849], [30.5466244, 36.8084579], [30.5467343, 36.808576], [30.5468899, 36.8086748], [30.5470176, 36.8087253], [30.5472681, 36.8087371], [30.5473995, 36.8087392], [30.547488, 36.8087843], [30.5476168, 36.808896], [30.5481452, 36.8091644], [30.5486602, 36.8093942], [30.5488774, 36.8095617], [30.5491361, 36.8096975], [30.5492797, 36.8097271], [30.5493978, 36.8096992], [30.5495802, 36.8097657], [30.5498028, 36.8097314], [30.5501327, 36.8097292], [30.5503955, 36.809712], [30.5505779, 36.8096605], [30.5510098, 36.8095403], [30.5511707, 36.8094844], [30.5513048, 36.8094114], [30.5514175, 36.8094007], [30.5515945, 36.8094264], [30.5517688, 36.8094823], [30.5520666, 36.8094264], [30.5522087, 36.80942], [30.5523616, 36.8094415], [30.5525225, 36.8094329], [30.5526915, 36.8094737], [30.5528873, 36.8094586], [30.5530778, 36.8094672], [30.5533204, 36.8094469], [30.5534264, 36.8094243], [30.5535766, 36.80942], [30.5538449, 36.8094715], [30.5540943, 36.8095102], [30.5543464, 36.8095853], [30.5547836, 36.8097013], [30.5549553, 36.8098022], [30.5551618, 36.8098602], [30.555326, 36.8098304], [30.5554891, 36.8097636], [30.5556983, 36.8097743], [30.5558217, 36.8097013], [30.5559048, 36.8096691], [30.5561355, 36.8096627], [30.5562723, 36.8095875], [30.5566826, 36.8094264], [30.556975, 36.809377], [30.5571091, 36.8093105], [30.5574658, 36.8092525], [30.5575919, 36.8092589], [30.5576643, 36.8093255], [30.557844, 36.8093277], [30.5580533, 36.8093362], [30.5582356, 36.8093813], [30.558359, 36.8093878], [30.5584609, 36.8094243], [30.5584797, 36.8095037], [30.558528, 36.8095295], [30.558698, 36.8094754], [30.5587694, 36.8095403], [30.5588235, 36.8095269], [30.5588898, 36.809522], [30.5589442, 36.8095464], [30.5592227, 36.809478], [30.5603439, 36.8094909], [30.5606121, 36.8094823], [30.5609071, 36.8094093], [30.5611217, 36.8094393], [30.5613524, 36.8095059], [30.5615991, 36.8094672], [30.5618566, 36.8095059], [30.5619559, 36.8095811], [30.5620739, 36.8096326], [30.5623072, 36.809667], [30.5626345, 36.809843], [30.562849, 36.8098345], [30.5630435, 36.8097535], [30.563423, 36.809682], [30.5636081, 36.8097679], [30.5639434, 36.809828], [30.5642009, 36.8099826], [30.5644262, 36.8100449], [30.5646059, 36.8101652], [30.5646837, 36.8101823], [30.5649546, 36.8101265], [30.5650753, 36.8101136], [30.5651857, 36.8101212], [30.5653435, 36.8101759], [30.5654776, 36.8101931], [30.5656251, 36.8102253], [30.5657297, 36.810294], [30.566006, 36.8103778], [30.5663037, 36.8104057], [30.5664378, 36.8105088], [30.5666149, 36.8105646], [30.5667141, 36.8105581], [30.5668589, 36.8105002], [30.567044, 36.810513], [30.5672103, 36.8104894], [30.5674222, 36.8104379], [30.5675805, 36.810483], [30.5676663, 36.8105946], [30.5679023, 36.8106333], [30.5683625, 36.8108402], [30.5684522, 36.8108137], [30.5685648, 36.8108438], [30.5686802, 36.8108974], [30.5687875, 36.8109662], [30.5688947, 36.8109769], [30.5690342, 36.8110284], [30.5695321, 36.8112864], [30.5699542, 36.8115395], [30.5700615, 36.8116426], [30.570123, 36.8116526], [30.5702063, 36.8116662], [30.5703646, 36.8117392], [30.5705094, 36.8118681], [30.5706784, 36.8119132], [30.5711344, 36.8120978], [30.5713423, 36.8123147]]}}, {"type": "Feature", "properties": {"category": "lycian_way", "name": "Likya Yolu", "ref": "", "relation_id": 51855, "role": ""}, "geometry": {"type": "LineString", "coordinates": [[30.5881674, 36.8191498], [30.5881671, 36.8190902], [30.5881302, 36.819054], [30.5880578, 36.8190089], [30.5880015, 36.8189874], [30.5879666, 36.8189788], [30.5879424, 36.8189477], [30.5878821, 36.8189144], [30.5878419, 36.8188897], [30.5878124, 36.8188522], [30.5877681, 36.8188446], [30.5877051, 36.8188489], [30.5876581, 36.8188242], [30.5875777, 36.8187759], [30.587524, 36.8187083], [30.5874811, 36.8185698], [30.5874315, 36.8184646], [30.5873671, 36.8183701], [30.5873081, 36.8183057], [30.5872411, 36.8182713], [30.5872115, 36.8182284], [30.5872196, 36.8181726], [30.5872196, 36.8181167], [30.5871901, 36.8180631], [30.5871284, 36.8179686], [30.5870801, 36.8179256], [30.5870211, 36.8178762], [30.5870023, 36.8178333], [30.5869567, 36.8177732], [30.5868897, 36.8177023], [30.5868039, 36.8176422], [30.5867287, 36.8175971], [30.5866925, 36.8175434], [30.5866604, 36.8174876], [30.5866, 36.8174371], [30.586541, 36.8174071], [30.5864806, 36.8173502], [30.5864458, 36.8173008], [30.586427, 36.8172514], [30.5863868, 36.8172267], [30.5863358, 36.8172052], [30.5863186, 36.8171879], [30.5863103, 36.8171795], [30.5863036, 36.8171537], [30.5862929, 36.817144], [30.5862748, 36.8171639], [30.5862587, 36.8171779], [30.5862392, 36.8171736], [30.5861923, 36.8171387], [30.5861534, 36.8170936], [30.5860911, 36.8170517], [30.586024, 36.8170114], [30.5859885, 36.8169814], [30.5859677, 36.816968], [30.585916, 36.8169433], [30.5858865, 36.8169105], [30.5858584, 36.8168885], [30.585847, 36.8168558], [30.5858088, 36.8168295], [30.5857484, 36.8168295], [30.585672, 36.8168305], [30.5856096, 36.8168198], [30.58557, 36.8168037], [30.5855218, 36.8167763], [30.5854581, 36.816772], [30.5853716, 36.8167339], [30.5853058, 36.8166953], [30.5852294, 36.8166448], [30.5851315, 36.8166158], [30.585098, 36.8165911], [30.5850135, 36.8165825], [30.5849317, 36.8165653], [30.5848499, 36.8165342], [30.5848016, 36.8165149], [30.5847667, 36.8164966], [30.5846702, 36.8164827], [30.5846018, 36.816488], [30.5845039, 36.8165042], [30.5844395, 36.8165224], [30.5844234, 36.8165696], [30.5844207, 36.816648], [30.5843832, 36.8166963], [30.5842772, 36.8167425], [30.5841659, 36.8167769], [30.5840707, 36.8168187], [30.5840036, 36.8168713], [30.5838749, 36.8168928], [30.5837528, 36.8169347], [30.5835932, 36.8169433], [30.5834524, 36.8170002], [30.5833277, 36.8170624], [30.58327, 36.8171365], [30.5831641, 36.8171505], [30.5830662, 36.8172106], [30.5829938, 36.8172879], [30.5829066, 36.8173276], [30.5828395, 36.8174017], [30.5827685, 36.8174479], [30.5826826, 36.8174532], [30.5826142, 36.8174178], [30.5825633, 36.817406], [30.5824332, 36.8174296], [30.582401, 36.8174382], [30.5823098, 36.8174339], [30.5822428, 36.8174554], [30.582169, 36.8174715], [30.5821207, 36.8175005], [30.5820443, 36.817508], [30.5819745, 36.817494], [30.5818444, 36.8175187], [30.581764, 36.8175166], [30.5816621, 36.8174554], [30.5815682, 36.8174092], [30.5814247, 36.8174124], [30.5813469, 36.8174339], [30.5812503, 36.8174769], [30.5811095, 36.8175177], [30.5809566, 36.8175638], [30.5808856, 36.8175789], [30.5807407, 36.8175627], [30.5806093, 36.817567], [30.5805221, 36.81761], [30.5804108, 36.817625], [30.5802995, 36.8176422], [30.5802499, 36.8176626], [30.5802244, 36.8176787], [30.5802003, 36.8176594], [30.5801775, 36.8176315], [30.580097, 36.8176154], [30.5800259, 36.8176014], [30.5799843, 36.8175992], [30.5799267, 36.8175724], [30.5798368, 36.8175509], [30.5797456, 36.8175348], [30.579637, 36.8175144], [30.5795954, 36.8174822], [30.5795793, 36.8174404], [30.5795713, 36.8173953], [30.5795351, 36.8173631], [30.579464, 36.8173469], [30.5793875, 36.8173663], [30.5793285, 36.8173813], [30.5792454, 36.8173652], [30.5791783, 36.8173555], [30.5790777, 36.817362], [30.5790429, 36.8173427], [30.5790147, 36.8172997], [30.578949, 36.8172664], [30.5788779, 36.8172611], [30.5788068, 36.817289], [30.5787612, 36.8172718], [30.5787358, 36.8172353], [30.5786955, 36.8172138], [30.5786124, 36.8172213], [30.5785628, 36.817187], [30.5785051, 36.8171247], [30.5784488, 36.8170753], [30.5783576, 36.8169959], [30.5782677, 36.8169765], [30.5782181, 36.8169293], [30.5781926, 36.816867], [30.5781725, 36.8168144], [30.5781215, 36.8168005], [30.5780491, 36.8167833], [30.5780089, 36.8167221], [30.5779807, 36.8166738], [30.5779029, 36.8165943], [30.5778439, 36.816546], [30.5777796, 36.8165299], [30.5777085, 36.8165203], [30.5776495, 36.8164676], [30.5775918, 36.8163979], [30.5775475, 36.816312], [30.577518, 36.8162068], [30.577502, 36.816138], [30.5774765, 36.8161037], [30.5774121, 36.8160683], [30.5773893, 36.8160189], [30.5773531, 36.8159695], [30.5773062, 36.8158643], [30.5772619, 36.8157848], [30.5771962, 36.8157225], [30.5771224, 36.8156495], [30.5770594, 36.8155658], [30.5770299, 36.8154799], [30.5770098, 36.8153908], [30.5769722, 36.8152823], [30.5769347, 36.8152265], [30.576932, 36.815117], [30.5769172, 36.8149946], [30.5768931, 36.8148991], [30.5768166, 36.8148228], [30.576708, 36.814767], [30.5766812, 36.8147165], [30.5766597, 36.8146392], [30.5765632, 36.8146135], [30.5765256, 36.8145737], [30.5765055, 36.8145168], [30.5764465, 36.8145007], [30.5763634, 36.8145297], [30.5762923, 36.8145533], [30.5762306, 36.8145576], [30.576189, 36.8145952], [30.5761488, 36.8146178], [30.576075, 36.8146328], [30.5760066, 36.8146446], [30.5759516, 36.8146564], [30.5758993, 36.8146661], [30.5758403, 36.8146392], [30.5757759, 36.8145813], [30.5757049, 36.8145319], [30.5756405, 36.8145093], [30.5755654, 36.8144932], [30.5754903, 36.8144707], [30.5753964, 36.8144385], [30.5753468, 36.8144223], [30.5753133, 36.8143783], [30.575261, 36.8143418], [30.5751926, 36.8143408], [30.5751443, 36.8143644], [30.5750974, 36.8143622], [30.5750585, 36.81433], [30.5750424, 36.814271], [30.5750397, 36.8142291], [30.5750397, 36.8141872], [30.5750397, 36.8141368], [30.5750222, 36.8140981], [30.5749659, 36.8140369], [30.5749042, 36.8140025], [30.5748519, 36.813965], [30.5748077, 36.8139478], [30.574742, 36.8139478], [30.5746964, 36.8139714], [30.5746561, 36.8140015], [30.574632, 36.8139843], [30.5746293, 36.8139467], [30.5746374, 36.813892], [30.5745998, 36.8138759], [30.5745153, 36.8138587], [30.5744563, 36.8138436], [30.5744214, 36.8138415], [30.5743973, 36.8138662], [30.5743758, 36.8138716], [30.5743544, 36.8138479], [30.5743289, 36.8138157], [30.5742873, 36.813805], [30.5742377, 36.8138125], [30.5741639, 36.8138222], [30.5741183, 36.8137985], [30.5741116, 36.8137663], [30.5740634, 36.8137535], [30.5739829, 36.8137427], [30.573952, 36.8137094], [30.5739614, 36.8136611], [30.5739976, 36.8135763], [30.574003, 36.8135538], [30.5740298, 36.8135559], [30.5740432, 36.813513], [30.5740258, 36.8134496], [30.5740634, 36.8134024], [30.5741049, 36.8133626], [30.5741492, 36.8132853], [30.5741787, 36.8132392], [30.5742002, 36.8131672], [30.5741787, 36.8131157], [30.5741438, 36.8130695], [30.5741157, 36.8130298], [30.5740499, 36.8130094], [30.5740231, 36.8129707], [30.5739909, 36.8129106], [30.5739118, 36.8128505], [30.5738528, 36.8128097], [30.5737925, 36.8127936], [30.5737294, 36.8127904], [30.5736329, 36.8127732], [30.5735095, 36.8127582], [30.5734183, 36.8127571], [30.5733727, 36.8127485], [30.5732721, 36.8127399], [30.5731527, 36.812727], [30.5730723, 36.812742], [30.5729811, 36.81277], [30.5728818, 36.8127485], [30.5728295, 36.8127259], [30.5726525, 36.8126476], [30.5725157, 36.8126121], [30.5724299, 36.8126164], [30.5723481, 36.8125917], [30.5722676, 36.8125681], [30.5721322, 36.8125617], [30.5720544, 36.8125284], [30.5719753, 36.8124768], [30.571935, 36.812493], [30.5718935, 36.8124951], [30.5718304, 36.8124704], [30.571766, 36.8124446], [30.5716494, 36.8124038], [30.5715863, 36.8123824], [30.5714831, 36.8123845], [30.5713423, 36.8123147]]}}, {"type": "Feature", "properties": {"category": "lycian_way", "name": "Likya Yolu", "ref": "", "relation_id": 51855, "role": ""}, "geometry": {"type": "LineString", "coordinates": [[30.5923286, 36.8250414], [30.5922689, 36.8248361], [30.5922434, 36.8247438], [30.5922098, 36.8246526], [30.5921656, 36.8245388], [30.5921052, 36.824426], [30.5920731, 36.8243799], [30.5920355, 36.8243413], [30.5919041, 36.8242425], [30.5918022, 36.8242145], [30.5917458, 36.8242157], [30.5916922, 36.8242135], [30.5916332, 36.8241824], [30.5915782, 36.824133], [30.5914736, 36.8240278], [30.5914012, 36.8239162], [30.5912992, 36.8237766], [30.5912241, 36.8237272], [30.5911866, 36.8236499], [30.5911598, 36.8235877], [30.5911061, 36.8235232], [30.5910605, 36.8235061], [30.5909881, 36.8235426], [30.5909318, 36.8236263], [30.5908781, 36.8237015], [30.5908191, 36.823768], [30.5907574, 36.8238088], [30.5907011, 36.8238067], [30.5906582, 36.8237637], [30.5906126, 36.8236886], [30.5906126, 36.8235748], [30.5906126, 36.8234159], [30.590626, 36.8233364], [30.5906287, 36.8232763], [30.590626, 36.8232162], [30.5905482, 36.8231368], [30.5904007, 36.8230337], [30.5903068, 36.8229178], [30.5901968, 36.8227632], [30.5901405, 36.8226794], [30.5900627, 36.8225721], [30.5900118, 36.8224776], [30.5899554, 36.8223831], [30.5899152, 36.8222736], [30.5898991, 36.8221835], [30.5899367, 36.8221427], [30.5899447, 36.8221062], [30.5899179, 36.8220654], [30.5898455, 36.8220375], [30.5897891, 36.8219666], [30.5897355, 36.8218764], [30.5897382, 36.8218056], [30.5896581, 36.8217527], [30.5896389, 36.8216682], [30.5896389, 36.821608], [30.5896356, 36.8215024], [30.5896535, 36.821392], [30.5895673, 36.8213288], [30.5895826, 36.8212173], [30.5895317, 36.8211443], [30.5895017, 36.8210991], [30.5894796, 36.8210356], [30.5893781, 36.8208956], [30.5893982, 36.8207814], [30.5893171, 36.820732], [30.5893144, 36.8206805], [30.5893493, 36.8206461], [30.5893519, 36.8205624], [30.5893359, 36.8204207], [30.5892688, 36.8202682], [30.5892286, 36.8202038], [30.5892339, 36.8201437], [30.5892205, 36.82009], [30.5891454, 36.8200514], [30.5891025, 36.8200063], [30.5890998, 36.8199461], [30.5890489, 36.8198839], [30.5889201, 36.8198323], [30.5888316, 36.8197787], [30.5887645, 36.8197228], [30.5887136, 36.8196455], [30.5886358, 36.8195876], [30.5885527, 36.8195339], [30.5884239, 36.8194416], [30.5882925, 36.8193406], [30.5882576, 36.8192827], [30.588212, 36.8192548], [30.5881869, 36.8192413], [30.5881718, 36.8192204], [30.5881674, 36.8191498]]}}, {"type": "Feature", "properties": {"category": "lycian_way", "name": "Likya Yolu", "ref": "", "relation_id": 51855, "role": ""}, "geometry": {"type": "LineString", "coordinates": [[30.5953029, 36.8321606], [30.5951556, 36.8319588], [30.5950913, 36.8312074], [30.5950762, 36.8311019], [30.5950484, 36.8309069], [30.5949411, 36.8303873], [30.5949324, 36.8299298], [30.5949303, 36.8298163], [30.5947855, 36.8291335], [30.5945656, 36.8284637], [30.594072, 36.8274761], [30.5937287, 36.8268041], [30.593431, 36.8267075], [30.5932754, 36.8263983], [30.593093, 36.8262051], [30.5929079, 36.8259346], [30.5927282, 36.8256125], [30.5925834, 36.8253935], [30.5924144, 36.8251359], [30.5923286, 36.8250414]]}}, {"type": "Feature", "properties": {"category": "lycian_way", "name": "Likya Yolu", "ref": "", "relation_id": 51855, "role": ""}, "geometry": {"type": "LineString", "coordinates": [[30.5497305, 36.9282973], [30.5496753, 36.928349], [30.5495839, 36.9284091], [30.5494766, 36.9284478], [30.5493571, 36.928465], [30.5492124, 36.9284585], [30.5490606, 36.9284403], [30.5488871, 36.9284424], [30.5487635, 36.9284531], [30.5486832, 36.9284755], [30.5485185, 36.9285067], [30.5483129, 36.9285121], [30.5481546, 36.9285121], [30.5480608, 36.9284992]]}}, {"type": "Feature", "properties": {"category": "lycian_way", "name": "Likya Yolu", "ref": "", "relation_id": 51855, "role": ""}, "geometry": {"type": "LineString", "coordinates": [[30.5480608, 36.9284992], [30.548035, 36.9285594], [30.5480618, 36.9286366], [30.5480716, 36.9286924], [30.5480957, 36.9287475], [30.5481187, 36.9287995], [30.5481356, 36.9288646], [30.5481068, 36.9289221], [30.5480423, 36.9289743], [30.5478667, 36.929052], [30.5476415, 36.9291297], [30.5472818, 36.9292564], [30.5471579, 36.9293073], [30.5469371, 36.929465], [30.5466922, 36.9295462], [30.5464663, 36.9296707], [30.5460419, 36.9298372], [30.5459022, 36.9299642], [30.5456315, 36.9304675], [30.5454752, 36.9305733], [30.5452306, 36.9307097], [30.5447827, 36.9308681], [30.5446942, 36.9309361], [30.5444542, 36.9310345], [30.5441383, 36.9311169], [30.5440333, 36.9311198], [30.5439211, 36.93114], [30.5437974, 36.9311357], [30.543712, 36.9310807], [30.5435906, 36.93107], [30.5435261, 36.9310772], [30.5434501, 36.9310787]]}}, {"type": "Feature", "properties": {"category": "lycian_way", "name": "Likya Yolu", "ref": "", "relation_id": 51855, "role": ""}, "geometry": {"type": "LineString", "coordinates": [[30.5385616, 36.926334], [30.5386426, 36.9263049], [30.5386498, 36.9263297], [30.538731, 36.9263776], [30.5388325, 36.9263388], [30.5388516, 36.9263115], [30.538892, 36.9263234], [30.5389909, 36.9263235], [30.5390203, 36.9263573], [30.5391778, 36.9263966], [30.5392435, 36.926452], [30.539373, 36.9264561], [30.539438, 36.9264839], [30.5394835, 36.9265403], [30.5395667, 36.9265863], [30.5396213, 36.9265612], [30.5397143, 36.926575], [30.5397693, 36.9266621], [30.5400058, 36.926804], [30.5400815, 36.92688], [30.5402715, 36.9268815], [30.5404783, 36.9270421], [30.5405349, 36.9271462], [30.5406534, 36.9272203], [30.5407865, 36.9272539], [30.5410099, 36.9273521], [30.5411977, 36.9273967], [30.5412188, 36.9274384], [30.5412438, 36.9274584], [30.5412003, 36.9275824], [30.5412409, 36.9276519], [30.5412428, 36.9276961], [30.5413289, 36.9277505], [30.5413674, 36.9278964], [30.5413561, 36.9279296], [30.5413633, 36.9279729], [30.5413167, 36.9280316], [30.5413504, 36.9280742], [30.5413468, 36.928104], [30.5413799, 36.9281417], [30.5413608, 36.9282022], [30.5414367, 36.9282715], [30.541452, 36.9283294], [30.5415008, 36.9283304], [30.5415201, 36.9283209], [30.5415464, 36.9283514], [30.5418376, 36.9286627], [30.5421184, 36.9288919], [30.5422357, 36.9289419], [30.5422723, 36.9290241], [30.5425838, 36.9291685], [30.5425008, 36.9292422], [30.5425846, 36.929332], [30.5427735, 36.9294296], [30.5429095, 36.9295759], [30.5429696, 36.9296795], [30.5429634, 36.929821], [30.5430155, 36.9299297], [30.5429418, 36.9301325], [30.5430169, 36.9302386], [30.5430172, 36.9303579], [30.5429562, 36.9304469], [30.5430114, 36.9305319], [30.543179, 36.9306561], [30.5432236, 36.9307418], [30.5433307, 36.9307207], [30.5434175, 36.9308377], [30.543508, 36.9308666], [30.5435659, 36.9308811], [30.543637, 36.9309018], [30.5436976, 36.9309817], [30.5435889, 36.9309864], [30.5435292, 36.9310052], [30.5434785, 36.9310436], [30.5434501, 36.9310787]]}}, {"type": "Feature", "properties": {"category": "lycian_way", "name": "Likya Yolu", "ref": "", "relation_id": 51855, "role": ""}, "geometry": {"type": "LineString", "coordinates": [[30.5305731, 36.9201343], [30.5305678, 36.9201489], [30.5305826, 36.9201818], [30.530505, 36.9203554], [30.5304904, 36.920461], [30.5305491, 36.9206026], [30.5307207, 36.9207722], [30.5307832, 36.9207643], [30.5308992, 36.920894], [30.5309792, 36.9211056], [30.5310382, 36.9213123], [30.5311764, 36.9217524], [30.5312842, 36.9222392], [30.5313819, 36.9225807], [30.5316078, 36.9228221], [30.5317102, 36.9230154], [30.5317818, 36.9231874], [30.5318763, 36.923346], [30.5319847, 36.9234418], [30.5319543, 36.9235067], [30.5319922, 36.9235769], [30.5321273, 36.923545], [30.5322691, 36.9236194], [30.5322831, 36.9236818], [30.5323196, 36.9237528], [30.5323626, 36.9237865], [30.5324927, 36.9239053], [30.532594, 36.9240334], [30.5327436, 36.9241358], [30.5328443, 36.9241665], [30.5329467, 36.9242745], [30.5329831, 36.924415], [30.5330387, 36.9244264], [30.5332267, 36.9246097], [30.533445, 36.9248151], [30.5335118, 36.9248944], [30.5336738, 36.9249928], [30.5338468, 36.9249885], [30.5345963, 36.9253247], [30.5349641, 36.9254835], [30.5353127, 36.9256541], [30.5355811, 36.9257654], [30.5357283, 36.9258168], [30.5358611, 36.9259338], [30.5362175, 36.9259747], [30.5362582, 36.9260187], [30.5364155, 36.9260411], [30.5366264, 36.9259799], [30.5367221, 36.9259654], [30.5368415, 36.9259776], [30.536874, 36.9259404], [30.5369702, 36.9259762], [30.537078, 36.9259743], [30.5371378, 36.9259361], [30.5373045, 36.9259568], [30.5374828, 36.9260788], [30.5375551, 36.9259991], [30.5376692, 36.9260386], [30.5377525, 36.9261073], [30.5378351, 36.9261039], [30.5380764, 36.9261771], [30.5381851, 36.9261517], [30.5383003, 36.9261782], [30.5384918, 36.9262536], [30.5385224, 36.9263269], [30.5385616, 36.926334]]}}, {"type": "Feature", "properties": {"category": "lycian_way", "name": "Likya Yolu", "ref": "", "relation_id": 51855, "role": ""}, "geometry": {"type": "LineString", "coordinates": [[30.5322191, 36.9079934], [30.532172, 36.908024], [30.5321819, 36.9080971], [30.5319242, 36.9082534], [30.5318367, 36.9084242], [30.5317866, 36.9085537], [30.5314796, 36.908646], [30.531324, 36.9087627], [30.5311908, 36.9088683], [30.5311371, 36.9088913], [30.530932, 36.9087916], [30.5307031, 36.9091031], [30.5304164, 36.9092505], [30.5302446, 36.9093255], [30.529822, 36.9091988], [30.5296212, 36.909347], [30.5296705, 36.9096372], [30.5296292, 36.9098311], [30.5291327, 36.9099974], [30.5291282, 36.9102852], [30.5291764, 36.9104886], [30.5291137, 36.9108728], [30.5291284, 36.9110816], [30.5290094, 36.9114774], [30.528981, 36.911844], [30.5289773, 36.9118906], [30.5290318, 36.9121458], [30.5289086, 36.9123272], [30.5285358, 36.9125214], [30.528304, 36.912571], [30.5280888, 36.9126197], [30.5278856, 36.9127216], [30.5278079, 36.912839], [30.5275499, 36.9129337], [30.5273822, 36.9129993], [30.527345, 36.9132044], [30.5271876, 36.9136042], [30.5270188, 36.9139656], [30.5268323, 36.9142153], [30.5263137, 36.9143508], [30.5262242, 36.9144338], [30.5260549, 36.9146004], [30.5260473, 36.9148034], [30.5258399, 36.9151776], [30.5258952, 36.9153792], [30.526002, 36.9154758], [30.5262796, 36.9156294], [30.5265961, 36.9158831], [30.5264722, 36.9161753], [30.5266619, 36.9162414], [30.5267589, 36.916355], [30.5268905, 36.9165341], [30.5268632, 36.9166519], [30.5268804, 36.9169236], [30.5269451, 36.9170107], [30.5270471, 36.9171481], [30.5266187, 36.9173427], [30.5269368, 36.9173558], [30.5271501, 36.917537], [30.527291, 36.9177464], [30.5275546, 36.9179625], [30.5276576, 36.9181856], [30.5278591, 36.9183835], [30.5280417, 36.9186305], [30.5281759, 36.9188823], [30.528256, 36.9190869], [30.5284117, 36.9193199], [30.5283733, 36.9195703], [30.5280972, 36.9197977], [30.5282831, 36.9199024], [30.5284305, 36.9199973], [30.5285424, 36.9199872], [30.5287054, 36.9199216], [30.5288232, 36.9199319], [30.5289766, 36.9198567], [30.5293827, 36.9198522], [30.5296297, 36.9196635], [30.5298639, 36.9198233], [30.5301841, 36.9199294], [30.5304162, 36.9201021], [30.5305731, 36.9201343]]}}, {"type": "Feature", "properties": {"category": "lycian_way", "name": "Likya Yolu", "ref": "", "relation_id": 51855, "role": ""}, "geometry": {"type": "LineString", "coordinates": [[30.5348421, 36.9045566], [30.5348197, 36.9047753], [30.5347302, 36.9050767], [30.5344623, 36.9054799], [30.5341998, 36.9057918], [30.5338436, 36.9061691], [30.5335511, 36.9065256], [30.5332757, 36.9068021], [30.5332316, 36.907012], [30.5330408, 36.9074399], [30.5327077, 36.9076762], [30.5323276, 36.907923], [30.5322191, 36.9079934]]}}, {"type": "Feature", "properties": {"category": "lycian_way", "name": "Likya Yolu", "ref": "", "relation_id": 51855, "role": ""}, "geometry": {"type": "LineString", "coordinates": [[30.5365255, 36.9007098], [30.5362862, 36.9011165], [30.5360719, 36.9013716], [30.5355643, 36.901844], [30.5354318, 36.9019784], [30.5353336, 36.902173], [30.5352929, 36.9022998], [30.5352352, 36.9024795], [30.535226, 36.9028161], [30.5352046, 36.9033272], [30.5351968, 36.9034113], [30.5351734, 36.9035142], [30.535113, 36.90367], [30.5350273, 36.9039099], [30.5349532, 36.9040486], [30.5348889, 36.9041811], [30.5348402, 36.9042839], [30.534809, 36.9043665], [30.5348071, 36.9044724], [30.5348421, 36.9045566]]}}, {"type": "Feature", "properties": {"category": "lycian_way", "name": "Likya Yolu", "ref": "", "relation_id": 51855, "role": ""}, "geometry": {"type": "LineString", "coordinates": [[30.5248242, 36.8971082], [30.525576, 36.897135], [30.5260105, 36.8973632], [30.5262593, 36.8974939], [30.526941, 36.897852], [30.52767, 36.898138], [30.527917, 36.89818], [30.528173, 36.898172], [30.529213, 36.897886], [30.530219, 36.897979], [30.530949, 36.897989], [30.53143, 36.898078], [30.532144, 36.898357], [30.532969, 36.898816], [30.533623, 36.899122], [30.534135, 36.899303], [30.535185, 36.899568], [30.535648, 36.899745], [30.536011, 36.899988], [30.536393, 36.900552], [30.5364469, 36.9006162], [30.5365255, 36.9007098]]}}, {"type": "Feature", "properties": {"category": "lycian_way", "name": "Likya Yolu", "ref": "", "relation_id": 51855, "role": ""}, "geometry": {"type": "LineString", "coordinates": [[30.5248242, 36.8971082], [30.5243528, 36.8970321], [30.5242504, 36.8970156], [30.523942, 36.8969041], [30.5237446, 36.8967264], [30.5235375, 36.8963038], [30.5234695, 36.8961736], [30.5232704, 36.8957925], [30.5229579, 36.8957187], [30.5223955, 36.8958074], [30.5220771, 36.8956335], [30.5215219, 36.8956853], [30.5212682, 36.8955914], [30.520898, 36.8953608], [30.5206014, 36.8951822], [30.5200793, 36.8948677], [30.5198464, 36.8945851], [30.5193506, 36.894353], [30.5185709, 36.8938451], [30.5184995, 36.8937662], [30.5184674, 36.8937308], [30.5187705, 36.8933505]]}}, {"type": "Feature", "properties": {"category": "lycian_way", "name": "Likya Yolu", "ref": "", "relation_id": 51855, "role": ""}, "geometry": {"type": "LineString", "coordinates": [[30.5187705, 36.8933505], [30.5188255, 36.8930629]]}}, {"type": "Feature", "properties": {"category": "lycian_way", "name": "Likya Yolu", "ref": "", "relation_id": 51855, "role": ""}, "geometry": {"type": "LineString", "coordinates": [[30.5188255, 36.8930629], [30.5191071, 36.8929015], [30.5191822, 36.892421], [30.5192708, 36.8923384], [30.51942, 36.8921993], [30.5197691, 36.8922727], [30.519609, 36.8920305], [30.5196162, 36.8918772], [30.5194223, 36.8912976], [30.5194223, 36.8907017], [30.5198816, 36.8903017], [30.5204022, 36.8902854], [30.5207084, 36.8903833], [30.5208921, 36.8902364], [30.5209125, 36.8900323], [30.5208411, 36.8897547], [30.5209529, 36.8895916], [30.5210146, 36.8895017], [30.5211269, 36.8893711], [30.5211269, 36.889216]]}}, {"type": "Feature", "properties": {"category": "lycian_way", "name": "Likya Yolu", "ref": "", "relation_id": 51855, "role": ""}, "geometry": {"type": "LineString", "coordinates": [[30.520618, 36.8888661], [30.520656, 36.8888925], [30.5207051, 36.8889471], [30.5207737, 36.8889938], [30.5208543, 36.8890448], [30.5209206, 36.8890789], [30.5211269, 36.889216]]}}, {"type": "Feature", "properties": {"category": "lycian_way", "name": "Likya Yolu", "ref": "", "relation_id": 51855, "role": ""}, "geometry": {"type": "LineString", "coordinates": [[30.5176244, 36.8870555], [30.5179601, 36.8870623], [30.5182951, 36.8872278], [30.5185673, 36.8873751], [30.5188054, 36.8875552], [30.5190689, 36.887728], [30.5193495, 36.887792], [30.5196303, 36.8878079]]}}, {"type": "Feature", "properties": {"category": "lycian_way", "name": "Likya Yolu", "ref": "", "relation_id": 51855, "role": ""}, "geometry": {"type": "LineString", "coordinates": [[30.51652, 36.886353], [30.5165691, 36.8867026], [30.5167078, 36.8869095], [30.5170446, 36.8868432], [30.5173445, 36.8871597], [30.5176244, 36.8870555]]}}, {"type": "Feature", "properties": {"category": "lycian_way", "name": "Likya Yolu", "ref": "", "relation_id": 51855, "role": ""}, "geometry": {"type": "LineString", "coordinates": [[30.504697, 36.885738], [30.504689, 36.885769], [30.504742, 36.885882], [30.504764, 36.88592], [30.504819, 36.885953], [30.504848, 36.885974], [30.504918, 36.886021], [30.504941, 36.886051], [30.504984, 36.886068], [30.505033, 36.886071], [30.505077, 36.886074], [30.505113, 36.886086], [30.505187, 36.88613], [30.505237, 36.886142], [30.505501, 36.886138], [30.505537, 36.886124], [30.505575, 36.886127], [30.505607, 36.886118], [30.505667, 36.8861], [30.5057, 36.886081], [30.505734, 36.886048], [30.505775, 36.886016], [30.505822, 36.885999], [30.505855, 36.885958], [30.505904, 36.885923], [30.505944, 36.885907], [30.505981, 36.885901], [30.506019, 36.88591], [30.506065, 36.885882], [30.5061, 36.885859], [30.506157, 36.885813], [30.506189, 36.885791], [30.506244, 36.885772], [30.506304, 36.885767], [30.506361, 36.885761], [30.5064, 36.885774], [30.506433, 36.885762], [30.506464, 36.885746], [30.506495, 36.885761], [30.506553, 36.885724], [30.506595, 36.88571], [30.506653, 36.885702], [30.506736, 36.885725], [30.506807, 36.885727], [30.506844, 36.885717], [30.506882, 36.885706], [30.506919, 36.885696], [30.506956, 36.885685], [30.507007, 36.885668], [30.507046, 36.885679], [30.507101, 36.885714], [30.50713, 36.885737], [30.507134, 36.885775], [30.507146, 36.885825], [30.507179, 36.885836], [30.507268, 36.885799], [30.507315, 36.885802], [30.507332, 36.885832], [30.507373, 36.885838], [30.507414, 36.885864], [30.507458, 36.885869], [30.507509, 36.885884], [30.507539, 36.885897], [30.507579, 36.885929], [30.507591, 36.885977], [30.50761, 36.886002], [30.507636, 36.886029], [30.507656, 36.886052], [30.507685, 36.886069], [30.507718, 36.886081], [30.50773, 36.886109], [30.50776, 36.886138], [30.507791, 36.886164], [30.507822, 36.886182], [30.507876, 36.886194], [30.507914, 36.886202], [30.507952, 36.886212], [30.507986, 36.886219], [30.508019, 36.886236], [30.508047, 36.886258], [30.508085, 36.88628], [30.508128, 36.886284], [30.508156, 36.886304], [30.508188, 36.886321], [30.508214, 36.886362], [30.508218, 36.886404], [30.508248, 36.88642], [30.50826, 36.886457], [30.508259, 36.886485], [30.508284, 36.886508], [30.5083, 36.886542], [30.508316, 36.886576], [30.50836, 36.886593], [30.508403, 36.886576], [30.508438, 36.886565], [30.508505, 36.886575], [30.508545, 36.886569], [30.508587, 36.886584], [30.508615, 36.886551], [30.508644, 36.886509], [30.508674, 36.886496], [30.508692, 36.88646], [30.508754, 36.886444], [30.508785, 36.886423], [30.508816, 36.886405], [30.508837, 36.886375], [30.50888, 36.886369], [30.508913, 36.886353], [30.508923, 36.886327], [30.508963, 36.886321], [30.508997, 36.886316], [30.509023, 36.886282], [30.509045, 36.886257], [30.509088, 36.886256], [30.509122, 36.886265], [30.509164, 36.886281], [30.50919, 36.886253], [30.509226, 36.886242], [30.509261, 36.886234], [30.50928, 36.886208], [30.50931, 36.886194], [30.509346, 36.886198], [30.509374, 36.886177], [30.509414, 36.886195], [30.509454, 36.886214], [30.50947, 36.886246], [30.509505, 36.886241], [30.509559, 36.886218], [30.509603, 36.886193], [30.50965, 36.886199], [30.509685, 36.886221], [30.509714, 36.886241], [30.509756, 36.886225], [30.509773, 36.886255], [30.509797, 36.886284], [30.509834, 36.886301], [30.509882, 36.886313], [30.509925, 36.886317], [30.509964, 36.886332], [30.510002, 36.886331], [30.510036, 36.886322], [30.510077, 36.886328], [30.510107, 36.886344], [30.510143, 36.886329], [30.510171, 36.886348], [30.510183, 36.886316], [30.510205, 36.886292], [30.510234, 36.886263], [30.510273, 36.886245], [30.510315, 36.886229], [30.510341, 36.886205], [30.510377, 36.886189], [30.510403, 36.886159], [30.510412, 36.886128], [30.510464, 36.886089], [30.510508, 36.886086], [30.51053, 36.886057], [30.510557, 36.886034], [30.51064, 36.886019], [30.510706, 36.885973], [30.510735, 36.885939], [30.510765, 36.885899], [30.510797, 36.885889], [30.510869, 36.885876], [30.510915, 36.88587], [30.510947, 36.885882], [30.510991, 36.885886], [30.511073, 36.885887], [30.511132, 36.885893], [30.511171, 36.885856], [30.511205, 36.885847], [30.511256, 36.885846], [30.511308, 36.885849], [30.511359, 36.885839], [30.511408, 36.885808], [30.511448, 36.885808], [30.511493, 36.885797], [30.511514, 36.885773], [30.511557, 36.885763], [30.5116, 36.885761], [30.51165, 36.885772], [30.511707, 36.885782], [30.511761, 36.885765], [30.511811, 36.885778], [30.511851, 36.885765], [30.511883, 36.885754], [30.511925, 36.885749], [30.511971, 36.885756], [30.512023, 36.885754], [30.512081, 36.885742], [30.512113, 36.885765], [30.512143, 36.885747], [30.512166, 36.885717], [30.512208, 36.885703], [30.512259, 36.885695], [30.512293, 36.885679], [30.512355, 36.885671], [30.512391, 36.885665], [30.512418, 36.885684], [30.512475, 36.885681], [30.51251, 36.885662], [30.51256, 36.885671], [30.512601, 36.885694], [30.512639, 36.885662], [30.512683, 36.885655], [30.512745, 36.885657], [30.512789, 36.885681], [30.512829, 36.885669], [30.512864, 36.885674], [30.512926, 36.885633], [30.512963, 36.885616], [30.513014, 36.885621], [30.513054, 36.885601], [30.5131, 36.885633], [30.513139, 36.88563], [30.513198, 36.88561], [30.513233, 36.88558], [30.51328, 36.885574], [30.513342, 36.885542], [30.513375, 36.885555], [30.513416, 36.885563], [30.513453, 36.885542], [30.5135, 36.885545], [30.513583, 36.885531], [30.513623, 36.885517], [30.513659, 36.885502], [30.513702, 36.885478], [30.513737, 36.885477], [30.513785, 36.885469], [30.513849, 36.88545], [30.513883, 36.88542], [30.513919, 36.885438], [30.513963, 36.885433], [30.513998, 36.885421], [30.514056, 36.885394], [30.5141, 36.885374], [30.514137, 36.885392], [30.51418, 36.885381], [30.514214, 36.885396], [30.514253, 36.88539], [30.514298, 36.885364], [30.51433, 36.885352], [30.514368, 36.885335], [30.514403, 36.885348], [30.514441, 36.885374], [30.514482, 36.885349], [30.514521, 36.885348], [30.514513, 36.885316], [30.514593, 36.885333], [30.514598, 36.88536], [30.514595, 36.885391], [30.514627, 36.885428], [30.514645, 36.885451], [30.514679, 36.88546], [30.514709, 36.885479], [30.514725, 36.885454], [30.514777, 36.885421], [30.514814, 36.885457], [30.514844, 36.885443], [30.514856, 36.885482], [30.514884, 36.885503], [30.514875, 36.885533], [30.51491, 36.885548], [30.514899, 36.885591], [30.514928, 36.885626], [30.514939, 36.885679], [30.514952, 36.885722], [30.515002, 36.885737], [30.515034, 36.885722], [30.515046, 36.885748], [30.515076, 36.885766], [30.515092, 36.885794], [30.515128, 36.885819], [30.515165, 36.885832], [30.515235, 36.885813], [30.515272, 36.885818], [30.515279, 36.885847], [30.515319, 36.885866], [30.515362, 36.885896], [30.515369, 36.885927], [30.515401, 36.885968], [30.5154, 36.886006], [30.515433, 36.886015], [30.515462, 36.886032], [30.515525, 36.886033], [30.51557, 36.886052], [30.515608, 36.88603], [30.515652, 36.886045], [30.515698, 36.886053], [30.515742, 36.886067], [30.515764, 36.886088], [30.515784, 36.886118], [30.515807, 36.886143], [30.515861, 36.886125], [30.515895, 36.886117], [30.515936, 36.886126], [30.515961, 36.886151], [30.515993, 36.886164], [30.51603, 36.88616], [30.516068, 36.886173], [30.516119, 36.886174], [30.516174, 36.886199], [30.516211, 36.886208], [30.516246, 36.886199], [30.516287, 36.886207], [30.516347, 36.88621], [30.516365, 36.886239], [30.516379, 36.886277], [30.516417, 36.886289], [30.516456, 36.886301], [30.516482, 36.886326], [30.51652, 36.886353]]}}, {"type": "Feature", "properties": {"category": "lycian_way", "name": "Likya Yolu", "ref": "", "relation_id": 51855, "role": ""}, "geometry": {"type": "LineString", "coordinates": [[30.486357, 36.884426], [30.486393, 36.884413], [30.486445, 36.88439], [30.486484, 36.884372], [30.486537, 36.884357], [30.486604, 36.884346], [30.486644, 36.884339], [30.486678, 36.884322], [30.486708, 36.884301], [30.486739, 36.884289], [30.486768, 36.884273], [30.486815, 36.88425], [30.48684, 36.884216], [30.486872, 36.884188], [30.486923, 36.88415], [30.486962, 36.884114], [30.486994, 36.884097], [30.487056, 36.88411], [30.487115, 36.884087], [30.487144, 36.884058], [30.487183, 36.884034], [30.487233, 36.884038], [30.48728, 36.884029], [30.487322, 36.884035], [30.487374, 36.884054], [30.487426, 36.884069], [30.487463, 36.884084], [30.487496, 36.884103], [30.487509, 36.884128], [30.487546, 36.88412], [30.48758, 36.884129], [30.487629, 36.884119], [30.487664, 36.88413], [30.487671, 36.884166], [30.487738, 36.884178], [30.487758, 36.884147], [30.487803, 36.884151], [30.487824, 36.884126], [30.487851, 36.884094], [30.487898, 36.884079], [30.487932, 36.884076], [30.487989, 36.884088], [30.488032, 36.884092], [30.488091, 36.884066], [30.488117, 36.884086], [30.488193, 36.884063], [30.488244, 36.884052], [30.488291, 36.884057], [30.488359, 36.884061], [30.488395, 36.884063], [30.488408, 36.884101], [30.488456, 36.884105], [30.488495, 36.88409], [30.488542, 36.884081], [30.488584, 36.884084], [30.488619, 36.884095], [30.488667, 36.884064], [30.488673, 36.884052], [30.488749, 36.884064], [30.488799, 36.884045], [30.488858, 36.88405], [30.488927, 36.884048], [30.489008, 36.884036], [30.489046, 36.884047], [30.489111, 36.884065], [30.489161, 36.884049], [30.489225, 36.88405], [30.48928, 36.884072], [30.489314, 36.88409], [30.489352, 36.884091], [30.48938, 36.884111], [30.489418, 36.884114], [30.489468, 36.88411], [30.489523, 36.884117], [30.489593, 36.884111], [30.489656, 36.884099], [30.489711, 36.884101], [30.489745, 36.884085], [30.489806, 36.884037], [30.489844, 36.884021], [30.489862, 36.88399], [30.4899, 36.883968], [30.489958, 36.883986], [30.490024, 36.884018], [30.490081, 36.884025], [30.490127, 36.884036], [30.490179, 36.884032], [30.490245, 36.884016], [30.490322, 36.884], [30.490382, 36.883995], [30.490425, 36.884008], [30.490516, 36.884024], [30.490581, 36.884026], [30.490643, 36.884037], [30.490689, 36.884056], [30.490728, 36.884073], [30.490761, 36.884095], [30.490805, 36.884117], [30.490827, 36.884142], [30.490877, 36.884157], [30.490915, 36.884198], [30.49095, 36.884215], [30.490965, 36.884243], [30.491005, 36.884254], [30.491065, 36.884282], [30.491092, 36.88431], [30.49112, 36.884341], [30.491153, 36.884374], [30.491179, 36.884402], [30.491223, 36.884418], [30.491258, 36.884439], [30.491293, 36.884468], [30.49134, 36.884502], [30.491392, 36.884523], [30.491426, 36.884536], [30.491492, 36.884559], [30.491541, 36.884563], [30.491602, 36.884552], [30.491657, 36.884521], [30.491692, 36.88454], [30.491736, 36.884567], [30.491769, 36.884574], [30.491803, 36.884584], [30.491851, 36.884581], [30.491912, 36.884605], [30.491955, 36.884599], [30.491997, 36.884613], [30.492063, 36.884626], [30.492125, 36.884615], [30.492162, 36.884617], [30.492174, 36.884581], [30.492204, 36.884568], [30.492227, 36.884542], [30.492261, 36.884518], [30.492286, 36.884498], [30.492304, 36.884455], [30.492346, 36.884393], [30.49238, 36.884363], [30.492367, 36.88432], [30.492376, 36.884271], [30.492387, 36.884235], [30.492462, 36.884195], [30.492484, 36.884169], [30.492528, 36.884119], [30.492564, 36.884108], [30.4926, 36.884098], [30.492618, 36.884072], [30.492646, 36.884032], [30.492685, 36.884029], [30.49273, 36.884003], [30.492779, 36.883962], [30.492833, 36.88395], [30.492846, 36.883922], [30.492878, 36.883893], [30.492909, 36.883855], [30.49295, 36.883852], [30.493027, 36.883821], [30.49307, 36.883808], [30.493117, 36.883793], [30.493162, 36.883779], [30.493198, 36.883771], [30.493223, 36.883747], [30.493276, 36.883745], [30.493338, 36.883715], [30.493365, 36.883698], [30.493419, 36.883686], [30.493451, 36.883675], [30.493489, 36.883637], [30.493532, 36.883632], [30.493597, 36.883632], [30.493642, 36.883633], [30.493677, 36.883637], [30.493735, 36.883636], [30.493796, 36.88364], [30.493833, 36.883652], [30.493868, 36.883661], [30.493904, 36.883659], [30.493979, 36.883664], [30.494019, 36.883678], [30.494075, 36.88368], [30.494125, 36.883685], [30.494191, 36.883701], [30.494221, 36.883687], [30.494258, 36.883693], [30.494318, 36.883667], [30.494369, 36.883675], [30.494431, 36.883665], [30.494465, 36.883659], [30.494521, 36.883653], [30.494554, 36.883634], [30.49458, 36.883609], [30.494602, 36.883588], [30.494618, 36.883563], [30.494668, 36.883531], [30.494706, 36.883523], [30.494772, 36.883503], [30.49481, 36.883501], [30.494861, 36.883498], [30.494885, 36.883475], [30.494934, 36.88347], [30.494972, 36.883454], [30.495018, 36.883445], [30.495069, 36.883432], [30.495136, 36.88343], [30.495173, 36.883442], [30.495224, 36.88342], [30.495276, 36.883404], [30.495338, 36.883398], [30.49539, 36.883402], [30.495467, 36.883377], [30.495502, 36.883367], [30.495565, 36.883388], [30.495614, 36.883375], [30.495648, 36.88337], [30.495692, 36.883361], [30.495727, 36.883358], [30.495787, 36.883338], [30.495818, 36.883318], [30.495854, 36.883309], [30.495892, 36.8833], [30.495925, 36.88331], [30.495962, 36.883317], [30.496009, 36.883331], [30.496047, 36.883333], [30.496115, 36.883343], [30.496172, 36.883353], [30.49623, 36.883364], [30.496273, 36.883347], [30.496324, 36.883335], [30.496359, 36.883328], [30.496401, 36.883325], [30.496441, 36.883312], [30.496493, 36.883334], [30.496526, 36.883354], [30.496558, 36.883365], [30.496605, 36.883376], [30.496638, 36.883366], [30.496675, 36.883367], [30.496708, 36.883377], [30.496749, 36.883379], [30.496804, 36.883379], [30.496854, 36.883403], [30.496896, 36.883412], [30.496953, 36.883434], [30.497006, 36.883451], [30.497035, 36.883482], [30.497072, 36.883489], [30.497115, 36.883504], [30.497137, 36.883525], [30.49717, 36.883539], [30.497231, 36.883525], [30.497286, 36.883506], [30.497329, 36.883512], [30.497401, 36.88352], [30.49744, 36.883524], [30.497492, 36.883525], [30.497525, 36.883516], [30.497558, 36.883492], [30.497603, 36.883498], [30.497645, 36.883492], [30.497668, 36.883516], [30.497726, 36.883521], [30.497769, 36.883534], [30.497815, 36.883534], [30.497855, 36.883553], [30.497919, 36.883557], [30.497949, 36.883573], [30.497986, 36.883583], [30.498024, 36.883608], [30.498054, 36.883642], [30.49811, 36.883615], [30.498144, 36.883641], [30.498179, 36.883644], [30.498233, 36.883618], [30.498284, 36.883595], [30.498313, 36.883567], [30.498355, 36.883548], [30.498401, 36.883564], [30.498443, 36.883603], [30.498484, 36.883611], [30.498536, 36.883585], [30.498573, 36.883611], [30.498611, 36.883605], [30.49866, 36.883623], [30.498695, 36.883618], [30.498746, 36.883602], [30.498768, 36.883632], [30.498807, 36.883662], [30.498871, 36.883647], [30.498912, 36.883648], [30.498955, 36.883638], [30.498979, 36.883608], [30.499008, 36.883589], [30.499033, 36.883565], [30.499074, 36.883552], [30.4991, 36.88352], [30.499104, 36.883491], [30.499106, 36.883441], [30.499116, 36.883409], [30.499116, 36.883382], [30.499153, 36.883346], [30.499179, 36.883319], [30.499201, 36.883276], [30.499219, 36.883235], [30.499251, 36.883183], [30.499268, 36.883152], [30.499293, 36.883176], [30.49932, 36.883138], [30.499351, 36.8831], [30.499362, 36.883057], [30.499417, 36.883018], [30.49945, 36.882988], [30.499475, 36.882969], [30.499493, 36.882945], [30.499528, 36.882925], [30.499545, 36.882899], [30.499571, 36.882875], [30.499599, 36.882847], [30.499634, 36.882824], [30.499676, 36.882791], [30.4997, 36.882766], [30.499735, 36.882733], [30.499781, 36.882708], [30.499809, 36.88269], [30.499838, 36.88266], [30.499861, 36.882631], [30.499903, 36.882607], [30.499926, 36.882567], [30.499964, 36.882542], [30.499999, 36.882516], [30.50004, 36.882508], [30.500066, 36.882478], [30.500103, 36.882449], [30.500133, 36.882431], [30.500176, 36.882421], [30.500218, 36.882437], [30.500254, 36.882446], [30.500287, 36.882453], [30.500327, 36.88243], [30.500367, 36.882406], [30.500411, 36.882411], [30.500451, 36.882407], [30.500507, 36.882412], [30.50057, 36.882409], [30.500632, 36.882419], [30.500667, 36.882448], [30.500662, 36.882482], [30.500699, 36.882509], [30.50073, 36.882534], [30.500769, 36.88256], [30.500813, 36.882582], [30.500853, 36.882591], [30.500871, 36.882619], [30.500907, 36.882654], [30.500928, 36.882677], [30.500965, 36.882714], [30.501, 36.882736], [30.501031, 36.88276], [30.501083, 36.882791], [30.501108, 36.882812], [30.501168, 36.882844], [30.501186, 36.882876], [30.501238, 36.882911], [30.5015609, 36.8826843], [30.5016464, 36.882812], [30.5017293, 36.8829594], [30.5017784, 36.8831185], [30.5019281, 36.8832411], [30.501972, 36.883357], [30.501986, 36.883401], [30.502006, 36.883423], [30.502022, 36.883475], [30.502073, 36.883517], [30.502125, 36.883554], [30.502158, 36.883587], [30.502196, 36.883611], [30.502255, 36.883628], [30.502308, 36.883659], [30.502333, 36.883706], [30.502349, 36.883747], [30.502391, 36.883787], [30.502404, 36.883814], [30.502448, 36.88383], [30.502471, 36.883853], [30.502494, 36.883884], [30.502491, 36.883922], [30.502496, 36.883963], [30.502526, 36.884001], [30.502532, 36.884032], [30.502546, 36.884057], [30.502569, 36.884085], [30.502583, 36.884158], [30.502601, 36.884198], [30.502629, 36.884229], [30.502661, 36.884255], [30.502691, 36.884283], [30.502731, 36.884322], [30.502757, 36.88434], [30.502786, 36.884368], [30.502824, 36.884383], [30.50287, 36.88441], [30.502901, 36.884436], [30.502938, 36.88445], [30.50299, 36.884483], [30.503011, 36.884516], [30.503052, 36.884556], [30.503075, 36.884589], [30.503107, 36.884622], [30.503143, 36.884644], [30.503178, 36.884651], [30.503209, 36.884669], [30.503249, 36.88469], [30.503282, 36.884709], [30.503302, 36.884757], [30.50331, 36.884791], [30.503354, 36.884778], [30.503393, 36.884774], [30.503444, 36.884794], [30.503481, 36.884808], [30.503513, 36.884825], [30.50354, 36.884849], [30.503542, 36.884883], [30.503535, 36.884915], [30.503552, 36.884956], [30.503575, 36.884983], [30.50361, 36.884989], [30.503612, 36.885019], [30.503651, 36.885034], [30.503707, 36.885071], [30.503725, 36.885103], [30.503772, 36.885088], [30.503767, 36.88512], [30.503776, 36.885157], [30.503823, 36.885178], [30.503857, 36.885187], [30.5038787, 36.8852086], [30.503899, 36.8852142], [30.5038969, 36.8852452], [30.5039108, 36.8852678], [30.503915, 36.885273], [30.503948, 36.885291], [30.503998, 36.885318], [30.504038, 36.885327], [30.504076, 36.885328], [30.504161, 36.88537], [30.504172, 36.885397], [30.504201, 36.885414], [30.504253, 36.885429], [30.504295, 36.885422], [30.504338, 36.885434], [30.50439, 36.885447], [30.504422, 36.885482], [30.504456, 36.885519], [30.504513, 36.885531], [30.504535, 36.885557], [30.504556, 36.885584], [30.504577, 36.88561], [30.504599, 36.885636], [30.50462, 36.885662], [30.504659, 36.885663], [30.50469, 36.885696], [30.504697, 36.885738]]}}, {"type": "Feature", "properties": {"category": "lycian_way", "name": "Likya Yolu", "ref": "", "relation_id": 51855, "role": ""}, "geometry": {"type": "LineString", "coordinates": [[30.477286, 36.879427], [30.477288, 36.879474], [30.477309, 36.879506], [30.477312, 36.879548], [30.4773198, 36.8795633], [30.477336, 36.879584], [30.477362, 36.879604], [30.477382, 36.879637], [30.477413, 36.87966], [30.477432, 36.879692], [30.477444, 36.879721], [30.477441, 36.879762], [30.477414, 36.879779], [30.477389, 36.8798], [30.477379, 36.879827], [30.477407, 36.87985], [30.477399, 36.879897], [30.477394, 36.879928], [30.477387, 36.879962], [30.477377, 36.879998], [30.477381, 36.880027], [30.477405, 36.880062], [30.477434, 36.880103], [30.477443, 36.880149], [30.477459, 36.880183], [30.477487, 36.880222], [30.47748, 36.880251], [30.477478, 36.88028], [30.477474, 36.880318], [30.477468, 36.880346], [30.477458, 36.880405], [30.477469, 36.880437], [30.477448, 36.880472], [30.477442, 36.880505], [30.477437, 36.880551], [30.47742, 36.880583], [30.477432, 36.880622], [30.477423, 36.880656], [30.47741, 36.880686], [30.477399, 36.880719], [30.477414, 36.880752], [30.477422, 36.880801], [30.477418, 36.880832], [30.477407, 36.880872], [30.477398, 36.880914], [30.477373, 36.880953], [30.477353, 36.881001], [30.47734, 36.881027], [30.477306, 36.881045], [30.477285, 36.881074], [30.477281, 36.881108], [30.477276, 36.881138], [30.477281, 36.881178], [30.477286, 36.881215], [30.477296, 36.881249], [30.477253, 36.881268], [30.477229, 36.881287], [30.477196, 36.881332], [30.477175, 36.881377], [30.477175, 36.881406], [30.477157, 36.881437], [30.477149, 36.881475], [30.477125, 36.88152], [30.477091, 36.881563], [30.477057, 36.881582], [30.477028, 36.881599], [30.476991, 36.88161], [30.476971, 36.881643], [30.47695, 36.88168], [30.476955, 36.881728], [30.476939, 36.881764], [30.476949, 36.881795], [30.476955, 36.881831], [30.476975, 36.881867], [30.476996, 36.881904], [30.4770966, 36.8818955], [30.4771789, 36.881878], [30.4773392, 36.8818675], [30.4774, 36.881878], [30.477451, 36.881954], [30.477466, 36.881989], [30.477486, 36.882018], [30.477538, 36.882053], [30.477566, 36.882071], [30.4775879, 36.8821006], [30.4776287, 36.882153], [30.477702, 36.882176], [30.477763, 36.882137], [30.477767, 36.882109], [30.477859, 36.882027], [30.4778769, 36.8820346], [30.477957, 36.882025], [30.477986, 36.882013], [30.478043, 36.882028], [30.478182, 36.882062], [30.478214, 36.882084], [30.478264, 36.882113], [30.478551, 36.882204], [30.4786626, 36.8821882], [30.4787506, 36.882202], [30.478801, 36.882229], [30.478861, 36.882222], [30.478898, 36.882215], [30.47894, 36.882236], [30.479009, 36.882254], [30.479033, 36.882308], [30.479078, 36.882318], [30.47921, 36.882336], [30.479258, 36.882322], [30.479307, 36.88232], [30.479342, 36.882324], [30.479378, 36.8823], [30.479452, 36.882286], [30.479512, 36.882257], [30.479528, 36.882289], [30.479561, 36.882301], [30.479578, 36.882334], [30.479592, 36.882348], [30.479629, 36.882335], [30.479662, 36.882343], [30.4797, 36.882333], [30.47979, 36.882369], [30.479798, 36.882413], [30.479847, 36.882455], [30.479892, 36.882461], [30.479913, 36.882494], [30.47998, 36.882505], [30.480045, 36.882516], [30.480109, 36.882527], [30.480144, 36.882548], [30.480181, 36.882566], [30.480233, 36.882582], [30.480268, 36.882603], [30.480293, 36.882642], [30.480339, 36.882677], [30.480365, 36.882696], [30.480387, 36.882718], [30.480416, 36.882735], [30.480443, 36.882753], [30.480511, 36.882759], [30.480547, 36.88277], [30.480588, 36.882787], [30.480588, 36.882817], [30.480612, 36.882837], [30.48065, 36.882841], [30.480695, 36.882851], [30.480828, 36.882937], [30.480866, 36.882975], [30.4809, 36.883004], [30.480923, 36.88304], [30.481081, 36.883106], [30.481118, 36.883119], [30.481159, 36.883139], [30.481207, 36.883149], [30.481229, 36.88319], [30.481261, 36.883233], [30.481293, 36.883242], [30.481321, 36.88326], [30.481368, 36.883278], [30.481379, 36.883305], [30.481379, 36.883342], [30.481401, 36.883368], [30.481443, 36.883388], [30.481486, 36.883424], [30.481518, 36.883448], [30.481514, 36.883484], [30.481508, 36.883513], [30.481507, 36.883542], [30.481517, 36.883568], [30.481544, 36.883609], [30.481536, 36.883648], [30.481576, 36.883676], [30.481621, 36.883695], [30.481655, 36.8837], [30.481673, 36.883728], [30.481714, 36.883758], [30.481757, 36.883769], [30.481781, 36.883792], [30.481816, 36.883834], [30.481864, 36.883861], [30.481885, 36.883889], [30.481923, 36.883923], [30.481924, 36.883958], [30.481958, 36.883981], [30.481998, 36.884026], [30.482025, 36.884046], [30.482065, 36.884063], [30.482097, 36.884088], [30.482116, 36.884125], [30.48215, 36.884137], [30.482185, 36.884144], [30.482228, 36.884163], [30.482256, 36.884201], [30.482291, 36.884205], [30.482337, 36.88422], [30.482396, 36.884229], [30.482445, 36.884245], [30.482486, 36.884255], [30.482549, 36.884253], [30.482592, 36.884276], [30.482623, 36.884292], [30.48262, 36.884326], [30.482645, 36.88436], [30.482643, 36.884388], [30.482665, 36.884413], [30.482705, 36.884448], [30.48274, 36.88446], [30.482783, 36.884472], [30.482814, 36.884507], [30.48281, 36.884539], [30.482829, 36.884576], [30.482862, 36.884598], [30.482898, 36.88459], [30.482941, 36.884605], [30.482965, 36.884644], [30.482993, 36.884669], [30.483041, 36.884695], [30.483084, 36.884718], [30.483118, 36.884742], [30.483148, 36.884779], [30.483153, 36.884808], [30.48317, 36.88484], [30.4832, 36.884859], [30.483236, 36.88485], [30.483291, 36.884893], [30.483289, 36.884945], [30.483311, 36.88497], [30.483322, 36.885002], [30.483371, 36.88503], [30.48342, 36.885088], [30.48346, 36.885117], [30.483522, 36.885211], [30.483572, 36.885243], [30.483596, 36.885262], [30.483649, 36.885287], [30.483698, 36.885321], [30.483686, 36.885355], [30.483676, 36.88539], [30.483689, 36.885425], [30.483716, 36.885447], [30.483735, 36.885473], [30.48377, 36.885464], [30.483806, 36.885454], [30.483811, 36.885481], [30.483865, 36.8855], [30.483901, 36.885533], [30.483954, 36.885552], [30.483989, 36.885585], [30.48402, 36.885598], [30.484047, 36.885616], [30.484063, 36.885647], [30.484094, 36.885666], [30.484131, 36.885693], [30.48416, 36.885738], [30.4842, 36.885739], [30.484257, 36.885737], [30.484291, 36.885718], [30.484338, 36.885703], [30.484389, 36.885704], [30.484431, 36.88571], [30.484488, 36.885692], [30.484524, 36.88567], [30.484569, 36.885673], [30.484609, 36.885658], [30.48466, 36.885661], [30.484738, 36.885654], [30.484775, 36.885651], [30.484813, 36.885647], [30.48485, 36.885644], [30.484857, 36.885613], [30.484889, 36.885604], [30.484935, 36.885586], [30.484971, 36.885575], [30.485035, 36.885576], [30.485077, 36.885566], [30.485114, 36.885545], [30.485158, 36.885535], [30.485203, 36.885528], [30.485243, 36.885527], [30.485297, 36.885535], [30.485331, 36.885517], [30.485353, 36.885493], [30.485406, 36.885455], [30.485435, 36.885428], [30.485459, 36.885409], [30.485482, 36.885385], [30.485514, 36.885342], [30.485541, 36.88532], [30.485559, 36.885275], [30.485572, 36.885224], [30.485586, 36.885194], [30.485623, 36.885167], [30.485657, 36.885126], [30.485664, 36.885083], [30.485661, 36.885056], [30.485699, 36.885002], [30.485703, 36.88497], [30.485696, 36.884924], [30.485691, 36.884882], [30.485674, 36.884853], [30.485663, 36.884784], [30.485671, 36.884735], [30.485701, 36.884694], [30.485732, 36.884653], [30.485775, 36.884618], [30.485838, 36.884631], [30.485875, 36.884606], [30.485913, 36.884592], [30.485978, 36.884551], [30.486041, 36.884537], [30.486092, 36.884508], [30.486161, 36.884456], [30.486199, 36.884452], [30.48625, 36.884446], [30.486291, 36.884442], [30.486357, 36.884426]]}}, {"type": "Feature", "properties": {"category": "lycian_way", "name": "Likya Yolu", "ref": "", "relation_id": 51855, "role": ""}, "geometry": {"type": "LineString", "coordinates": [[30.4784514, 36.8789441], [30.4784328, 36.8789392], [30.4784044, 36.8789393], [30.4783771, 36.8789377], [30.4783357, 36.8789431], [30.4782982, 36.8789503], [30.4782628, 36.878961], [30.4782308, 36.8789636], [30.4782, 36.878963], [30.4781637, 36.8789727], [30.4781433, 36.8789698], [30.4781183, 36.8789569], [30.478071, 36.878987], [30.478041, 36.879], [30.4780123, 36.8789993], [30.4779837, 36.8790042], [30.4779533, 36.8790093], [30.4779268, 36.879012], [30.477892, 36.879015], [30.4778417, 36.8790126], [30.4777977, 36.8790323], [30.4777575, 36.8790453], [30.477724, 36.879062], [30.477687, 36.879071], [30.4776758, 36.8790825], [30.4776642, 36.8790938], [30.4776151, 36.8791207], [30.4776029, 36.879134], [30.4775721, 36.8791701], [30.4775434, 36.8791927], [30.4775008, 36.879219], [30.4774555, 36.8792356], [30.477424, 36.879259], [30.477384, 36.879272], [30.477358, 36.879306], [30.477318, 36.879302], [30.477284, 36.879297], [30.477248, 36.87931], [30.477222, 36.879329], [30.477202, 36.879351], [30.477247, 36.879357], [30.477243, 36.879397], [30.477283, 36.8794], [30.477286, 36.879427]]}}, {"type": "Feature", "properties": {"category": "lycian_way", "name": "Likya Yolu", "ref": "", "relation_id": 51855, "role": ""}, "geometry": {"type": "LineString", "coordinates": [[30.4823876, 36.8776348], [30.4823973, 36.8776681], [30.4823495, 36.8777739], [30.4822625, 36.8778335], [30.4821673, 36.8779229], [30.4821011, 36.8780289], [30.482097, 36.8781017], [30.4820597, 36.8781679], [30.4820225, 36.8782408], [30.4819686, 36.8782838], [30.4818817, 36.8783567], [30.4818535, 36.8783782], [30.4817989, 36.8784196], [30.48162, 36.878464], [30.481574, 36.878468], [30.481544, 36.878494], [30.48151, 36.87852], [30.481506, 36.878552], [30.481471, 36.878559], [30.481443, 36.878592], [30.481412, 36.878609], [30.481393, 36.878634], [30.481366, 36.878654], [30.481338, 36.878683], [30.481304, 36.878695], [30.481295, 36.878667], [30.4812602, 36.8786886], [30.481252, 36.878716], [30.4812421, 36.8787153], [30.4812202, 36.8787315], [30.4811842, 36.8787506], [30.4811363, 36.8787551], [30.4810961, 36.8787785], [30.4810393, 36.8787801], [30.4810102, 36.8787821], [30.4809824, 36.8787864], [30.480954, 36.8787891], [30.480928, 36.878785], [30.4808997, 36.8787826], [30.480845, 36.8787795], [30.4808161, 36.8787762], [30.480787, 36.878767], [30.48075, 36.878747], [30.4807168, 36.8787169], [30.4806794, 36.8786832], [30.48066, 36.8786542], [30.4806384, 36.8786437], [30.480615, 36.878641], [30.480586, 36.878619], [30.480546, 36.878602], [30.480497, 36.878582], [30.480465, 36.878561], [30.480434, 36.878543], [30.480354, 36.878525], [30.480306, 36.878512], [30.480262, 36.878507], [30.480225, 36.878502], [30.480163, 36.878487], [30.480119, 36.878496], [30.480081, 36.878518], [30.4800429, 36.8785114], [30.4799947, 36.8784996], [30.4799452, 36.8784868], [30.4799064, 36.8784808], [30.479825, 36.8784829], [30.4797706, 36.8784955], [30.4797234, 36.878514], [30.4796616, 36.8785461], [30.4796102, 36.8785612], [30.4795163, 36.8786117], [30.4794621, 36.8786075], [30.47938, 36.8786118], [30.4793365, 36.8786063], [30.4792735, 36.8786068], [30.4792333, 36.8786259], [30.4791721, 36.8786411], [30.4791088, 36.8786616], [30.4790345, 36.8786893], [30.4789592, 36.8787137], [30.4789165, 36.8787258], [30.4788499, 36.8787425], [30.4788094, 36.8787587], [30.4787741, 36.8787788], [30.4787225, 36.8788048], [30.4786967, 36.878829], [30.4786508, 36.878863], [30.4786112, 36.8788975], [30.4785891, 36.8789238], [30.4785612, 36.8789484], [30.4785077, 36.8789475], [30.4784733, 36.8789445], [30.4784514, 36.8789441]]}}, {"type": "Feature", "properties": {"category": "lycian_way", "name": "Likya Yolu", "ref": "", "relation_id": 51855, "role": ""}, "geometry": {"type": "LineString", "coordinates": [[30.4823876, 36.8776348], [30.4825278, 36.8776139], [30.4826348, 36.8775845], [30.4829056, 36.8774827], [30.4833289, 36.8773067], [30.4836292, 36.8772105], [30.4838742, 36.8771507], [30.4843806, 36.8770898], [30.4848775, 36.876982], [30.4853583, 36.876923], [30.4857481, 36.8769136], [30.485921, 36.8769381], [30.4861617, 36.8770183]]}}, {"type": "Feature", "properties": {"category": "lycian_way", "name": "Likya Yolu", "ref": "", "relation_id": 51855, "role": ""}, "geometry": {"type": "LineString", "coordinates": [[30.4861617, 36.8770183], [30.4861644, 36.8768816], [30.4861467, 36.8768213], [30.4860179, 36.8767316], [30.4858846, 36.8766901], [30.4858626, 36.8766606], [30.4858935, 36.8766246], [30.4859666, 36.8766004], [30.4861711, 36.8765585], [30.4863531, 36.8764873], [30.4864308, 36.8763873], [30.4864459, 36.876244], [30.4864338, 36.8760751], [30.4863926, 36.8758767], [30.4864323, 36.8757032], [30.4865523, 36.8754504], [30.4865898, 36.8753409], [30.4865837, 36.8752326], [30.4864373, 36.8749514], [30.4863565, 36.874707], [30.4863049, 36.87455], [30.4863397, 36.8743249], [30.4864425, 36.8740569], [30.4864099, 36.8738844], [30.4863583, 36.8737117], [30.4862839, 36.8736512], [30.4861801, 36.8736014], [30.485912, 36.8736003], [30.4857937, 36.8736147], [30.4856297, 36.873684], [30.4852862, 36.8738711], [30.4850753, 36.8739859], [30.4846486, 36.8741879], [30.4843733, 36.8742397], [30.4838886, 36.874248], [30.4834849, 36.8742662]]}}, {"type": "Feature", "properties": {"category": "lycian_way", "name": "Likya Yolu", "ref": "", "relation_id": 51855, "role": ""}, "geometry": {"type": "LineString", "coordinates": [[30.4834849, 36.8742662], [30.4834632, 36.8742575]]}}, {"type": "Feature", "properties": {"category": "lycian_way", "name": "Likya Yolu", "ref": "", "relation_id": 51855, "role": ""}, "geometry": {"type": "LineString", "coordinates": [[30.4834632, 36.8742575], [30.4834507, 36.8742552]]}}, {"type": "Feature", "properties": {"category": "lycian_way", "name": "Likya Yolu", "ref": "", "relation_id": 51855, "role": ""}, "geometry": {"type": "LineString", "coordinates": [[30.4834507, 36.8742552], [30.4832323, 36.8742197], [30.4830716, 36.8741557], [30.4829462, 36.8740718], [30.4828066, 36.8739159], [30.4827867, 36.8738892]]}}, {"type": "Feature", "properties": {"category": "lycian_way", "name": "Likya Yolu", "ref": "", "relation_id": 51855, "role": ""}, "geometry": {"type": "LineString", "coordinates": [[30.4827867, 36.8738892], [30.4827408, 36.8738217], [30.4827248, 36.8737874], [30.4827008, 36.8737486], [30.4826851, 36.8736986], [30.4826396, 36.8735883], [30.4826143, 36.8735087], [30.482567, 36.8733769], [30.4824495, 36.8732784], [30.482207, 36.8731607], [30.4821304, 36.8731264], [30.4818694, 36.8729533], [30.481528, 36.8727584], [30.4811757, 36.8727284], [30.4811306, 36.8726992], [30.481094, 36.872665]]}}, {"type": "Feature", "properties": {"category": "lycian_way", "name": "Likya Yolu", "ref": "", "relation_id": 51855, "role": ""}, "geometry": {"type": "LineString", "coordinates": [[30.481094, 36.872665], [30.4810868, 36.8726232], [30.4811057, 36.8724126]]}}, {"type": "Feature", "properties": {"category": "lycian_way", "name": "Likya Yolu", "ref": "", "relation_id": 51855, "role": ""}, "geometry": {"type": "LineString", "coordinates": [[30.4811057, 36.8724126], [30.4811581, 36.8723071]]}}, {"type": "Feature", "properties": {"category": "lycian_way", "name": "Likya Yolu", "ref": "", "relation_id": 51855, "role": ""}, "geometry": {"type": "LineString", "coordinates": [[30.4811581, 36.8723071], [30.4814637, 36.8721968], [30.4818454, 36.8721136], [30.4820647, 36.8720791], [30.4822247, 36.872073], [30.4826779, 36.8721053], [30.4830894, 36.8721693]]}}, {"type": "Feature", "properties": {"category": "lycian_way", "name": "Likya Yolu", "ref": "", "relation_id": 51855, "role": ""}, "geometry": {"type": "LineString", "coordinates": [[30.4830894, 36.8721693], [30.483018, 36.8718992], [30.4829563, 36.8717612], [30.4827591, 36.8718105], [30.4826113, 36.8717513], [30.4826359, 36.8716232], [30.4825312, 36.8715394], [30.4819088, 36.8712742]]}}, {"type": "Feature", "properties": {"category": "lycian_way", "name": "Likya Yolu", "ref": "", "relation_id": 51855, "role": ""}, "geometry": {"type": "LineString", "coordinates": [[30.4819088, 36.8712742], [30.4822016, 36.8710132], [30.4822136, 36.8709583], [30.482194, 36.8709083], [30.4820453, 36.8707622], [30.4820379, 36.8706748], [30.4821757, 36.8703921], [30.4823669, 36.8702034], [30.4829726, 36.8698744], [30.4830659, 36.8697283], [30.4830954, 36.8695877], [30.4833513, 36.8693984], [30.4835022, 36.8693287], [30.4836153, 36.869247]]}}, {"type": "Feature", "properties": {"category": "lycian_way", "name": "Likya Yolu", "ref": "", "relation_id": 51855, "role": ""}, "geometry": {"type": "LineString", "coordinates": [[30.4836153, 36.869247], [30.4836884, 36.869025], [30.483659, 36.8688113], [30.4836202, 36.8685264], [30.483631, 36.8684285], [30.4837137, 36.8683241], [30.4839009, 36.8681956], [30.4844239, 36.8680284], [30.4846819, 36.8678389], [30.4847617, 36.8677229], [30.4847483, 36.8676507], [30.4846818, 36.8675999], [30.4846213, 36.8675514], [30.4845969, 36.8674524], [30.4846275, 36.8673597]]}}, {"type": "Feature", "properties": {"category": "lycian_way", "name": "Likya Yolu", "ref": "", "relation_id": 51855, "role": ""}, "geometry": {"type": "LineString", "coordinates": [[30.4814017, 36.8686467], [30.4814981, 36.8686916], [30.4816055, 36.868742], [30.4818382, 36.8686779], [30.4819342, 36.8686789], [30.4821601, 36.8686535], [30.4824831, 36.8684963], [30.4826246, 36.8683723], [30.4827082, 36.8681769], [30.4828453, 36.8680479], [30.4834379, 36.8678634], [30.4835945, 36.8678282], [30.4836587, 36.867797], [30.484107, 36.8677337], [30.4842288, 36.867607], [30.4843231, 36.8674703], [30.4844255, 36.8673877], [30.4845358, 36.8673448], [30.4846275, 36.8673597]]}}, {"type": "Feature", "properties": {"category": "lycian_way", "name": "Likya Yolu", "ref": "", "relation_id": 51855, "role": ""}, "geometry": {"type": "LineString", "coordinates": [[30.4807766, 36.8646503], [30.4804827, 36.8650626], [30.480516, 36.865326], [30.4807278, 36.8654376], [30.4808673, 36.8654955], [30.4808941, 36.8655964], [30.4810712, 36.8657509], [30.4811999, 36.8663517], [30.4811597, 36.8666049], [30.481275, 36.8671135], [30.4813291, 36.8671764], [30.4816542, 36.8675548], [30.4815645, 36.8679329], [30.4814915, 36.8681015], [30.4815004, 36.8682375], [30.481452, 36.8683645], [30.4814601, 36.868504], [30.4814017, 36.8686467]]}}, {"type": "Feature", "properties": {"category": "lycian_way", "name": "Likya Yolu", "ref": "", "relation_id": 51855, "role": ""}, "geometry": {"type": "LineString", "coordinates": [[30.4786987, 36.8646902], [30.4787858, 36.8646705], [30.4792367, 36.8645778], [30.4793712, 36.8645187], [30.4795507, 36.8642633], [30.4798767, 36.8640778], [30.4801583, 36.8639841], [30.4802077, 36.8639677], [30.4803766, 36.8639994], [30.4805561, 36.8641978], [30.4807329, 36.8644258], [30.4807766, 36.8646503]]}}, {"type": "Feature", "properties": {"category": "lycian_way", "name": "Likya Yolu", "ref": "", "relation_id": 51855, "role": ""}, "geometry": {"type": "LineString", "coordinates": [[30.4779685, 36.8640481], [30.477984, 36.8640738], [30.4780564, 36.8641457], [30.478047, 36.8644043], [30.4781677, 36.8646329], [30.4783286, 36.8647294], [30.4785427, 36.8647256], [30.4786987, 36.8646902]]}}, {"type": "Feature", "properties": {"category": "lycian_way", "name": "Likya Yolu", "ref": "", "relation_id": 51855, "role": ""}, "geometry": {"type": "LineString", "coordinates": [[30.4703977, 36.8625146], [30.4709407, 36.8628194], [30.4714358, 36.863258], [30.4719991, 36.863464], [30.472354, 36.8635535], [30.4731667, 36.8638367], [30.4734619, 36.8640168], [30.4744168, 36.8642615], [30.4747795, 36.864456], [30.4753652, 36.8648589], [30.4754637, 36.8649009], [30.4756925, 36.8649395], [30.4761243, 36.8648654], [30.4766098, 36.8646529], [30.4769404, 36.8645154], [30.4770621, 36.8642952], [30.4772816, 36.8640986], [30.4774897, 36.864103], [30.4776503, 36.8642057], [30.4777967, 36.8641539], [30.4779685, 36.8640481]]}}, {"type": "Feature", "properties": {"category": "lycian_way", "name": "Likya Yolu", "ref": "", "relation_id": 51855, "role": ""}, "geometry": {"type": "LineString", "coordinates": [[30.4703977, 36.8625146], [30.4705187, 36.8623503], [30.4705145, 36.862221], [30.4704617, 36.8620445], [30.4702585, 36.8618559], [30.469982, 36.8617063], [30.4689657, 36.8612639], [30.4694698, 36.8611403], [30.4692584, 36.8608996], [30.4693885, 36.8606719], [30.469371, 36.8604993], [30.4692192, 36.8604715], [30.4692012, 36.8603053], [30.4692726, 36.8601981]]}}, {"type": "Feature", "properties": {"category": "lycian_way", "name": "Likya Yolu", "ref": "", "relation_id": 51855, "role": ""}, "geometry": {"type": "LineString", "coordinates": [[30.4692726, 36.8601981], [30.4692726, 36.860099], [30.4693292, 36.8598923], [30.4693363, 36.8596148], [30.4694683, 36.8594578]]}}, {"type": "Feature", "properties": {"category": "lycian_way", "name": "Likya Yolu", "ref": "", "relation_id": 51855, "role": ""}, "geometry": {"type": "LineString", "coordinates": [[30.4709344, 36.8581436], [30.470631, 36.8586372], [30.4705919, 36.8587008], [30.4701778, 36.8592245], [30.469975, 36.8593916], [30.4696789, 36.8594789], [30.4694683, 36.8594578]]}}, {"type": "Feature", "properties": {"category": "lycian_way", "name": "Likya Yolu", "ref": "", "relation_id": 51855, "role": ""}, "geometry": {"type": "LineString", "coordinates": [[30.4709344, 36.8581436], [30.4709637, 36.8575763], [30.4712485, 36.8570736], [30.4710735, 36.8569272], [30.4709761, 36.856822], [30.4709432, 36.8563613], [30.4706331, 36.8558468], [30.4704078, 36.8553146], [30.4705293, 36.8550551]]}}, {"type": "Feature", "properties": {"category": "lycian_way", "name": "Likya Yolu", "ref": "", "relation_id": 51855, "role": ""}, "geometry": {"type": "LineString", "coordinates": [[30.4665418, 36.8535177], [30.4666079, 36.853655], [30.4666221, 36.8538339], [30.4664872, 36.8540678], [30.4665945, 36.85425], [30.4667562, 36.8543318], [30.4670003, 36.8545636], [30.4671961, 36.8546644], [30.4673521, 36.8546587], [30.4676483, 36.8545605], [30.4683334, 36.8546752], [30.4685345, 36.8548662], [30.4686686, 36.8549377], [30.4689707, 36.8550065], [30.4697265, 36.8549961], [30.4699373, 36.8548876], [30.4701707, 36.8548791], [30.470396, 36.8549713], [30.4705293, 36.8550551]]}}, {"type": "Feature", "properties": {"category": "lycian_way", "name": "Likya Yolu", "ref": "", "relation_id": 51855, "role": ""}, "geometry": {"type": "LineString", "coordinates": [[30.463669, 36.8518868], [30.4639319, 36.8518936], [30.4641572, 36.8519645], [30.4644093, 36.8522177], [30.4646856, 36.8523293], [30.4648787, 36.8524517], [30.4651925, 36.8524538], [30.4653266, 36.8525118], [30.4655546, 36.8525869], [30.4659113, 36.8528466], [30.4662976, 36.8531363], [30.4665184, 36.853469], [30.4665418, 36.8535177]]}}, {"type": "Feature", "properties": {"category": "lycian_way", "name": "Likya Yolu", "ref": "", "relation_id": 51855, "role": ""}, "geometry": {"type": "LineString", "coordinates": [[30.5575497, 36.9290561], [30.5575416, 36.9289896], [30.5575121, 36.9289017], [30.5573579, 36.928757], [30.5572587, 36.9286926], [30.5569837, 36.9285758], [30.5567464, 36.9284879], [30.5564647, 36.9283871], [30.5561174, 36.9283249], [30.5555286, 36.9282209], [30.5551907, 36.9281523], [30.5549707, 36.9281234], [30.5547816, 36.9280601], [30.5545148, 36.9279754], [30.5541486, 36.927865], [30.5539464, 36.9278542], [30.5537272, 36.9278611], [30.5534935, 36.9279222], [30.5532759, 36.9279743], [30.55315, 36.927984], [30.5530021, 36.9279739], [30.5528575, 36.9279567], [30.5527087, 36.9280049], [30.5525183, 36.9280871], [30.55224, 36.9281733], [30.552048, 36.9281943], [30.551768, 36.9281883], [30.5513875, 36.9281677], [30.5511147, 36.9281833], [30.5508952, 36.9282133], [30.5507227, 36.9282627]]}}, {"type": "Feature", "properties": {"category": "lycian_way", "name": "Likya Yolu", "ref": "", "relation_id": 51855, "role": ""}, "geometry": {"type": "LineString", "coordinates": [[30.5507227, 36.9282627], [30.550528, 36.928271], [30.5500994, 36.9283645], [30.5498959, 36.9283296], [30.5497305, 36.9282973]]}}, {"type": "Feature", "properties": {"category": "lycian_way", "name": "Likya Yolu", "ref": "", "relation_id": 51855, "role": ""}, "geometry": {"type": "LineString", "coordinates": [[30.5575497, 36.9290561], [30.5579483, 36.9290733], [30.5583923, 36.9290535], [30.5585403, 36.929234], [30.5587482, 36.9293865], [30.5588336, 36.9294379], [30.5592184, 36.9293304], [30.5594226, 36.9292691], [30.559618, 36.9294564], [30.5602352, 36.9295777], [30.5606231, 36.9297875], [30.5608468, 36.9297848], [30.5610543, 36.9295481], [30.5611691, 36.9294107], [30.5614685, 36.9292899], [30.5616747, 36.9294082], [30.5618597, 36.9295641], [30.5621802, 36.9295977]]}}, {"type": "Feature", "properties": {"category": "lycian_way", "name": "Likya Yolu", "ref": "", "relation_id": 51855, "role": ""}, "geometry": {"type": "LineString", "coordinates": [[30.5621802, 36.9295977], [30.5622727, 36.929557], [30.5623988, 36.9295409], [30.5625463, 36.9295602], [30.5626978, 36.9296042], [30.5628118, 36.9296599], [30.5629339, 36.929691], [30.5630492, 36.9297146], [30.5631713, 36.9296996], [30.5633094, 36.9296438], [30.5634167, 36.9296052], [30.5635548, 36.9295999], [30.5637104, 36.9295441], [30.5639223, 36.9294584], [30.5641999, 36.9293501], [30.5643903, 36.9293051], [30.5645727, 36.9292815], [30.5647913, 36.92929], [30.5650287, 36.9293629], [30.5652701, 36.9294412], [30.5654444, 36.9294755], [30.5655718, 36.9295195], [30.5656536, 36.9295859], [30.5657274, 36.9296878], [30.5657931, 36.9297875], [30.5658722, 36.9298368], [30.5659661, 36.9298668], [30.5660935, 36.929869], [30.5662545, 36.9298732], [30.5663926, 36.9298872], [30.5664731, 36.9299075], [30.566582, 36.9299818], [30.5666286, 36.9300812], [30.5666903, 36.9301563], [30.5668083, 36.9302292], [30.5669465, 36.9303106], [30.5670926, 36.9303878], [30.5672549, 36.93045], [30.567334, 36.9305025], [30.5673957, 36.9305861], [30.5674534, 36.9307094], [30.5675272, 36.9308091], [30.5676546, 36.9309506], [30.567908, 36.9311404], [30.5681173, 36.9313141], [30.5682742, 36.9314781], [30.5684592, 36.9316249], [30.5686986, 36.9317648], [30.5688394, 36.9318399], [30.5690218, 36.9319181], [30.569231, 36.9319942], [30.5694537, 36.9320821], [30.5696052, 36.9321111], [30.569793, 36.9321293], [30.5699016, 36.9321615], [30.5700116, 36.9322322], [30.5701752, 36.9323309], [30.5703616, 36.9323941], [30.5705413, 36.9324241], [30.5707653, 36.9324488], [30.5709892, 36.9324627], [30.5711233, 36.9324509], [30.5712896, 36.9324102]]}}, {"type": "Feature", "properties": {"category": "lycian_way", "name": "Likya Yolu", "ref": "", "relation_id": 51855, "role": ""}, "geometry": {"type": "LineString", "coordinates": [[30.5712896, 36.9324102], [30.5715444, 36.9322719], [30.5717255, 36.9321733], [30.5718475, 36.9321154], [30.5719334, 36.9321132], [30.5720259, 36.9321443], [30.5721238, 36.932199], [30.5722137, 36.9322751], [30.5723102, 36.9323619], [30.5724028, 36.9324091], [30.5724913, 36.9324616], [30.5725811, 36.9325442], [30.5726093, 36.9326128], [30.5726079, 36.9326996], [30.5725892, 36.9328261], [30.5725487, 36.9330334], [30.5725657, 36.9331905], [30.5726236, 36.9332671], [30.5726981, 36.9332546], [30.572779, 36.9331311]]}}, {"type": "Feature", "properties": {"category": "lycian_way", "name": "Likya Yolu", "ref": "", "relation_id": 51855, "role": ""}, "geometry": {"type": "LineString", "coordinates": [[30.572779, 36.9331311], [30.5728709, 36.9331296], [30.5729653, 36.9331861], [30.5730542, 36.9333308], [30.5732577, 36.933429], [30.5733831, 36.9335305], [30.5736122, 36.9335562], [30.573629, 36.9338475]]}}, {"type": "Feature", "properties": {"category": "lycian_way", "name": "Likya Yolu", "ref": "", "relation_id": 51855, "role": ""}, "geometry": {"type": "LineString", "coordinates": [[30.573629, 36.9338475], [30.5739301, 36.9338036]]}}, {"type": "Feature", "properties": {"category": "lycian_way", "name": "Likya Yolu", "ref": "", "relation_id": 51855, "role": ""}, "geometry": {"type": "LineString", "coordinates": [[30.5719678, 36.9308173], [30.572157, 36.930905], [30.5724003, 36.9309804], [30.5728479, 36.9310822], [30.5730451, 36.9312258], [30.5732598, 36.9314523], [30.5735435, 36.9317443], [30.5736511, 36.9319328], [30.5735158, 36.9321818], [30.5736498, 36.9325339], [30.5737186, 36.9327762], [30.5738189, 36.9331288], [30.5738437, 36.9333903], [30.5739191, 36.9336729], [30.5739301, 36.9338036]]}}, {"type": "Feature", "properties": {"category": "lycian_way", "name": "Likya Yolu", "ref": "", "relation_id": 51855, "role": ""}, "geometry": {"type": "LineString", "coordinates": [[30.5719718, 36.9305494], [30.5720284, 36.9306985], [30.5719678, 36.9308173]]}}, {"type": "Feature", "properties": {"category": "lycian_way", "name": "Likya Yolu", "ref": "", "relation_id": 51855, "role": ""}, "geometry": {"type": "LineString", "coordinates": [[30.5713198, 36.930389], [30.5714469, 36.9303861], [30.571633, 36.9304273], [30.5718245, 36.9304787], [30.5719718, 36.9305494]]}}, {"type": "Feature", "properties": {"category": "lycian_way", "name": "Likya Yolu", "ref": "", "relation_id": 51855, "role": ""}, "geometry": {"type": "LineString", "coordinates": [[30.57097, 36.9302824], [30.571073, 36.9303263], [30.5713198, 36.930389]]}}, {"type": "Feature", "properties": {"category": "lycian_way", "name": "Likya Yolu", "ref": "", "relation_id": 51855, "role": ""}, "geometry": {"type": "LineString", "coordinates": [[30.5682671, 36.9232091], [30.568188, 36.9232445], [30.5681437, 36.9232638], [30.5680284, 36.9233871], [30.5678983, 36.9234997], [30.5676972, 36.9237098], [30.5674397, 36.9239768], [30.5673967, 36.9240111], [30.5673418, 36.9240379], [30.5672519, 36.924143], [30.5671124, 36.9242652], [30.566829, 36.9245398], [30.566791, 36.9246447], [30.5669825, 36.9248982], [30.5672124, 36.9250778], [30.5679163, 36.92549], [30.5682415, 36.9256333], [30.5685374, 36.9257785], [30.5689366, 36.9259948], [30.5691818, 36.9260454], [30.5693689, 36.9260775], [30.5695425, 36.926039], [30.5698255, 36.9259736], [30.5699918, 36.9259543], [30.5701299, 36.9259564], [30.5702613, 36.9259961], [30.5703539, 36.9260486], [30.5704196, 36.9261248], [30.5704303, 36.9261966], [30.5703887, 36.9262513], [30.5702868, 36.9262888], [30.5701031, 36.9263392], [30.5699569, 36.9263863], [30.5698643, 36.9264239], [30.5697249, 36.9266318], [30.5696954, 36.9269481], [30.5698859, 36.9272215], [30.569926, 36.9273448], [30.5699985, 36.927616], [30.5700159, 36.9276836], [30.5700655, 36.9277468], [30.5701634, 36.9278347], [30.5702788, 36.9279773], [30.5703633, 36.9280877], [30.5704303, 36.9281756], [30.5705108, 36.9282292], [30.5706181, 36.9282603], [30.5707562, 36.9282721], [30.5708434, 36.9282432], [30.570952, 36.9282129], [30.5710554, 36.9282161], [30.5710723, 36.9282747], [30.5710554, 36.9286755], [30.5711084, 36.928902], [30.5710978, 36.9292574], [30.5711021, 36.9293797], [30.5710246, 36.9298263], [30.571054, 36.929939], [30.5710754, 36.9300903], [30.5710029, 36.9302234], [30.57097, 36.9302824]]}}, {"type": "Feature", "properties": {"category": "lycian_way", "name": "Likya Yolu", "ref": "", "relation_id": 51855, "role": ""}, "geometry": {"type": "LineString", "coordinates": [[30.5683998, 36.9168506], [30.5685119, 36.9169522], [30.5686585, 36.9171041], [30.5688028, 36.9172798], [30.5688781, 36.9173823], [30.5689328, 36.9175211], [30.5689786, 36.9178569], [30.5690298, 36.9180113], [30.5691948, 36.9182061], [30.5693081, 36.9183152], [30.5695274, 36.9184485], [30.5697738, 36.9184519], [30.569905, 36.9184334], [30.5700268, 36.9184119], [30.5701404, 36.9184167], [30.5702398, 36.9184847], [30.5703044, 36.9185584], [30.5703293, 36.9186624], [30.5703132, 36.9187628], [30.5703301, 36.9188321], [30.5704372, 36.9189626], [30.5705399, 36.9190664], [30.5706189, 36.9192104], [30.5706653, 36.9194021], [30.5706521, 36.9195201], [30.5706187, 36.9195917], [30.5705619, 36.919647], [30.5704394, 36.9197058], [30.5701169, 36.9198274], [30.5699623, 36.919894], [30.5698925, 36.919938], [30.569863, 36.9199777], [30.5698176, 36.920082], [30.5697987, 36.9201256], [30.5697088, 36.9203004], [30.5695465, 36.9205952], [30.5694191, 36.9208708], [30.5692676, 36.9212471], [30.5692539, 36.9212876], [30.5691362, 36.9216599], [30.5690999, 36.9218014], [30.5690678, 36.9219344], [30.5690476, 36.9221091], [30.5690316, 36.9223193], [30.5690208, 36.9225144], [30.569002, 36.9227063], [30.568987, 36.9228228], [30.5689819, 36.9228628], [30.5689216, 36.9229518], [30.5688451, 36.9230076], [30.5687218, 36.9230505], [30.568526, 36.9231073], [30.5683583, 36.9231598], [30.5682671, 36.9232091]]}}, {"type": "Feature", "properties": {"category": "lycian_way", "name": "Likya Yolu", "ref": "", "relation_id": 51855, "role": ""}, "geometry": {"type": "LineString", "coordinates": [[30.5683998, 36.9168506], [30.5680898, 36.9168926], [30.5672651, 36.9167543], [30.5671651, 36.9167375], [30.5668142, 36.9165659], [30.566905, 36.9161797], [30.5672312, 36.9155065], [30.5676564, 36.914798]]}}, {"type": "Feature", "properties": {"category": "lycian_way", "name": "Likya Yolu", "ref": "", "relation_id": 51855, "role": ""}, "geometry": {"type": "LineString", "coordinates": [[30.4237024, 36.5764653], [30.4236628, 36.5762986], [30.423672, 36.5761774], [30.4237614, 36.5759107], [30.4237377, 36.5758271], [30.4236932, 36.5757517], [30.4234926, 36.5755726], [30.4232207, 36.5754397], [30.4230138, 36.5753872], [30.4229175, 36.5753114], [30.4228127, 36.5751758], [30.4225243, 36.5749595], [30.4224487, 36.5748768], [30.4223879, 36.5747556], [30.4222952, 36.5746419], [30.422218, 36.5746774], [30.422165, 36.5747885], [30.422042, 36.5748807], [30.4219221, 36.5748871], [30.4217646, 36.5748426], [30.421608, 36.5747445], [30.4214604, 36.5746023], [30.4213801, 36.5744097], [30.4213155, 36.5741771], [30.4213505, 36.5739237], [30.4213681, 36.5737938]]}}, {"type": "Feature", "properties": {"category": "lycian_way", "name": "Likya Yolu", "ref": "", "relation_id": 51855, "role": ""}, "geometry": {"type": "LineString", "coordinates": [[30.4234356, 36.5767744], [30.4235982, 36.5766269], [30.4237024, 36.5764653]]}}, {"type": "Feature", "properties": {"category": "lycian_way", "name": "Likya Yolu", "ref": "", "relation_id": 51855, "role": ""}, "geometry": {"type": "LineString", "coordinates": [[30.4231984, 36.5770575], [30.4233399, 36.5768612], [30.4234356, 36.5767744]]}}, {"type": "Feature", "properties": {"category": "lycian_way", "name": "Likya Yolu", "ref": "", "relation_id": 51855, "role": ""}, "geometry": {"type": "LineString", "coordinates": [[30.4229065, 36.5774734], [30.422941, 36.5773447], [30.4229879, 36.577285], [30.4231984, 36.5770575]]}}, {"type": "Feature", "properties": {"category": "lycian_way", "name": "Likya Yolu", "ref": "", "relation_id": 51855, "role": ""}, "geometry": {"type": "LineString", "coordinates": [[30.4228676, 36.57753], [30.4229065, 36.5774734]]}}, {"type": "Feature", "properties": {"category": "lycian_way", "name": "Likya Yolu", "ref": "", "relation_id": 51855, "role": ""}, "geometry": {"type": "LineString", "coordinates": [[30.4230147, 36.5789143], [30.4229548, 36.5785733], [30.4229463, 36.5783587], [30.4229762, 36.5782672], [30.4230441, 36.5781555], [30.4230617, 36.5780593], [30.4230085, 36.5779945], [30.4229029, 36.5779414], [30.4228002, 36.5777868], [30.4228055, 36.5776059], [30.4228676, 36.57753]]}}, {"type": "Feature", "properties": {"category": "lycian_way", "name": "Likya Yolu", "ref": "", "relation_id": 51855, "role": ""}, "geometry": {"type": "LineString", "coordinates": [[30.4229464, 36.5800366], [30.4230668, 36.5796981], [30.4231752, 36.5795386], [30.4231585, 36.5793126], [30.4230616, 36.5789975], [30.4230147, 36.5789143]]}}, {"type": "Feature", "properties": {"category": "lycian_way", "name": "Likya Yolu", "ref": "", "relation_id": 51855, "role": ""}, "geometry": {"type": "LineString", "coordinates": [[30.4361394, 36.6058531], [30.4360054, 36.6057875], [30.4356124, 36.6058074], [30.4354895, 36.605676], [30.4351745, 36.6056913], [30.435007, 36.605662], [30.4348259, 36.6057171], [30.4346969, 36.6056606], [30.4346045, 36.605563], [30.4344808, 36.6053104], [30.4342094, 36.6051737], [30.4339826, 36.6049782], [30.4336078, 36.604861], [30.4333789, 36.6048632], [30.4332006, 36.6049594], [30.4330084, 36.6049956], [30.4327562, 36.6049539], [30.4324981, 36.6048586], [30.4322354, 36.6048012], [30.4318774, 36.6046701], [30.4316236, 36.6047238], [30.4314169, 36.6047654], [30.4312539, 36.6049031], [30.4311771, 36.6050822], [30.4310163, 36.6051834], [30.4309017, 36.6053168], [30.4306497, 36.6052711], [30.4305033, 36.6051276], [30.4303721, 36.6050277], [30.4301537, 36.6048991], [30.429829, 36.6047998], [30.429698, 36.6049147], [30.4294618, 36.6050956], [30.4292044, 36.6051799], [30.4285096, 36.6051969], [30.4281496, 36.6051163], [30.4280825, 36.604879], [30.4278418, 36.6048493], [30.427654, 36.6046525], [30.4274291, 36.6046375], [30.4270433, 36.6045335], [30.426798, 36.6044274], [30.4264177, 36.6043986], [30.4262592, 36.6042849], [30.426178, 36.604038], [30.4260529, 36.6038404], [30.4259177, 36.6037241], [30.4257797, 36.603713], [30.4256433, 36.6037858], [30.4253795, 36.6037952], [30.4251142, 36.603715], [30.4247778, 36.603728], [30.4244628, 36.6036202], [30.4243546, 36.6035046], [30.4242601, 36.6034036], [30.4241596, 36.6031297], [30.4241828, 36.6029917], [30.4240615, 36.6027305], [30.4239811, 36.6025783], [30.4239444, 36.6023026], [30.4239705, 36.6021022], [30.4240367, 36.6019416], [30.4240063, 36.601757], [30.423953, 36.6016225], [30.423762, 36.6014924], [30.4236343, 36.6013964], [30.4233642, 36.6013367], [30.4231504, 36.6012313], [30.4229307, 36.6011029], [30.4227786, 36.6009356], [30.422534, 36.6008277], [30.4224271, 36.600718], [30.4224135, 36.6005933], [30.4221297, 36.6004493], [30.4217879, 36.6001796], [30.4215939, 36.6000694], [30.4212924, 36.5999664], [30.4212435, 36.5999077], [30.4211788, 36.59983], [30.4210343, 36.599717], [30.4208716, 36.5996072], [30.4208046, 36.5995343], [30.4208284, 36.5994655], [30.4209447, 36.5993556], [30.4212422, 36.5991972], [30.4215427, 36.5990666], [30.4216611, 36.5989804], [30.4216832, 36.5987424], [30.421843, 36.5985999], [30.4219043, 36.5984733], [30.4218761, 36.5983875], [30.4217416, 36.5982951], [30.4215879, 36.5982129], [30.4215399, 36.5981242], [30.4215055, 36.5979863], [30.4214958, 36.5977812], [30.4214979, 36.5975742], [30.4215261, 36.5973675], [30.4216207, 36.597143], [30.4216837, 36.5970074], [30.4217127, 36.5969916], [30.4217741, 36.5969582], [30.4219833, 36.5969468], [30.4225996, 36.5969623], [30.4227056, 36.5969183], [30.4227381, 36.5968233], [30.4226725, 36.5965223], [30.4226665, 36.5963989], [30.4226621, 36.5963067], [30.4227001, 36.5960621], [30.4227831, 36.5958936], [30.4228717, 36.5957339], [30.4230474, 36.5954174], [30.4231162, 36.5952934], [30.4231988, 36.5948501], [30.4232883, 36.5947363], [30.4236755, 36.5943477], [30.4239533, 36.5940689], [30.4241053, 36.5939837], [30.4244664, 36.5938861], [30.4250397, 36.5940401], [30.4251761, 36.5940314], [30.4254639, 36.5938511], [30.4257119, 36.5937094], [30.4258227, 36.5935304], [30.4258576, 36.5933004], [30.4259394, 36.5930692], [30.4260529, 36.5928877], [30.4264221, 36.5925983], [30.4268346, 36.5915623], [30.4268839, 36.5913113], [30.4267627, 36.590921], [30.4267445, 36.590424], [30.4266321, 36.5900662], [30.4264034, 36.5893385], [30.4264233, 36.5891255], [30.4262686, 36.5886096], [30.426182, 36.5883224], [30.4260202, 36.5880308], [30.4258221, 36.5878861], [30.4255977, 36.5875474], [30.4255465, 36.5874214], [30.4256154, 36.5873085], [30.4255741, 36.5869434], [30.425628, 36.5865808], [30.4255548, 36.5864389], [30.4254019, 36.5863363], [30.425293, 36.5861158], [30.4252202, 36.5858773], [30.4248794, 36.5856655], [30.4246812, 36.5856024], [30.4246775, 36.585556], [30.4246748, 36.5855216], [30.4247418, 36.5854365], [30.424932, 36.5853125], [30.4251387, 36.5851459], [30.4252958, 36.5848722], [30.4253463, 36.5846586], [30.4254142, 36.5843583], [30.4254749, 36.5841862], [30.4256299, 36.5840098], [30.4256396, 36.5838661], [30.4256037, 36.5834086], [30.4256403, 36.5832509], [30.4257614, 36.5830973], [30.4258863, 36.5828538], [30.4259542, 36.5826228], [30.4259133, 36.5824099], [30.4258314, 36.5821377], [30.4257392, 36.5819054], [30.4249948, 36.5808228], [30.4244792, 36.5804017], [30.4240581, 36.5801357], [30.423912, 36.5801152], [30.4236692, 36.5801357], [30.4235619, 36.5800818], [30.4234841, 36.58007], [30.4233715, 36.5801734], [30.4231368, 36.5801626], [30.4230241, 36.5801809], [30.4229544, 36.5801432], [30.4229528, 36.5801224], [30.4229464, 36.5800366]]}}, {"type": "Feature", "properties": {"category": "lycian_way", "name": "Likya Yolu", "ref": "", "relation_id": 51855, "role": ""}, "geometry": {"type": "LineString", "coordinates": [[30.4213681, 36.5737938], [30.4214038, 36.5735307], [30.4213632, 36.5733675], [30.4212857, 36.5732154], [30.421152, 36.5730326], [30.4210011, 36.572884], [30.420821, 36.5728234], [30.4204131, 36.5728059], [30.4200915, 36.5728306], [30.4198819, 36.5728272]]}}, {"type": "Feature", "properties": {"category": "lycian_way", "name": "Likya Yolu", "ref": "", "relation_id": 51855, "role": ""}, "geometry": {"type": "LineString", "coordinates": [[30.4198819, 36.5728272], [30.4198071, 36.5727745]]}}, {"type": "Feature", "properties": {"category": "lycian_way", "name": "Likya Yolu", "ref": "", "relation_id": 51855, "role": ""}, "geometry": {"type": "LineString", "coordinates": [[30.4198071, 36.5727745], [30.4197651, 36.5727449], [30.4197543, 36.5726707]]}}, {"type": "Feature", "properties": {"category": "lycian_way", "name": "Likya Yolu", "ref": "", "relation_id": 51855, "role": ""}, "geometry": {"type": "LineString", "coordinates": [[30.4197543, 36.5726707], [30.4196287, 36.5725568], [30.4195286, 36.5724882], [30.419299, 36.572362], [30.4192225, 36.5721757], [30.4192136, 36.5720838], [30.4192295, 36.572001], [30.4190683, 36.571901], [30.4187796, 36.5717858], [30.4186435, 36.571799], [30.4185508, 36.5717787], [30.4186042, 36.5716181], [30.4185148, 36.5715782], [30.4183699, 36.57135], [30.4182797, 36.5712375], [30.4181864, 36.5712088], [30.4180858, 36.5712374], [30.4180121, 36.5711851], [30.418025, 36.5712729], [30.4179052, 36.5711635], [30.4177886, 36.5711307], [30.4177481, 36.5710744], [30.417728, 36.5710464], [30.4176222, 36.5709713], [30.4175426, 36.5708831], [30.4173946, 36.5708315], [30.4173329, 36.570887], [30.417177, 36.570867], [30.4171347, 36.5708074], [30.4170004, 36.5707965], [30.4168838, 36.5706585], [30.4167134, 36.57062], [30.4165343, 36.5705695], [30.4163447, 36.5704643], [30.416233, 36.5704266], [30.4160341, 36.570436], [30.416039, 36.5705103], [30.415975, 36.5705207], [30.4158161, 36.5704165], [30.4157019, 36.5704217], [30.4156711, 36.5703757], [30.4157163, 36.570286], [30.4156081, 36.5702818], [30.4155419, 36.5703195], [30.4155576, 36.5705067], [30.4154713, 36.5704209], [30.415313, 36.5702874], [30.4151762, 36.5704748], [30.4150984, 36.5705049], [30.4150609, 36.570492], [30.4150183, 36.570515], [30.4148678, 36.5704654], [30.4148073, 36.5704922], [30.4147891, 36.5705523], [30.4148287, 36.5706521], [30.4147891, 36.5706876], [30.4147114, 36.5706766], [30.4146243, 36.5706117], [30.4145963, 36.5706379], [30.4145833, 36.5707263], [30.4146363, 36.5708046], [30.4144468, 36.570818], [30.414266, 36.570812], [30.4141424, 36.570852], [30.4141599, 36.5709526], [30.4141312, 36.5710614], [30.4140208, 36.5711044], [30.4138993, 36.5711481], [30.4137866, 36.5711664], [30.4137352, 36.5711856], [30.4136397, 36.5712213], [30.413572, 36.5712203], [30.4134929, 36.571231], [30.4133655, 36.5712052], [30.4132502, 36.5712106], [30.4131939, 36.571244], [30.4131174, 36.5712009], [30.4130593, 36.5712071], [30.4130173, 36.5712651], [30.4129483, 36.5713741]]}}, {"type": "Feature", "properties": {"category": "lycian_way", "name": "Likya Yolu", "ref": "", "relation_id": 51855, "role": ""}, "geometry": {"type": "LineString", "coordinates": [[30.4129483, 36.5713741], [30.4129042, 36.57122], [30.4129995, 36.5710104], [30.4132153, 36.5708381], [30.4129525, 36.5706556], [30.4126527, 36.5705333], [30.4123884, 36.5704683], [30.4122461, 36.5704477], [30.4120796, 36.5704132], [30.4119292, 36.5703114], [30.4117024, 36.5699106], [30.4116349, 36.5696836], [30.4115995, 36.569439], [30.4117538, 36.5692635], [30.4118781, 36.5690087], [30.4118896, 36.5688104], [30.4118052, 36.5686335], [30.4116675, 36.5683824], [30.4115993, 36.5682208], [30.4116806, 36.5680889], [30.4119363, 36.5680949], [30.4123276, 36.5679271], [30.4123778, 36.5677807], [30.4122804, 36.5676666], [30.4122766, 36.5674797], [30.4125075, 36.5674153], [30.4125699, 36.5672929], [30.412702, 36.5672911], [30.4128505, 36.5672841], [30.4130848, 36.5673417], [30.4132459, 36.5674273], [30.4134687, 36.5673169], [30.4138411, 36.5672049], [30.4140812, 36.5671912], [30.414352, 36.5673501], [30.4146083, 36.5674218], [30.4148374, 36.567323], [30.4151544, 36.566917], [30.4154992, 36.5668537], [30.4157018, 36.5667287], [30.4157482, 36.5664763]]}}, {"type": "Feature", "properties": {"category": "lycian_way", "name": "Likya Yolu", "ref": "", "relation_id": 51855, "role": ""}, "geometry": {"type": "LineString", "coordinates": [[30.4157482, 36.5664763], [30.4158691, 36.5662406], [30.4164321, 36.5659472], [30.4165644, 36.5657907], [30.4167587, 36.5656417], [30.4168908, 36.565354], [30.4171032, 36.5651399], [30.4174398, 36.5649696], [30.4177351, 36.5649331]]}}, {"type": "Feature", "properties": {"category": "lycian_way", "name": "Likya Yolu", "ref": "", "relation_id": 51855, "role": ""}, "geometry": {"type": "LineString", "coordinates": [[30.4162655, 36.5544201], [30.4162508, 36.5545253], [30.416236, 36.5546304], [30.416126, 36.5547459], [30.4161904, 36.5551406], [30.4161658, 36.5553766], [30.4160132, 36.5557958], [30.4159369, 36.5561779], [30.4157094, 36.5563473], [30.4156081, 36.556541], [30.4152206, 36.5566967], [30.4149857, 36.5568523], [30.4150248, 36.557046], [30.414698, 36.5574655], [30.41466, 36.5577433], [30.4145453, 36.5578947], [30.4146334, 36.5581965], [30.4145252, 36.5587932], [30.4145189, 36.5591676], [30.4143759, 36.5595148], [30.4144371, 36.5597484], [30.4143512, 36.5599757], [30.4145886, 36.5601182], [30.4148821, 36.5602199], [30.4149983, 36.5603529], [30.4151769, 36.5604533], [30.4154053, 36.5606067], [30.4155646, 36.560835], [30.4153692, 36.5609381], [30.4157056, 36.5611533], [30.4158066, 36.5613102], [30.4159956, 36.561467], [30.4162095, 36.5616481], [30.4162896, 36.5617739], [30.4164225, 36.561844], [30.4163893, 36.5620207], [30.4165014, 36.5622708], [30.4164928, 36.5623479], [30.4163374, 36.5623594], [30.4163181, 36.5623864], [30.4162792, 36.5624407], [30.416264, 36.5626612], [30.4162846, 36.5629961], [30.416347, 36.563189], [30.4164285, 36.5634323], [30.4165871, 36.5635291], [30.4166319, 36.5636368], [30.4167397, 36.5638332], [30.4168473, 36.5639732], [30.4169485, 36.5641515], [30.4171066, 36.5643684], [30.4172993, 36.5643833], [30.417547, 36.5644345], [30.4176449, 36.5645318], [30.4177085, 36.5646561], [30.4177555, 36.5648306], [30.4177351, 36.5649331]]}}, {"type": "Feature", "properties": {"category": "lycian_way", "name": "Likya Yolu", "ref": "", "relation_id": 51855, "role": ""}, "geometry": {"type": "LineString", "coordinates": [[30.4167985, 36.5530373], [30.4166641, 36.5532577], [30.4165313, 36.5533745], [30.4163622, 36.5537377], [30.416409, 36.5540566], [30.4162655, 36.5544201]]}}, {"type": "Feature", "properties": {"category": "lycian_way", "name": "Likya Yolu", "ref": "", "relation_id": 51855, "role": ""}, "geometry": {"type": "LineString", "coordinates": [[30.4157567, 36.5497385], [30.4157014, 36.5498009], [30.4156146, 36.5498271], [30.4154943, 36.5498564], [30.4153814, 36.5499277], [30.4153117, 36.550067], [30.415316, 36.5501641], [30.4153823, 36.5502245], [30.4154923, 36.5501847], [30.415535, 36.5501995], [30.4155777, 36.5503081], [30.4154994, 36.5503503], [30.4154753, 36.550436], [30.4155009, 36.550532], [30.4156521, 36.5504847], [30.4157739, 36.5504943], [30.4158251, 36.5504657], [30.4159004, 36.5506085], [30.4159815, 36.5506279], [30.4159104, 36.5507913], [30.4160039, 36.5508875], [30.4162133, 36.5510894], [30.4163, 36.5510654], [30.4164038, 36.5510403], [30.4165137, 36.5510522], [30.4166129, 36.5511328], [30.4166854, 36.5511351], [30.4167607, 36.5512333], [30.4167467, 36.5513666], [30.4168304, 36.5514367], [30.4168987, 36.5516069], [30.4169257, 36.5517462], [30.416903, 36.551813], [30.4168745, 36.551937], [30.4168944, 36.5520467], [30.4168034, 36.5521792], [30.4168389, 36.5522488], [30.4167625, 36.5523336], [30.4168148, 36.5525001], [30.4168006, 36.5526498], [30.4167735, 36.5528131], [30.4167721, 36.5529982], [30.4167985, 36.5530373]]}}, {"type": "Feature", "properties": {"category": "lycian_way", "name": "Likya Yolu", "ref": "", "relation_id": 51855, "role": ""}, "geometry": {"type": "LineString", "coordinates": [[30.4157567, 36.5497385], [30.416037, 36.5497589], [30.4163427, 36.5497716], [30.4166043, 36.5499033], [30.4169717, 36.5499636], [30.4172641, 36.5499723], [30.4173928, 36.5499033], [30.4176959, 36.5498882], [30.4181272, 36.549919], [30.418337, 36.5499949], [30.4185768, 36.5501423], [30.4186347, 36.550178], [30.4186977, 36.5501963]]}}, {"type": "Feature", "properties": {"category": "lycian_way", "name": "Likya Yolu", "ref": "", "relation_id": 51855, "role": ""}, "geometry": {"type": "LineString", "coordinates": [[30.4186977, 36.5501963], [30.4190277, 36.5502914], [30.4191126, 36.5503238], [30.419291, 36.5503553], [30.419367, 36.5504291], [30.4194394, 36.5505605], [30.4194984, 36.550763], [30.419674, 36.5509454], [30.4197291, 36.5510593], [30.4198044, 36.5510644], [30.4204372, 36.5507523], [30.4205659, 36.5507049], [30.4208341, 36.5506898], [30.4210297, 36.5507375], [30.4212432, 36.5507275], [30.4213068, 36.5507231], [30.4214631, 36.5507124], [30.4216589, 36.550791], [30.4218246, 36.5509009], [30.4218468, 36.5509121], [30.4221388, 36.5510593], [30.4223268, 36.5511918], [30.4223482, 36.5512974], [30.4224206, 36.5513599], [30.4225239, 36.5513545], [30.4228243, 36.5511983], [30.4231194, 36.5511358], [30.4232427, 36.5511983], [30.4233889, 36.5512037], [30.4236328, 36.5511126], [30.4237417, 36.5511217], [30.4239079, 36.5512769], [30.4241748, 36.5513308], [30.4242633, 36.5514827], [30.4243787, 36.5515452], [30.424376, 36.5515605], [30.4243438, 36.5516411], [30.424388, 36.5518878], [30.4243371, 36.5520128], [30.4240099, 36.5522045], [30.4240219, 36.5523672], [30.42416, 36.5527176], [30.4241477, 36.5529354], [30.4242593, 36.5530362], [30.424616, 36.5531332], [30.4247555, 36.5533185], [30.4252249, 36.5536934], [30.4254287, 36.5537817], [30.4254073, 36.5539067], [30.425528, 36.5539562], [30.4256769, 36.554134], [30.4260054, 36.5542676], [30.4260765, 36.5543484], [30.4261114, 36.5545121], [30.4261653, 36.554555], [30.4264024, 36.5545724], [30.426676, 36.5547577], [30.4268664, 36.5549376], [30.4270689, 36.555138], [30.4272124, 36.5551671], [30.4274377, 36.5551671], [30.4279226, 36.5553734], [30.428414, 36.5555183], [30.4284999, 36.555654], [30.4287332, 36.5556821], [30.4288137, 36.5558307], [30.4289719, 36.5558609], [30.4290497, 36.5560462], [30.4294226, 36.5562185], [30.429521, 36.5564449], [30.4299563, 36.5565848], [30.4301441, 36.556587], [30.4303774, 36.5565309], [30.4304633, 36.5564081], [30.4307127, 36.5563931], [30.4308897, 36.5564663], [30.4310936, 36.5564555], [30.4312507, 36.5563799], [30.4312823, 36.5563806], [30.4315975, 36.556343], [30.431843, 36.5563697], [30.43209, 36.5563963], [30.4322107, 36.5563995], [30.4324159, 36.5565687], [30.4325165, 36.5566451], [30.4326828, 36.5566785], [30.4329081, 36.5567884], [30.4329738, 36.5568498], [30.4330502, 36.5568563], [30.4332648, 36.5571482], [30.4333922, 36.5571988], [30.4335156, 36.5571471], [30.4337905, 36.5571816], [30.4341164, 36.5571601], [30.4342961, 36.5572312], [30.4343551, 36.5573561], [30.4345552, 36.5574673], [30.4345678, 36.5574744], [30.4346596, 36.5576653], [30.4347441, 36.5577429], [30.4347534, 36.5578851], [30.4349801, 36.5581167], [30.435239, 36.5581198], [30.4354948, 36.5581161], [30.4359269, 36.5581964], [30.4360878, 36.5583321], [30.4361764, 36.5584291], [30.4362971, 36.5584592], [30.4366752, 36.5585303], [30.4370347, 36.5585346], [30.4372627, 36.5586402], [30.4375121, 36.5588212], [30.4376571, 36.5588344], [30.4380137, 36.5589268], [30.4381746, 36.5590323], [30.4382873, 36.559069], [30.438298, 36.5592435], [30.4385957, 36.5594718], [30.4389524, 36.5595214], [30.4394285, 36.5596884], [30.439682, 36.5596937], [30.4398604, 36.5597562], [30.4403661, 36.5599074], [30.4407899, 36.5598944], [30.4411143, 36.5600945], [30.441345, 36.5601677], [30.4415917, 36.5602151], [30.4417741, 36.5603789], [30.4420477, 36.5603896], [30.4424125, 36.560088], [30.4426914, 36.559892], [30.4428846, 36.5598532], [30.4430966, 36.5598384], [30.4436331, 36.5599375], [30.4438423, 36.5598557], [30.4439925, 36.5596919], [30.4440086, 36.559567], [30.4440862, 36.5595365], [30.4443303, 36.5595214], [30.4447326, 36.5593706], [30.4451671, 36.5592435], [30.4455695, 36.5592413], [30.4457787, 36.5591982], [30.4461086, 36.5590302], [30.4462051, 36.5591228], [30.4460818, 36.5593598], [30.4461998, 36.5593835], [30.4462668, 36.5594977], [30.446527, 36.5594912], [30.446755, 36.5594395], [30.4473022, 36.5594869], [30.4475328, 36.5593749], [30.4479325, 36.55939], [30.4482141, 36.55953], [30.4483538, 36.5595971], [30.4488741, 36.5596144], [30.4494667, 36.5596399], [30.4495954, 36.5595429], [30.4502903, 36.5594894], [30.4507516, 36.5593558], [30.4510413, 36.5592179], [30.4511701, 36.5592352], [30.4515831, 36.5590511], [30.4518235, 36.5590174], [30.4519059, 36.5590832], [30.4520819, 36.5592801], [30.4521328, 36.5593943], [30.4522186, 36.5594309], [30.4524253, 36.5594248], [30.4527014, 36.5594481], [30.4530287, 36.5593792], [30.4533158, 36.5592438], [30.453627, 36.5591792], [30.4539572, 36.5590867], [30.4542385, 36.5588991], [30.4543805, 36.5588061], [30.4545173, 36.5588513], [30.4546033, 36.5587914], [30.4546355, 36.5586879], [30.4546916, 36.5585002], [30.4548134, 36.5583968], [30.4548286, 36.5582829], [30.4549788, 36.5582269], [30.455263, 36.55801], [30.4554521, 36.5580122], [30.4555231, 36.5578172], [30.455609, 36.5574402], [30.4556975, 36.5573195], [30.455896, 36.5572829], [30.4560918, 36.5574876], [30.4562234, 36.5575288], [30.4563199, 36.5573004], [30.4567491, 36.5570462], [30.4568079, 36.5569575], [30.4569662, 36.5568864], [30.4572129, 36.5568369], [30.4576904, 36.5566516], [30.4579292, 36.5564559], [30.4581141, 36.5563176], [30.4582778, 36.5564211], [30.4583824, 36.556309], [30.4586104, 36.556406], [30.4589081, 36.556113], [30.459128, 36.555848], [30.4598254, 36.5556497], [30.4600212, 36.5554881], [30.4603484, 36.5554515], [30.4605603, 36.5553222], [30.4608393, 36.5551865], [30.4611048, 36.5551757], [30.4612336, 36.5550809], [30.4614696, 36.5549969], [30.4616225, 36.5547513], [30.4619847, 36.5545254], [30.4624888, 36.5543807], [30.4628268, 36.5543505], [30.4631406, 36.5542191], [30.4635134, 36.5541071], [30.4638138, 36.5539476], [30.4639842, 36.5539099], [30.4641344, 36.553716], [30.4641746, 36.5535813], [30.46442, 36.5535641], [30.4648064, 36.5531809], [30.4650693, 36.5530602], [30.4654126, 36.5529741], [30.4658293, 36.5527713], [30.4660267, 36.5527389], [30.4661474, 36.552545], [30.4662394, 36.5524351], [30.4664934, 36.5524006], [30.4667965, 36.5522239], [30.4669897, 36.552207]]}}, {"type": "Feature", "properties": {"category": "lycian_way", "name": "Likya Yolu", "ref": "", "relation_id": 51855, "role": ""}, "geometry": {"type": "LineString", "coordinates": [[30.4669897, 36.552207], [30.467158, 36.5519966], [30.4671955, 36.5519592], [30.4672472, 36.5517761], [30.4678051, 36.5512202], [30.4680465, 36.5508927], [30.4686152, 36.5505824], [30.4688995, 36.5499834], [30.4691246, 36.5496469], [30.4693204, 36.5495672], [30.4692829, 36.549453], [30.4692964, 36.5493154], [30.4694788, 36.5489448], [30.4699025, 36.5487807], [30.4702619, 36.5488195], [30.4704013, 36.5487635], [30.4704443, 36.5485652], [30.4704684, 36.5484122], [30.470364, 36.548251], [30.4699992, 36.54782], [30.4695833, 36.5475632], [30.4694304, 36.5475395], [30.4693072, 36.5474537], [30.4692882, 36.5471818], [30.4693995, 36.5470407], [30.4693392, 36.5469384], [30.4693593, 36.5468845], [30.4696825, 36.5467315], [30.4697764, 36.5466065], [30.4703048, 36.5465332], [30.4706293, 36.5464212], [30.4711042, 36.546178], [30.4711148, 36.5458631], [30.4712811, 36.5457015], [30.4711282, 36.5454472], [30.4710853, 36.5451843], [30.471115, 36.5449584], [30.4712328, 36.5448805], [30.4715198, 36.5449581], [30.4718068, 36.545055], [30.4719572, 36.5450403], [30.4723111, 36.5447749], [30.4728234, 36.5448072], [30.4733089, 36.5445379], [30.4736978, 36.5445874], [30.4737005, 36.5446542], [30.4735824, 36.5447512], [30.4737957, 36.5447814], [30.4740947, 36.544748], [30.4740867, 36.5449214], [30.4739633, 36.5450421], [30.474001, 36.545217], [30.4741942, 36.5454885], [30.4751115, 36.5453333], [30.4756318, 36.5451308], [30.4759108, 36.5446696]]}}, {"type": "Feature", "properties": {"category": "lycian_way", "name": "Likya Yolu", "ref": "", "relation_id": 51855, "role": ""}, "geometry": {"type": "LineString", "coordinates": [[30.4759108, 36.5446696], [30.4764043, 36.54448], [30.4768427, 36.5443026]]}}, {"type": "Feature", "properties": {"category": "lycian_way", "name": "Likya Yolu", "ref": "", "relation_id": 51855, "role": ""}, "geometry": {"type": "LineString", "coordinates": [[30.4774776, 36.5417471], [30.4775694, 36.5419202], [30.4775927, 36.5421522], [30.4778153, 36.5424294], [30.4776988, 36.5426259], [30.4777016, 36.5428694], [30.4777002, 36.542969], [30.4776279, 36.5430715], [30.4775246, 36.5431208], [30.4774536, 36.5431986], [30.477318, 36.5432505], [30.4773276, 36.543305], [30.4772179, 36.5433335], [30.4771985, 36.5433932], [30.4771856, 36.5434658], [30.4770823, 36.54365], [30.4770274, 36.5436551], [30.4769725, 36.54379], [30.476979, 36.5438834], [30.4769434, 36.5439586], [30.476966, 36.5440157], [30.476824, 36.5441558], [30.4767723, 36.5441532], [30.4767691, 36.544218], [30.4768427, 36.5443026]]}}, {"type": "Feature", "properties": {"category": "lycian_way", "name": "Likya Yolu", "ref": "", "relation_id": 51855, "role": ""}, "geometry": {"type": "LineString", "coordinates": [[30.4681388, 36.5224236], [30.4680445, 36.522551], [30.4678988, 36.5225615], [30.4679117, 36.5227484], [30.4677059, 36.5229301], [30.4677718, 36.5230323], [30.4677263, 36.5230617], [30.4678159, 36.523184], [30.467774, 36.5233677], [30.4678392, 36.5234601], [30.4678253, 36.5235392], [30.4679702, 36.5236603], [30.4679837, 36.5237818], [30.4679597, 36.5238753], [30.4680446, 36.5239813], [30.4680316, 36.5240622], [30.4681319, 36.524139], [30.4681299, 36.5242476], [30.4679888, 36.524295], [30.4678742, 36.5244445], [30.4678057, 36.5244838], [30.467764, 36.524626], [30.4677111, 36.5246704], [30.4677254, 36.5248196], [30.4676603, 36.5249249], [30.4676393, 36.5250144], [30.4675802, 36.5251411], [30.4675339, 36.5252372], [30.4675424, 36.5254312], [30.4672787, 36.5256619], [30.4673607, 36.5258133], [30.4674581, 36.5258591], [30.4675238, 36.5259368], [30.4675066, 36.5260045], [30.467643, 36.5261101], [30.4677669, 36.5261428], [30.4678547, 36.5261327], [30.4680364, 36.5261957], [30.4683428, 36.5261981], [30.468589, 36.5261252], [30.4687037, 36.5259913], [30.4688353, 36.5259059], [30.4689653, 36.5259682], [30.4694917, 36.5263346], [30.4695705, 36.5262888], [30.4696261, 36.5263234], [30.4698581, 36.5263575], [30.4700783, 36.5264735], [30.4702277, 36.5266204], [30.4704083, 36.5266026], [30.4704447, 36.5266544], [30.4708596, 36.5267337], [30.4710651, 36.5267194], [30.4712999, 36.5268338], [30.4714332, 36.5269416], [30.4715332, 36.5271021], [30.4714971, 36.5271966], [30.4714831, 36.5272614], [30.4714215, 36.5273019], [30.4715341, 36.5274302], [30.4716281, 36.5274681], [30.4716911, 36.5275591], [30.4717664, 36.5276768], [30.4717455, 36.5278209], [30.471937, 36.5279195], [30.4721793, 36.5280449], [30.4722589, 36.5280192], [30.4724715, 36.5281158], [30.4727527, 36.5280939], [30.4727888, 36.5280375], [30.4728789, 36.5280919], [30.4729048, 36.528143], [30.4728299, 36.5281761], [30.4728412, 36.5282731], [30.473019, 36.5283444], [30.4733678, 36.528567], [30.4734086, 36.5286857], [30.4734416, 36.528928], [30.4735069, 36.5290277], [30.4738851, 36.5291494], [30.4740421, 36.5291694], [30.4741099, 36.5292242], [30.4741694, 36.5292215], [30.4742473, 36.5292967], [30.4744692, 36.5293808], [30.474444, 36.5295609], [30.4743608, 36.5296338], [30.4743737, 36.5297534], [30.4742588, 36.5299136], [30.4742376, 36.5299697], [30.474232, 36.5301759], [30.4743181, 36.530297], [30.474313, 36.5303766], [30.4743296, 36.5304361], [30.4742918, 36.5305763], [30.4743611, 36.5306875], [30.4743298, 36.5307929], [30.4743997, 36.5309529], [30.4745211, 36.5310843], [30.4746831, 36.531216], [30.4747862, 36.5313506], [30.4747521, 36.5314388], [30.4748884, 36.5316041], [30.4749177, 36.5316674], [30.4748832, 36.5317453], [30.4749799, 36.531927], [30.4752534, 36.5322098], [30.4752641, 36.5323422], [30.4755078, 36.5326115], [30.4756674, 36.5326318], [30.4758949, 36.5328072], [30.4758612, 36.5328624], [30.4764524, 36.5332324], [30.4766964, 36.5332614], [30.4768302, 36.5333136], [30.4769004, 36.5333724], [30.4770569, 36.5334904], [30.4771336, 36.5335341], [30.4772085, 36.5334725], [30.4778335, 36.5337359], [30.4780126, 36.5338662], [30.4781354, 36.5340862], [30.4781179, 36.5341324], [30.4782042, 36.5342155], [30.4782744, 36.5343567], [30.4783993, 36.5343436], [30.4788531, 36.5345806], [30.4789192, 36.5346633], [30.4789994, 36.5346696], [30.4790456, 36.5347216], [30.4791419, 36.5347289], [30.479238, 36.5347957], [30.4793438, 36.5347901], [30.4793514, 36.5348904], [30.4795781, 36.5350619], [30.4795761, 36.5351604], [30.4797081, 36.5353283], [30.4797281, 36.5354971], [30.4799464, 36.5358251], [30.480053, 36.5358916], [30.4799829, 36.5359575], [30.4801544, 36.5360006], [30.4802536, 36.5360631], [30.4802893, 36.5361514], [30.480236, 36.5362043], [30.4802793, 36.536376], [30.4803123, 36.5364194], [30.4802537, 36.5364581], [30.4803462, 36.5365763], [30.480332, 36.536674], [30.4802901, 36.5367142], [30.4802982, 36.5368112], [30.4802131, 36.5369077], [30.4803709, 36.5369734], [30.4804802, 36.537154], [30.4804084, 36.5372296], [30.4804631, 36.5374709], [30.4804201, 36.537587], [30.4803147, 36.5376362], [30.4803164, 36.5377019], [30.4802583, 36.5377845], [30.4802808, 36.5378716], [30.48016, 36.5380126], [30.4802291, 36.5381224], [30.4800815, 36.5380615], [30.4800011, 36.5380868], [30.4800001, 36.5381594], [30.4798904, 36.5381879], [30.4799251, 36.5383194], [30.4799796, 36.538339], [30.4799929, 36.5383991], [30.4797969, 36.5384932], [30.4798632, 36.5385801], [30.479674, 36.5389113], [30.4795225, 36.5389733], [30.4795061, 36.5390974], [30.4793253, 36.5393572], [30.4790008, 36.5395005], [30.4790124, 36.5396068], [30.4789839, 36.539695], [30.4788524, 36.5397584], [30.4787729, 36.5397603], [30.4787034, 36.5398402], [30.4785131, 36.5400204], [30.4783896, 36.5399328], [30.4781174, 36.5400183], [30.4779367, 36.540163], [30.4779638, 36.5402721], [30.4777584, 36.5403151], [30.4775428, 36.5402078], [30.4773164, 36.540256], [30.4772553, 36.5403006], [30.4770587, 36.5406112], [30.4768268, 36.5406693], [30.4768854, 36.5408583], [30.4768105, 36.5409867], [30.4770261, 36.5412067], [30.4770873, 36.5414425], [30.4772432, 36.5414307], [30.4773899, 36.5414196], [30.4774776, 36.5417471]]}}, {"type": "Feature", "properties": {"category": "lycian_way", "name": "Likya Yolu", "ref": "", "relation_id": 51855, "role": ""}, "geometry": {"type": "LineString", "coordinates": [[30.4685128, 36.5198948], [30.4684647, 36.5200842], [30.4684295, 36.5202632], [30.4683505, 36.5203139], [30.4683866, 36.5203997], [30.4684712, 36.5204285], [30.4683628, 36.5205299], [30.4683182, 36.5205849], [30.4683302, 36.5206758], [30.468255, 36.520767], [30.4683252, 36.5208727], [30.4683545, 36.5209849], [30.468314, 36.5210584], [30.4683245, 36.5211342], [30.4683025, 36.5212292], [30.4683574, 36.5213682], [30.4683945, 36.5214165], [30.468504, 36.5214956], [30.4684417, 36.5216141], [30.4684334, 36.5217238], [30.468495, 36.5217677], [30.468622, 36.5217412], [30.468784, 36.5217472], [30.4688274, 36.521694], [30.4689262, 36.5216379], [30.4689705, 36.521551], [30.4690206, 36.5215628], [30.4689873, 36.5216272], [30.4690197, 36.5216848], [30.4689856, 36.5217278], [30.4688669, 36.521749], [30.4687145, 36.5218964], [30.4687255, 36.5220012], [30.4685541, 36.5221355], [30.4684775, 36.5222458], [30.4684519, 36.5223113], [30.4683583, 36.5223542], [30.4683473, 36.5223078], [30.4681388, 36.5224236]]}}, {"type": "Feature", "properties": {"category": "lycian_way", "name": "Likya Yolu", "ref": "", "relation_id": 51855, "role": ""}, "geometry": {"type": "LineString", "coordinates": [[30.4789766, 36.5078599], [30.4788612, 36.5080223], [30.4789606, 36.5085903], [30.4788087, 36.5090066], [30.4788129, 36.5091473], [30.4790541, 36.5093935], [30.4789357, 36.509608], [30.4789585, 36.5098433], [30.4788511, 36.5100028], [30.4786558, 36.5104602], [30.4784811, 36.5105143], [30.4783771, 36.5110844], [30.4783331, 36.5114194], [30.4781736, 36.5114587], [30.4782022, 36.5116875], [30.4787048, 36.5121444], [30.4786297, 36.5125949], [30.4785301, 36.5129192], [30.4785409, 36.5134126], [30.4784247, 36.513731], [30.4783472, 36.5138845], [30.4780875, 36.5140381], [30.4779746, 36.5143958], [30.4778799, 36.514571], [30.4775158, 36.5146874], [30.477325, 36.5150257], [30.4770429, 36.5150182], [30.4767883, 36.5150509], [30.476647, 36.5152257], [30.4764593, 36.515529], [30.4764182, 36.5159415], [30.4762972, 36.5159325], [30.4759285, 36.516565], [30.4757946, 36.5166177], [30.4757626, 36.5167263], [30.4755184, 36.5168624], [30.4753944, 36.5170649], [30.4751431, 36.5171719], [30.4748076, 36.5171581], [30.4746717, 36.5173079], [30.4744787, 36.5174675], [30.4743039, 36.5175013], [30.4740668, 36.5176021], [30.4739179, 36.5174306], [30.4737992, 36.5174742], [30.4735669, 36.5173714], [30.4735052, 36.5174518], [30.4734019, 36.517483], [30.473041, 36.5175606], [30.4728548, 36.5175928], [30.4728309, 36.5177826], [30.4727345, 36.5178386], [30.4725791, 36.5178223], [30.4725405, 36.5177253], [30.4720554, 36.5178092], [30.4719621, 36.517746], [30.4718229, 36.5177913], [30.471808, 36.517931], [30.4716676, 36.5179341], [30.4714905, 36.5180249], [30.4715391, 36.5181772], [30.4714013, 36.518213], [30.471175, 36.5183179], [30.4709338, 36.5184113], [30.4707077, 36.5185853], [30.470623, 36.5186344], [30.4704716, 36.5186208], [30.4703862, 36.5187458], [30.4703002, 36.5187083], [30.4701342, 36.518838], [30.4699531, 36.5188589], [30.4698479, 36.518803], [30.4697876, 36.5189297], [30.4692878, 36.5189719], [30.4692083, 36.5192014], [30.4688252, 36.5195587], [30.4689347, 36.519551], [30.4687343, 36.5196425], [30.4686694, 36.5196576], [30.4686107, 36.5197221], [30.4685128, 36.5198948]]}}, {"type": "Feature", "properties": {"category": "lycian_way", "name": "Likya Yolu", "ref": "", "relation_id": 51855, "role": ""}, "geometry": {"type": "LineString", "coordinates": [[30.4663628, 36.5005776], [30.4678988, 36.5005931], [30.4690341, 36.5010187], [30.4691176, 36.5013295], [30.4695275, 36.5015704], [30.4695845, 36.5022229], [30.469929, 36.5029114], [30.4705715, 36.5030787], [30.4717514, 36.5038712], [30.4722221, 36.5041669], [30.4724395, 36.5045542], [30.4738214, 36.5052162], [30.474532, 36.5050983], [30.4750604, 36.50543], [30.4759016, 36.505682], [30.476637, 36.5053609], [30.4768303, 36.5058564], [30.477203, 36.5060979], [30.477627, 36.5066604], [30.4777766, 36.5069456], [30.478056, 36.507248], [30.4784737, 36.5075127], [30.478874, 36.5077514], [30.4789766, 36.5078599]]}}, {"type": "Feature", "properties": {"category": "lycian_way", "name": "Likya Yolu", "ref": "", "relation_id": 51855, "role": ""}, "geometry": {"type": "LineString", "coordinates": [[30.4629447, 36.5045812], [30.4632728, 36.5044603], [30.4636569, 36.5041086], [30.4640991, 36.5037941], [30.4645947, 36.5034438], [30.4648848, 36.5033737], [30.4656004, 36.5031934], [30.4663098, 36.5031644], [30.4666472, 36.5031574], [30.4671174, 36.502741], [30.4672744, 36.5024793], [30.4671458, 36.5023966], [30.4669039, 36.5023532], [30.466215, 36.5020263], [30.4659165, 36.5017466], [30.466156, 36.501593], [30.4662713, 36.5011329], [30.4663628, 36.5005776]]}}, {"type": "Feature", "properties": {"category": "lycian_way", "name": "Likya Yolu", "ref": "", "relation_id": 51855, "role": ""}, "geometry": {"type": "LineString", "coordinates": [[30.4556785, 36.5110733], [30.4561471, 36.5111815], [30.456713, 36.5109127], [30.4570198, 36.5107479], [30.4573352, 36.5107143], [30.4575745, 36.5104275], [30.4580051, 36.5101473], [30.4585297, 36.5100831], [30.4592467, 36.509971], [30.4594372, 36.5099016], [30.4595884, 36.5096644], [30.4598744, 36.5093844], [30.460024, 36.5091894], [30.4601264, 36.5089734], [30.4602321, 36.5087285], [30.4603535, 36.5085083], [30.4605218, 36.5083799], [30.460695, 36.5082903], [30.460807, 36.5081888], [30.461252, 36.5079478], [30.4618588, 36.5076624], [30.4622455, 36.5075021], [30.4630942, 36.5068127], [30.4633101, 36.5065519], [30.463302, 36.5062601], [30.4633416, 36.5061962], [30.4633879, 36.5061156], [30.4634832, 36.5060621], [30.4633701, 36.5056565], [30.4632356, 36.5052418], [30.4630372, 36.5051554], [30.4627033, 36.5050994], [30.462689, 36.5048337], [30.4629105, 36.5047245], [30.4629447, 36.5045812]]}}, {"type": "Feature", "properties": {"category": "lycian_way", "name": "Likya Yolu", "ref": "", "relation_id": 51855, "role": ""}, "geometry": {"type": "LineString", "coordinates": [[30.4538187, 36.5122923], [30.4538655, 36.512281], [30.4542515, 36.5121876], [30.454651, 36.5121772], [30.455067, 36.5121296], [30.4551636, 36.5122159], [30.4554479, 36.5118666], [30.4553752, 36.5117519], [30.455523, 36.5116769], [30.4555713, 36.5113406], [30.4556785, 36.5110733]]}}, {"type": "Feature", "properties": {"category": "lycian_way", "name": "Likya Yolu", "ref": "", "relation_id": 51855, "role": ""}, "geometry": {"type": "LineString", "coordinates": [[30.4522278, 36.5111084], [30.4526333, 36.5110495], [30.4526237, 36.5111407], [30.4528127, 36.5112177], [30.4529879, 36.5112261], [30.4532436, 36.5114122], [30.4535936, 36.51218], [30.4538187, 36.5122923]]}}, {"type": "Feature", "properties": {"category": "lycian_way", "name": "Likya Yolu", "ref": "", "relation_id": 51855, "role": ""}, "geometry": {"type": "LineString", "coordinates": [[30.4511617, 36.5112919], [30.4516719, 36.511146], [30.4522278, 36.5111084]]}}, {"type": "Feature", "properties": {"category": "lycian_way", "name": "Likya Yolu", "ref": "", "relation_id": 51855, "role": ""}, "geometry": {"type": "LineString", "coordinates": [[30.4425067, 36.5115629], [30.4432221, 36.5118439], [30.4439704, 36.5118621], [30.4441987, 36.5119874], [30.4443693, 36.5120668], [30.4444696, 36.5123705], [30.4445563, 36.5126011], [30.4446432, 36.5126284], [30.4449983, 36.512594], [30.4461245, 36.5128928], [30.4461453, 36.5128672], [30.4462105, 36.5126069], [30.4461973, 36.5122141], [30.4462841, 36.5120803], [30.4465768, 36.512006], [30.4467464, 36.5118676], [30.4468818, 36.5115764], [30.4471132, 36.511386], [30.447367, 36.5113457], [30.447564, 36.5111868], [30.4477243, 36.511166], [30.4479422, 36.5112311], [30.4483201, 36.511163], [30.4484552, 36.5110786], [30.4485468, 36.5110813], [30.4488589, 36.5108827], [30.4490824, 36.5108859], [30.4492761, 36.5108984], [30.4495452, 36.5108067], [30.4499762, 36.5107434], [30.45053, 36.5107639], [30.4508003, 36.5108102], [30.4510313, 36.5108957], [30.4510369, 36.5111098], [30.4511617, 36.5112919]]}}, {"type": "Feature", "properties": {"category": "lycian_way", "name": "Likya Yolu", "ref": "", "relation_id": 51855, "role": ""}, "geometry": {"type": "LineString", "coordinates": [[29.1235564, 36.4684121], [29.1236047, 36.4684516], [29.1236932, 36.4684725], [29.1238268, 36.4685048], [29.1241838, 36.4685719], [29.1243513, 36.4685949], [29.1244732, 36.4686215], [29.1245114, 36.4686766], [29.1244963, 36.4687482], [29.1245315, 36.4688786], [29.1246058, 36.4689892], [29.1247295, 36.4691577], [29.1248873, 36.4693955], [29.1250871, 36.4695303], [29.1251582, 36.4696295], [29.1251233, 36.4698161], [29.1251166, 36.4700124], [29.1252351, 36.4703208], [29.1252363, 36.4705646], [29.1252533, 36.4707501], [29.1253403, 36.4709099], [29.1254959, 36.4709947], [29.1256651, 36.4710585], [29.125818, 36.4710671], [29.1259655, 36.4710283], [29.1262311, 36.4708277], [29.1264591, 36.470653], [29.1266334, 36.4705624], [29.1268748, 36.4705818], [29.1272999, 36.4703069], [29.1274934, 36.4702631], [29.1277036, 36.4702804], [29.127845, 36.4703136], [29.1280684, 36.4704524], [29.1282079, 36.4704416], [29.1283983, 36.4704395], [29.1286209, 36.4704308], [29.1288945, 36.4704244], [29.1293968, 36.4704291]]}}, {"type": "Feature", "properties": {"category": "lycian_way", "name": "Likya Yolu", "ref": "", "relation_id": 51855, "role": ""}, "geometry": {"type": "LineString", "coordinates": [[29.1293968, 36.4704291], [29.1297609, 36.4700922], [29.1299272, 36.4700102], [29.1302195, 36.4698161], [29.1303536, 36.4696824], [29.1305494, 36.4697881], [29.1307399, 36.4697579], [29.1308901, 36.4698032], [29.1311797, 36.4697298], [29.1316867, 36.469499]]}}, {"type": "Feature", "properties": {"category": "lycian_way", "name": "Likya Yolu", "ref": "", "relation_id": 51855, "role": ""}, "geometry": {"type": "LineString", "coordinates": [[29.1316867, 36.469499], [29.132041, 36.4693744], [29.1328181, 36.468704], [29.1327487, 36.468312], [29.1328837, 36.4680316], [29.1336823, 36.4682396], [29.1343194, 36.4680443], [29.1347153, 36.4681427], [29.135068, 36.4685653], [29.1350392, 36.4689705], [29.1352048, 36.4691152], [29.1355647, 36.4691615], [29.1358166, 36.4694104], [29.1360614, 36.4695031], [29.1364933, 36.4695783], [29.136882, 36.4697809], [29.1371844, 36.4704351], [29.1374435, 36.4706782], [29.1377098, 36.4708403], [29.1383001, 36.4708055], [29.1385449, 36.4706435], [29.1387464, 36.4707824], [29.138984, 36.4711992], [29.1391999, 36.4714597], [29.1402509, 36.4714423], [29.1420577, 36.4717723], [29.1421945, 36.4721485], [29.1426624, 36.47249], [29.1427344, 36.4726984], [29.1430367, 36.4727795], [29.1439365, 36.4726174], [29.1449443, 36.4726405], [29.1452107, 36.4728258], [29.145657, 36.4726926], [29.1456354, 36.4725421], [29.145441, 36.4724206], [29.1452827, 36.4717375], [29.1445844, 36.4713034], [29.1443325, 36.4706087], [29.1447788, 36.4704872], [29.1450162, 36.470273], [29.1450091, 36.4699372], [29.1450595, 36.4695378]]}}, {"type": "Feature", "properties": {"category": "lycian_way", "name": "Likya Yolu", "ref": "", "relation_id": 51855, "role": ""}, "geometry": {"type": "LineString", "coordinates": [[29.1378216, 36.400704], [29.1381629, 36.4007629], [29.1383493, 36.4008935], [29.1385192, 36.4011066], [29.1386294, 36.4011714], [29.1387316, 36.4012336], [29.1389591, 36.4014296], [29.1390659, 36.4014843], [29.1392798, 36.4015406], [29.139356, 36.401557], [29.1394843, 36.4016155], [29.1395984, 36.401634], [29.1397611, 36.4016388], [29.139935, 36.4016], [29.1400123, 36.401573], [29.14033, 36.401462]]}}, {"type": "Feature", "properties": {"category": "lycian_way", "name": "Likya Yolu", "ref": "", "relation_id": 51855, "role": ""}, "geometry": {"type": "LineString", "coordinates": [[29.14033, 36.401462], [29.1404317, 36.4013164], [29.1404482, 36.4011925], [29.140503, 36.401072], [29.1406248, 36.4010104], [29.1410137, 36.4010089], [29.1414211, 36.401065]]}}, {"type": "Feature", "properties": {"category": "lycian_way", "name": "Likya Yolu", "ref": "", "relation_id": 51855, "role": ""}, "geometry": {"type": "LineString", "coordinates": [[29.1414211, 36.401065], [29.1421627, 36.4012904], [29.1434045, 36.4014745], [29.1437639, 36.401564], [29.1441169, 36.4016113], [29.1443979, 36.4016639], [29.1445961, 36.4017551], [29.1447691, 36.4020665], [29.1449992, 36.4022794], [29.1451821, 36.4025476], [29.1452998, 36.4026318], [29.1455416, 36.4029632], [29.1455612, 36.4032472], [29.1455351, 36.4035155], [29.1455089, 36.4036996], [29.1453978, 36.4038732]]}}, {"type": "Feature", "properties": {"category": "lycian_way", "name": "Likya Yolu", "ref": "", "relation_id": 51855, "role": ""}, "geometry": {"type": "LineString", "coordinates": [[29.1453978, 36.4038732], [29.1454962, 36.4040153], [29.1457174, 36.4040466], [29.1459471, 36.4040859], [29.1461542, 36.4040915], [29.1463528, 36.4040394], [29.14645, 36.4039363]]}}, {"type": "Feature", "properties": {"category": "lycian_way", "name": "Likya Yolu", "ref": "", "relation_id": 51855, "role": ""}, "geometry": {"type": "LineString", "coordinates": [[29.14645, 36.4039363], [29.1465611, 36.4039994], [29.1468683, 36.4039731], [29.1471167, 36.4039416], [29.1473454, 36.4037943], [29.1475442, 36.4036312], [29.1475801, 36.4035943]]}}, {"type": "Feature", "properties": {"category": "lycian_way", "name": "Likya Yolu", "ref": "", "relation_id": 51855, "role": ""}, "geometry": {"type": "LineString", "coordinates": [[29.1475801, 36.4035943], [29.1475733, 36.4034787], [29.1475674, 36.4033772], [29.1476842, 36.4030164], [29.1478336, 36.4026743], [29.1481325, 36.4024338], [29.148366, 36.4021255], [29.1486602, 36.4018737], [29.1486509, 36.4015692], [29.1485435, 36.4009039], [29.1485108, 36.4004604], [29.1484501, 36.3999304], [29.1484314, 36.399656], [29.1484594, 36.3992538], [29.1489171, 36.3989305], [29.1496269, 36.3989381], [29.1499772, 36.3990809], [29.150659, 36.3991147], [29.1509625, 36.399141], [29.1514015, 36.3991147], [29.1515603, 36.3990433], [29.1515836, 36.3986674], [29.1515977, 36.3984983], [29.1518638, 36.3986561], [29.1522561, 36.3987764], [29.1525503, 36.3988591], [29.1531247, 36.3988817], [29.1533769, 36.3988817], [29.1540214, 36.3992952], [29.1543856, 36.3994455], [29.1546892, 36.3996297], [29.1552963, 36.3997913], [29.1559174, 36.3999379], [29.1568561, 36.4002274], [29.1572904, 36.400404], [29.1577387, 36.4004078], [29.1583411, 36.4004003], [29.1588408, 36.4004303], [29.1592051, 36.4004078], [29.1594666, 36.400389], [29.1598449, 36.4004454], [29.1601578, 36.4005205], [29.1605407, 36.4009415], [29.1610217, 36.4010543], [29.1612786, 36.4011971], [29.1615354, 36.4014151], [29.1618343, 36.4015993], [29.1620538, 36.4018361], [29.1622359, 36.4019151], [29.1625628, 36.4018963], [29.1627356, 36.4018812], [29.1629271, 36.4020579], [29.1631746, 36.4023999], [29.1633147, 36.402554], [29.1632586, 36.4027157], [29.1631325, 36.4028359], [29.1631559, 36.4030652], [29.163296, 36.4033885], [29.1636649, 36.4036516], [29.164174, 36.4038771], [29.1643748, 36.4039636], [29.164725, 36.4041101], [29.1648464, 36.4043394], [29.1649585, 36.4045988], [29.1652761, 36.4046927], [29.1656357, 36.4047641], [29.1660326, 36.4047641], [29.1664763, 36.4046326], [29.1668685, 36.4045236], [29.1672375, 36.4044597], [29.167443, 36.404486], [29.167994, 36.404471], [29.1687132, 36.4044108], [29.1691522, 36.404283], [29.169437, 36.4042379], [29.1697966, 36.4044296], [29.1705672, 36.4046777], [29.1710715, 36.4049145], [29.1713704, 36.4050573], [29.1718047, 36.4052452], [29.1723371, 36.4056286], [29.1727948, 36.4060233], [29.1735326, 36.4062413], [29.1739856, 36.4063728], [29.1744246, 36.4064856], [29.1749103, 36.406572], [29.1756808, 36.4067036], [29.1761992, 36.4068314], [29.1767036, 36.4068539], [29.1771752, 36.4067712], [29.177857, 36.4069629], [29.1781746, 36.4070982], [29.1783941, 36.4071809], [29.1787106, 36.407231], [29.1791506, 36.4071959], [29.1798511, 36.4070193], [29.1800903, 36.4069495], [29.1805043, 36.4070974], [29.1808334, 36.4070964], [29.1810445, 36.4070341], [29.1812363, 36.4071704], [29.1815259, 36.4072318], [29.1817728, 36.4072476], [29.181979, 36.4072207], [29.1821488, 36.4072572], [29.1824779, 36.4074158], [29.1829753, 36.4073949]]}}, {"type": "Feature", "properties": {"category": "lycian_way", "name": "Likya Yolu", "ref": "", "relation_id": 51855, "role": ""}, "geometry": {"type": "LineString", "coordinates": [[29.184484, 36.4070285], [29.1840388, 36.4070937], [29.1837975, 36.4070752], [29.1835391, 36.4071265], [29.1832629, 36.4071126], [29.1831936, 36.4072393], [29.1829753, 36.4073949]]}}, {"type": "Feature", "properties": {"category": "lycian_way", "name": "Likya Yolu", "ref": "", "relation_id": 51855, "role": ""}, "geometry": {"type": "LineString", "coordinates": [[29.1829753, 36.4073949], [29.1828197, 36.407464], [29.1824978, 36.4075806], [29.1822403, 36.4076842], [29.1821495, 36.4078485], [29.1821862, 36.4080495], [29.181803, 36.4083001]]}}, {"type": "Feature", "properties": {"category": "lycian_way", "name": "Likya Yolu", "ref": "", "relation_id": 51855, "role": ""}, "geometry": {"type": "LineString", "coordinates": [[29.181803, 36.4083001], [29.1816475, 36.4085422], [29.1816127, 36.4087937], [29.1814558, 36.4089967], [29.181213, 36.4092162], [29.1813748, 36.4094463], [29.1814485, 36.4095485], [29.1815751, 36.4095449], [29.181543, 36.4096615], [29.1815751, 36.4097565], [29.1815679, 36.4099789], [29.1815376, 36.4101839], [29.1816556, 36.4101925], [29.1817951, 36.4102918], [29.181897, 36.4102918], [29.1819614, 36.4103263], [29.1820526, 36.4104127], [29.1823047, 36.4105077], [29.1825056, 36.4104258], [29.1827435, 36.4103225], [29.1829055, 36.4104256], [29.1832087, 36.4105319], [29.1835207, 36.4101731], [29.1834473, 36.4100069], [29.1836083, 36.4100026], [29.183737, 36.4097781], [29.1837906, 36.4098903], [29.183973, 36.4099594], [29.1840803, 36.4100371], [29.1840267, 36.4101493], [29.1842144, 36.4102486], [29.1842091, 36.4103825], [29.1841125, 36.4105379]]}}, {"type": "Feature", "properties": {"category": "lycian_way", "name": "Likya Yolu", "ref": "", "relation_id": 51855, "role": ""}, "geometry": {"type": "LineString", "coordinates": [[29.7502019, 36.1873795], [29.7502808, 36.1873518], [29.7504052, 36.1873211], [29.7505527, 36.1873882], [29.7506492, 36.1875008], [29.7507565, 36.1876913], [29.7509362, 36.1880247], [29.7511294, 36.188042], [29.7512956, 36.1881524], [29.7513359, 36.1882238], [29.7514861, 36.1883515], [29.7516604, 36.188462], [29.7518214, 36.1886092], [29.7520038, 36.1888018], [29.7522264, 36.1888581], [29.752398, 36.188936], [29.7525321, 36.188949], [29.7527011, 36.1889079], [29.7528299, 36.1888278], [29.7528567, 36.188726], [29.7529184, 36.1886828], [29.7530706, 36.1885914], [29.7531464, 36.1884814], [29.7532724, 36.1884057], [29.7534548, 36.1883689], [29.7537472, 36.1882823], [29.7539135, 36.1882498], [29.7540047, 36.1880874], [29.7542354, 36.1880442], [29.7544794, 36.188003], [29.7546511, 36.1880225], [29.7548281, 36.1879879], [29.7549448, 36.1879177], [29.7551655, 36.1879093], [29.7554759, 36.1880051], [29.7557904, 36.1881093], [29.7560299, 36.1881194], [29.7562177, 36.1881837]]}}, {"type": "Feature", "properties": {"category": "lycian_way", "name": "Likya Yolu", "ref": "", "relation_id": 51855, "role": ""}, "geometry": {"type": "LineString", "coordinates": [[30.5392263, 36.5350796], [30.5391857, 36.53523], [30.5391307, 36.5354024], [30.5388872, 36.53548], [30.5387137, 36.5356207], [30.5383632, 36.5359093], [30.5383823, 36.5361811], [30.5380971, 36.5364727], [30.5378592, 36.5366981], [30.5373725, 36.5368231], [30.5365522, 36.5370202], [30.5362679, 36.5370868], [30.5359044, 36.537204], [30.5355697, 36.5374211], [30.5352597, 36.5376052], [30.5348307, 36.537962], [30.5344212, 36.5383128], [30.534302, 36.5386813], [30.5341115, 36.5389908], [30.5339176, 36.5394407], [30.5336708, 36.5398101], [30.5333564, 36.5400681], [30.532832, 36.5403559], [30.5325083, 36.5405902], [30.5323165, 36.5407716], [30.5323873, 36.5410961], [30.5320029, 36.541412], [30.5316441, 36.5416868], [30.5314945, 36.5421055], [30.5314233, 36.542347], [30.5312618, 36.542723], [30.5310395, 36.543047], [30.5306646, 36.5433029], [30.5303731, 36.5434206], [30.530326, 36.5435823], [30.5304585, 36.5437907]]}}, {"type": "Feature", "properties": {"category": "lycian_way", "name": "Likya Yolu", "ref": "", "relation_id": 51855, "role": ""}, "geometry": {"type": "LineString", "coordinates": [[30.5399275, 36.5340689], [30.5398605, 36.5343024], [30.5397083, 36.534557], [30.5395775, 36.5346974], [30.5395127, 36.5348915], [30.5393165, 36.5350051], [30.5392263, 36.5350796]]}}, {"type": "Feature", "properties": {"category": "lycian_way", "name": "Likya Yolu", "ref": "", "relation_id": 51855, "role": ""}, "geometry": {"type": "LineString", "coordinates": [[30.5472019, 36.5307273], [30.5470151, 36.5310056], [30.5470485, 36.53135], [30.5470485, 36.5315289], [30.5469308, 36.5316404], [30.5468314, 36.5317346], [30.5463917, 36.5318017], [30.5455846, 36.5318375], [30.544822, 36.531757], [30.5442709, 36.5319448], [30.5434861, 36.5323831], [30.5428181, 36.5328885], [30.5424786, 36.5332263], [30.5423506, 36.5333537], [30.5416548, 36.5335639], [30.5409534, 36.5337696], [30.5401296, 36.534038], [30.5399275, 36.5340689]]}}, {"type": "Feature", "properties": {"category": "lycian_way", "name": "Likya Yolu", "ref": "", "relation_id": 51855, "role": ""}, "geometry": {"type": "LineString", "coordinates": [[30.5516143, 36.5325744], [30.5515169, 36.5324942], [30.551223, 36.5324029], [30.5506808, 36.5322726], [30.5503796, 36.5322373], [30.5495718, 36.5319176], [30.548682, 36.5314684], [30.5476834, 36.5309725], [30.5474109, 36.5308242], [30.5472019, 36.5307273]]}}, {"type": "Feature", "properties": {"category": "lycian_way", "name": "Likya Yolu", "ref": "", "relation_id": 51855, "role": ""}, "geometry": {"type": "LineString", "coordinates": [[30.5545431, 36.5330017], [30.5543965, 36.5329171], [30.5542661, 36.533046], [30.554265, 36.5332298], [30.5541129, 36.5333697], [30.5540234, 36.5334952], [30.5534722, 36.5333916], [30.5528339, 36.5333431], [30.5520907, 36.5334562], [30.5514652, 36.5336068], [30.5510974, 36.5335674], [30.5509851, 36.5333697], [30.5511647, 36.5331808], [30.5513628, 36.5329564], [30.5516143, 36.5325744]]}}, {"type": "Feature", "properties": {"category": "lycian_way", "name": "Likya Yolu", "ref": "", "relation_id": 51855, "role": ""}, "geometry": {"type": "LineString", "coordinates": [[30.5543187, 36.5336931], [30.5543537, 36.5336406], [30.5544317, 36.5334795], [30.5544911, 36.5332865], [30.5545431, 36.5330017]]}}, {"type": "Feature", "properties": {"category": "lycian_way", "name": "Likya Yolu", "ref": "", "relation_id": 51855, "role": ""}, "geometry": {"type": "LineString", "coordinates": [[30.5548547, 36.5344721], [30.5545418, 36.5342889], [30.5544805, 36.534071], [30.5543648, 36.5338006], [30.5543187, 36.5336931]]}}, {"type": "Feature", "properties": {"category": "lycian_way", "name": "Likya Yolu", "ref": "", "relation_id": 51855, "role": ""}, "geometry": {"type": "LineString", "coordinates": [[30.5548547, 36.5344721], [30.5546494, 36.5348361], [30.5548547, 36.5349044], [30.5554493, 36.5347963], [30.5557536, 36.5349612], [30.556058, 36.5351262], [30.5563826, 36.5350131]]}}, {"type": "Feature", "properties": {"category": "lycian_way", "name": "Likya Yolu", "ref": "", "relation_id": 51855, "role": ""}, "geometry": {"type": "LineString", "coordinates": [[30.5563826, 36.5350131], [30.5564633, 36.5349032], [30.5564958, 36.5348591], [30.5568631, 36.5346435], [30.5572363, 36.5345982], [30.5574102, 36.5345695], [30.5578406, 36.5344491], [30.5580829, 36.534333], [30.5584378, 36.5342147], [30.5585725, 36.5341406], [30.558625, 36.5341117], [30.5589685, 36.5340284], [30.5594728, 36.5339411], [30.5598203, 36.5340077], [30.5602121, 36.5339929], [30.5604487, 36.5339929], [30.5605925, 36.5339287], [30.5606561, 36.5337107], [30.5607018, 36.5335018], [30.5608317, 36.5334321], [30.5608967, 36.5334284], [30.5609443, 36.5334029], [30.5609521, 36.5333835], [30.5609557, 36.5333746], [30.5609771, 36.5333291], [30.5610013, 36.5332988], [30.5610619, 36.5332534], [30.5611255, 36.5332171], [30.5612496, 36.5331838], [30.5613768, 36.5331293], [30.5614919, 36.5329839], [30.5615494, 36.532887], [30.5616774, 36.5328078], [30.5617402, 36.5327689], [30.5617886, 36.5327174], [30.5619128, 36.532675], [30.5619643, 36.5324479], [30.5619212, 36.5323202], [30.5618077, 36.5322642], [30.5616921, 36.5322132], [30.5615121, 36.5322217], [30.5611751, 36.5323205], [30.5610471, 36.5323357], [30.5608045, 36.5324207], [30.5606639, 36.5324649], [30.5605737, 36.5323791], [30.5603869, 36.5322748], [30.5602227, 36.5322633], [30.5600717, 36.5322541], [30.5600141, 36.5322632], [30.5598214, 36.5322421], [30.5596111, 36.5322062], [30.5594539, 36.5321888], [30.5592641, 36.5321112], [30.5589909, 36.532007], [30.5587517, 36.5319585], [30.558488, 36.53186], [30.5580852, 36.5317664], [30.5577763, 36.5316788], [30.5574951, 36.5317055], [30.5573182, 36.5316959], [30.5572434, 36.5316497], [30.5571865, 36.5315839], [30.5570557, 36.5315728], [30.5569042, 36.5316364], [30.5566928, 36.5316824], [30.5565163, 36.5316784], [30.5561706, 36.5316327], [30.5559054, 36.5315531], [30.5557293, 36.5314365], [30.5553872, 36.5313063], [30.555127, 36.5311034], [30.5547889, 36.5309124], [30.5546225, 36.5308006], [30.5545292, 36.5307379], [30.5545982, 36.530681], [30.5547039, 36.5305937], [30.5550534, 36.5303736], [30.5551006, 36.5303356], [30.5551058, 36.530285], [30.5551148, 36.5301193], [30.5552942, 36.5300586], [30.5553887, 36.5299599], [30.5553415, 36.5298233], [30.5552167, 36.5297636], [30.5551431, 36.5297284], [30.5543378, 36.5296819], [30.5540286, 36.5295691], [30.5537358, 36.5296184], [30.5533438, 36.5297095], [30.5530935, 36.529774], [30.552842, 36.5296991]]}}, {"type": "Feature", "properties": {"category": "lycian_way", "name": "Likya Yolu", "ref": "", "relation_id": 51855, "role": ""}, "geometry": {"type": "LineString", "coordinates": [[30.5508227, 36.5267419], [30.5507715, 36.5270057], [30.5507215, 36.5272635], [30.5505154, 36.5274854], [30.5510385, 36.5278499], [30.5513397, 36.5279451], [30.5515175, 36.5280678], [30.5517993, 36.5282621], [30.5522855, 36.5288073], [30.5523224, 36.5288486], [30.552687, 36.5294033], [30.552842, 36.5296991]]}}, {"type": "Feature", "properties": {"category": "lycian_way", "name": "Likya Yolu", "ref": "", "relation_id": 51855, "role": ""}, "geometry": {"type": "LineString", "coordinates": [[30.5513265, 36.5257486], [30.5513012, 36.5258125], [30.5510008, 36.5265714], [30.5508227, 36.5267419]]}}, {"type": "Feature", "properties": {"category": "lycian_way", "name": "Likya Yolu", "ref": "", "relation_id": 51855, "role": ""}, "geometry": {"type": "LineString", "coordinates": [[30.5513265, 36.5257486], [30.551413, 36.5255251], [30.5514239, 36.5253108]]}}, {"type": "Feature", "properties": {"category": "lycian_way", "name": "Likya Yolu", "ref": "", "relation_id": 51855, "role": ""}, "geometry": {"type": "LineString", "coordinates": [[30.5514239, 36.5253108], [30.5515227, 36.5251379], [30.5515784, 36.5250403], [30.5519623, 36.524897], [30.5524157, 36.5247278]]}}, {"type": "Feature", "properties": {"category": "lycian_way", "name": "Likya Yolu", "ref": "", "relation_id": 51855, "role": ""}, "geometry": {"type": "LineString", "coordinates": [[30.5524157, 36.5247278], [30.5520477, 36.5238064], [30.5512541, 36.5230725]]}}, {"type": "Feature", "properties": {"category": "lycian_way", "name": "Likya Yolu", "ref": "", "relation_id": 51855, "role": ""}, "geometry": {"type": "LineString", "coordinates": [[30.5512541, 36.5230725], [30.5509662, 36.5228062]]}}, {"type": "Feature", "properties": {"category": "lycian_way", "name": "Likya Yolu", "ref": "", "relation_id": 51855, "role": ""}, "geometry": {"type": "LineString", "coordinates": [[30.5509662, 36.5228062], [30.5507935, 36.5231899], [30.5505721, 36.5235473], [30.5502515, 36.5238034], [30.5496256, 36.5240001], [30.5491055, 36.5240052], [30.5484822, 36.5240865], [30.5484167, 36.5241734], [30.5475836, 36.5243536], [30.5471777, 36.5245537], [30.5465921, 36.524637], [30.5459925, 36.5245184], [30.5459586, 36.5244971], [30.5458924, 36.524452], [30.5458702, 36.5244277], [30.5458218, 36.524361], [30.5457614, 36.5243307], [30.5455413, 36.5243095], [30.5453729, 36.5242868], [30.5453129, 36.5241617], [30.5452591, 36.5240793], [30.5450378, 36.5239163], [30.5448994, 36.5238199], [30.5447887, 36.523768], [30.5443183, 36.5238866]]}}, {"type": "Feature", "properties": {"category": "lycian_way", "name": "Likya Yolu", "ref": "", "relation_id": 51855, "role": ""}, "geometry": {"type": "LineString", "coordinates": [[30.5407646, 36.5211296], [30.5412465, 36.5219658], [30.5420676, 36.5227621], [30.5424782, 36.5229783], [30.5430586, 36.5231888], [30.5436603, 36.5233651], [30.5439717, 36.5234561], [30.5443183, 36.5238866]]}}, {"type": "Feature", "properties": {"category": "lycian_way", "name": "Likya Yolu", "ref": "", "relation_id": 51855, "role": ""}, "geometry": {"type": "LineString", "coordinates": [[30.4136565, 36.5495155], [30.4137169, 36.5495553], [30.4138041, 36.5495941], [30.4139261, 36.5496092], [30.4140504, 36.5496581], [30.4142211, 36.5496981], [30.41426, 36.5497773], [30.4142949, 36.5498257], [30.4143593, 36.5498505], [30.4144317, 36.5498505], [30.4144719, 36.5498171], [30.4145175, 36.5497352], [30.414606, 36.549634], [30.4147431, 36.5495721], [30.4148012, 36.5495779], [30.414779, 36.5496738], [30.4149561, 36.5496749], [30.4152377, 36.5496631], [30.4154737, 36.5496738], [30.4155917, 36.54969], [30.4156736, 36.5496965], [30.4157393, 36.5497126], [30.4157567, 36.5497385]]}}, {"type": "Feature", "properties": {"category": "lycian_way", "name": "Likya Yolu", "ref": "", "relation_id": 51855, "role": ""}, "geometry": {"type": "LineString", "coordinates": [[30.4136324, 36.5474577], [30.4136243, 36.5478455], [30.4133025, 36.5481795], [30.4132725, 36.5483122], [30.413209, 36.5485249], [30.4132864, 36.5488238], [30.4132917, 36.5491341], [30.4136565, 36.5495155]]}}, {"type": "Feature", "properties": {"category": "lycian_way", "name": "Likya Yolu", "ref": "", "relation_id": 51855, "role": ""}, "geometry": {"type": "LineString", "coordinates": [[30.4138028, 36.5464093], [30.4136978, 36.5467305], [30.4136603, 36.5470064], [30.4136495, 36.5472658], [30.4136324, 36.5474577]]}}, {"type": "Feature", "properties": {"category": "lycian_way", "name": "Likya Yolu", "ref": "", "relation_id": 51855, "role": ""}, "geometry": {"type": "LineString", "coordinates": [[30.4138028, 36.5464093], [30.4136029, 36.5462661], [30.4134151, 36.5461842], [30.4132059, 36.546057], [30.4131502, 36.5458347]]}}, {"type": "Feature", "properties": {"category": "lycian_way", "name": "Likya Yolu", "ref": "", "relation_id": 51855, "role": ""}, "geometry": {"type": "LineString", "coordinates": [[30.4131502, 36.5458347], [30.4131657, 36.5457672], [30.4132153, 36.5456724], [30.4133216, 36.5455835]]}}, {"type": "Feature", "properties": {"category": "lycian_way", "name": "Likya Yolu", "ref": "", "relation_id": 51855, "role": ""}, "geometry": {"type": "LineString", "coordinates": [[30.4140479, 36.5450243], [30.4139045, 36.5451319], [30.4137328, 36.5452474], [30.4135745, 36.5453393], [30.4134168, 36.5455036], [30.4133216, 36.5455835]]}}, {"type": "Feature", "properties": {"category": "lycian_way", "name": "Likya Yolu", "ref": "", "relation_id": 51855, "role": ""}, "geometry": {"type": "LineString", "coordinates": [[30.520618, 36.8888661], [30.5204095, 36.888436], [30.5200162, 36.88833], [30.5197798, 36.8882005], [30.5195366, 36.8880177], [30.5196303, 36.8878079]]}}, {"type": "Feature", "properties": {"category": "lycian_way", "name": "Likya Yolu", "ref": "", "relation_id": 51855, "role": ""}, "geometry": {"type": "LineString", "coordinates": [[30.4756263, 36.7705147], [30.4757234, 36.7705135], [30.4759004, 36.7704463], [30.4761185, 36.7704452]]}}, {"type": "Feature", "properties": {"category": "lycian_way", "name": "Likya Yolu", "ref": "", "relation_id": 51855, "role": ""}, "geometry": {"type": "LineString", "coordinates": [[30.4756263, 36.7705147], [30.4757574, 36.7704208], [30.4758858, 36.7702878], [30.4760264, 36.7701833], [30.4762664, 36.7701119], [30.4766491, 36.7699678], [30.4767782, 36.7699696], [30.4769268, 36.769944], [30.4770413, 36.7698947], [30.4773277, 36.7699034], [30.4773154, 36.7694493]]}}, {"type": "Feature", "properties": {"category": "lycian_way", "name": "Likya Yolu", "ref": "", "relation_id": 51855, "role": ""}, "geometry": {"type": "LineString", "coordinates": [[30.4830037, 36.7618095], [30.4830043, 36.7619932], [30.4829466, 36.7622311], [30.4830049, 36.7625421], [30.4829798, 36.7626773], [30.4829331, 36.7627355], [30.482777, 36.7628006], [30.4827651, 36.7628888], [30.4826921, 36.7630005], [30.4825842, 36.7631473], [30.4824069, 36.7632435], [30.4822983, 36.7633704], [30.4820277, 36.763476], [30.4818444, 36.763634], [30.4818155, 36.7638947], [30.4818501, 36.7641092], [30.4818723, 36.7643513], [30.4818895, 36.764655], [30.4818319, 36.7648397], [30.4817082, 36.764902], [30.4816596, 36.7650218], [30.4815349, 36.7651053], [30.4814865, 36.7652194], [30.4814184, 36.7653788], [30.4812345, 36.7654676], [30.4811185, 36.7654729], [30.4810535, 36.7655499], [30.481111, 36.7656193], [30.4811237, 36.7657197], [30.4810763, 36.7658058], [30.481079, 36.7658836], [30.4809472, 36.7659459], [30.4809206, 36.7661123], [30.4806737, 36.7663013], [30.4805534, 36.7663013], [30.4802474, 36.7664603], [30.4801595, 36.7663944], [30.4799569, 36.7664179], [30.4798342, 36.7664927], [30.4797096, 36.7666372], [30.4795787, 36.7666931], [30.4793572, 36.7667587], [30.4793015, 36.7667202], [30.4791251, 36.7666738], [30.4790744, 36.7666573], [30.4789777, 36.7666777], [30.4788616, 36.7667315], [30.4788267, 36.7667948], [30.4786971, 36.7668226], [30.4786091, 36.7668641], [30.4785704, 36.7669881], [30.4785473, 36.7670674], [30.4785663, 36.7671645], [30.4786144, 36.767236], [30.4785772, 36.7673279], [30.4785044, 36.7673814], [30.4785517, 36.7674242], [30.4786184, 36.7674087], [30.4787271, 36.7674268], [30.4787421, 36.7675625], [30.4787611, 36.7676369], [30.4788077, 36.7676724], [30.4788463, 36.7678845], [30.4788208, 36.7679641], [30.4787657, 36.7680509], [30.4786888, 36.7681121], [30.4784732, 36.7682785], [30.4783317, 36.7683537], [30.4782607, 36.7684335], [30.4780593, 36.7685337], [30.4778491, 36.7685832], [30.4777107, 36.7686959], [30.4775725, 36.7687963], [30.4774814, 36.7688241], [30.4773041, 36.769072], [30.4773154, 36.7694493]]}}, {"type": "Feature", "properties": {"category": "lycian_way", "name": "Likya Yolu", "ref": "", "relation_id": 51855, "role": ""}, "geometry": {"type": "LineString", "coordinates": [[30.4835011, 36.7604609], [30.4833243, 36.7606341], [30.4833079, 36.7608229], [30.4833688, 36.7610133], [30.4833383, 36.7612037], [30.4831852, 36.7613824], [30.483121, 36.7615123], [30.4830575, 36.7616257], [30.4830037, 36.7618095]]}}, {"type": "Feature", "properties": {"category": "lycian_way", "name": "Likya Yolu", "ref": "", "relation_id": 51855, "role": ""}, "geometry": {"type": "LineString", "coordinates": [[30.4835011, 36.7604609], [30.4835033, 36.7604903], [30.4834956, 36.760716]]}}, {"type": "Feature", "properties": {"category": "lycian_way", "name": "Likya Yolu", "ref": "", "relation_id": 51855, "role": ""}, "geometry": {"type": "LineString", "coordinates": [[30.4834956, 36.760716], [30.4835496, 36.7609542], [30.4836461, 36.7612233], [30.4838557, 36.7613831], [30.4839415, 36.7613498], [30.4838562, 36.7611475], [30.4839181, 36.7611051], [30.4839975, 36.761146], [30.4842214, 36.7613099], [30.4845457, 36.761746], [30.4847078, 36.7617274], [30.4852251, 36.7617305], [30.485588, 36.7618233], [30.4862482, 36.7620893], [30.4863254, 36.7623491]]}}, {"type": "Feature", "properties": {"category": "lycian_way", "name": "Likya Yolu", "ref": "", "relation_id": 51855, "role": ""}, "geometry": {"type": "LineString", "coordinates": [[30.4882167, 36.7652145], [30.4876913, 36.7650732], [30.4875114, 36.7649515], [30.4873921, 36.7648542], [30.48714, 36.7647813], [30.4868296, 36.7647312], [30.4865688, 36.7646453], [30.4864081, 36.7645752], [30.486264, 36.7641562], [30.4862152, 36.7640364], [30.4861383, 36.7639994], [30.4861372, 36.7634701], [30.4861069, 36.7633502], [30.4866824, 36.7629932], [30.4867457, 36.7628067], [30.4867323, 36.7625309], [30.486699, 36.7623343], [30.4864972, 36.7624816], [30.486361, 36.762429], [30.4863935, 36.7623191], [30.4863254, 36.7623491]]}}, {"type": "Feature", "properties": {"category": "lycian_way", "name": "Likya Yolu", "ref": "", "relation_id": 51855, "role": ""}, "geometry": {"type": "LineString", "coordinates": [[30.4882167, 36.7652145], [30.4887607, 36.7652481], [30.4891778, 36.7654533], [30.4894762, 36.7656613], [30.4896913, 36.7658912], [30.4899143, 36.7660612], [30.4901537, 36.7661877], [30.4905001, 36.7665346], [30.4908465, 36.7670161], [30.4916819, 36.7675956], [30.4922168, 36.7677221], [30.492926, 36.7681967], [30.4931645, 36.7685473], [30.4934598, 36.7686485], [30.4940711, 36.7689463], [30.4949575, 36.7691749], [30.4952478, 36.7693054], [30.4953884, 36.7694544], [30.4954382, 36.7697797], [30.495546, 36.7699287], [30.495421, 36.7701257], [30.4954567, 36.7704113], [30.4955789, 36.770799], [30.4958387, 36.7710642], [30.4963991, 36.7712805], [30.496771, 36.7713254], [30.4974179, 36.771309], [30.4978764, 36.7713539], [30.4981668, 36.7714723], [30.4984011, 36.7716355], [30.4987555, 36.7717094], [30.4992176, 36.7720455], [30.4998153, 36.772082]]}}, {"type": "Feature", "properties": {"category": "lycian_way", "name": "Likya Yolu", "ref": "", "relation_id": 51855, "role": ""}, "geometry": {"type": "LineString", "coordinates": [[30.4998153, 36.772082], [30.4998965, 36.7721257], [30.500855, 36.7723262], [30.5010478, 36.7723665], [30.5012312, 36.7724644]]}}, {"type": "Feature", "properties": {"category": "lycian_way", "name": "Likya Yolu", "ref": "", "relation_id": 51855, "role": ""}, "geometry": {"type": "LineString", "coordinates": [[30.5012312, 36.7724644], [30.501451, 36.7730293], [30.5016732, 36.7732578], [30.5016897, 36.7735294], [30.501542, 36.7736845], [30.5012821, 36.7737824], [30.5011599, 36.7741537], [30.5012363, 36.7743578], [30.5011701, 36.7744924], [30.5008797, 36.7749209], [30.5008797, 36.77508], [30.5009663, 36.7752554], [30.5009928, 36.7754719], [30.5010966, 36.7758813], [30.5012691, 36.7759538], [30.501542, 36.7762429], [30.5016387, 36.7766305], [30.5016031, 36.776806], [30.5015046, 36.7771556], [30.5014493, 36.7773356], [30.501491, 36.7776179], [30.5016591, 36.7779158], [30.5015369, 36.7784628]]}}, {"type": "Feature", "properties": {"category": "lycian_way", "name": "Likya Yolu", "ref": "", "relation_id": 51855, "role": ""}, "geometry": {"type": "LineString", "coordinates": [[30.5014227, 36.7851145], [30.5016238, 36.7846541], [30.5020704, 36.7841496], [30.502176, 36.7837219], [30.5024703, 36.7830006], [30.5028045, 36.7824637], [30.5027998, 36.7821981], [30.5029986, 36.781126], [30.5028869, 36.7806869], [30.5032141, 36.7803079], [30.5025503, 36.7795962], [30.5020475, 36.7788308], [30.5015369, 36.7784628]]}}, {"type": "Feature", "properties": {"category": "lycian_way", "name": "Likya Yolu", "ref": "", "relation_id": 51855, "role": ""}, "geometry": {"type": "LineString", "coordinates": [[30.4999175, 36.7850371], [30.5002713, 36.7852889], [30.5006226, 36.785667], [30.5009926, 36.7857164], [30.5012847, 36.7854983], [30.5013905, 36.7852716], [30.5014227, 36.7851145]]}}, {"type": "Feature", "properties": {"category": "lycian_way", "name": "Likya Yolu", "ref": "", "relation_id": 51855, "role": ""}, "geometry": {"type": "LineString", "coordinates": [[30.4975846, 36.7921561], [30.497779, 36.7919712], [30.4976521, 36.7916637], [30.4977701, 36.7912851], [30.4975005, 36.7910957], [30.4974212, 36.790779], [30.4977082, 36.7905017], [30.4979702, 36.7901147], [30.4980984, 36.7897277], [30.4979625, 36.789336], [30.4977225, 36.7885166], [30.4977863, 36.7884773], [30.4978975, 36.7884087], [30.496961, 36.7879132], [30.4968623, 36.7871309], [30.4970225, 36.7869689], [30.4975315, 36.7871933], [30.4977039, 36.7868478], [30.4975392, 36.786479], [30.4973745, 36.7861101], [30.4976256, 36.7858107], [30.4977697, 36.7855186], [30.4982122, 36.7855333], [30.4985547, 36.7855377], [30.4989917, 36.7853707], [30.4993941, 36.7853638], [30.4997404, 36.7854094], [30.4998819, 36.7852034], [30.4999175, 36.7850371]]}}, {"type": "Feature", "properties": {"category": "lycian_way", "name": "Likya Yolu", "ref": "", "relation_id": 51855, "role": ""}, "geometry": {"type": "LineString", "coordinates": [[30.4974181, 36.7938422], [30.4974519, 36.7938056], [30.4977746, 36.7935472], [30.4980013, 36.7934756], [30.4982447, 36.7934532], [30.498017, 36.7929537], [30.497784, 36.7926164], [30.4975846, 36.7921561]]}}, {"type": "Feature", "properties": {"category": "lycian_way", "name": "Likya Yolu", "ref": "", "relation_id": 51855, "role": ""}, "geometry": {"type": "LineString", "coordinates": [[30.4974181, 36.7938422], [30.4976482, 36.7939539], [30.498003, 36.7938758], [30.498411, 36.7940037], [30.4987391, 36.7938474], [30.4990052, 36.7938403], [30.4994664, 36.7935846], [30.4995729, 36.7932366], [30.4999631, 36.7930377], [30.5005928, 36.7931726], [30.5008146, 36.7930306], [30.5011073, 36.7925547], [30.5014088, 36.7923985], [30.5016217, 36.7927394], [30.501921, 36.7928895]]}}, {"type": "Feature", "properties": {"category": "lycian_way", "name": "Likya Yolu", "ref": "", "relation_id": 51855, "role": ""}, "geometry": {"type": "LineString", "coordinates": [[30.5029689, 36.7935536], [30.502684, 36.7925063], [30.5023924, 36.7922707], [30.5021884, 36.7926401], [30.501921, 36.7928895]]}}, {"type": "Feature", "properties": {"category": "lycian_way", "name": "Likya Yolu", "ref": "", "relation_id": 51855, "role": ""}, "geometry": {"type": "LineString", "coordinates": [[30.5029689, 36.7935536], [30.5037237, 36.7935917], [30.504043, 36.7934852], [30.5044333, 36.7931442], [30.5048171, 36.7930453]]}}, {"type": "Feature", "properties": {"category": "lycian_way", "name": "Likya Yolu", "ref": "", "relation_id": 51855, "role": ""}, "geometry": {"type": "LineString", "coordinates": [[30.5078068, 36.794752], [30.5073426, 36.7946796], [30.5070307, 36.7946852], [30.5067533, 36.7944047], [30.5067347, 36.7941607], [30.5065499, 36.7939866], [30.5059572, 36.7939687], [30.5057714, 36.7937102], [30.5054241, 36.7937376], [30.5051111, 36.7937337], [30.5049828, 36.7934094], [30.5048171, 36.7930453]]}}, {"type": "Feature", "properties": {"category": "lycian_way", "name": "Likya Yolu", "ref": "", "relation_id": 51855, "role": ""}, "geometry": {"type": "LineString", "coordinates": [[30.5078068, 36.794752], [30.5077753, 36.7950111], [30.5076717, 36.7953291], [30.5079843, 36.7955929], [30.5081538, 36.7957483], [30.508422, 36.7962302], [30.5086204, 36.7966062], [30.5087471, 36.7966482], [30.5088353, 36.7966775], [30.508994, 36.7968923], [30.5093215, 36.7970966], [30.5092767, 36.797378], [30.5093663, 36.797523], [30.5094588, 36.7977004], [30.509516, 36.7979023], [30.5095974, 36.7980367], [30.5097601, 36.7981278], [30.5098083, 36.7982887], [30.5098808, 36.7983512], [30.5099344, 36.7984843], [30.5099043, 36.7986246], [30.5098407, 36.7987429], [30.509814, 36.7988343], [30.509893, 36.798965], [30.5097472, 36.7991414], [30.5095616, 36.7992597], [30.509466, 36.7994793], [30.5090911, 36.7999753], [30.5088656, 36.8003604], [30.5088981, 36.8005215], [30.5088991, 36.8007319], [30.509015, 36.8011289], [30.5090667, 36.8014095], [30.5091962, 36.8016965], [30.5093387, 36.802172], [30.5091439, 36.80266], [30.5090596, 36.8028978], [30.5093608, 36.8029617], [30.5097291, 36.8027799]]}}, {"type": "Feature", "properties": {"category": "lycian_way", "name": "Likya Yolu", "ref": "", "relation_id": 51855, "role": ""}, "geometry": {"type": "LineString", "coordinates": [[30.4409829, 36.4395072], [30.4408488, 36.4397963], [30.4406691, 36.4399711], [30.440543, 36.4401113], [30.4405108, 36.4401977], [30.4404847, 36.4402807]]}}, {"type": "Feature", "properties": {"category": "lycian_way", "name": "Likya Yolu", "ref": "", "relation_id": 51855, "role": ""}, "geometry": {"type": "LineString", "coordinates": [[30.4409829, 36.4395072], [30.4411489, 36.4396057], [30.4414674, 36.4397529]]}}, {"type": "Feature", "properties": {"category": "carian_trail", "name": "M1 Steni-Karya-Xompourgo-Steni", "ref": "M1", "relation_id": 14045351, "role": ""}, "geometry": {"type": "LineString", "coordinates": [[25.2020141, 37.582862], [25.2019393, 37.5827944], [25.2018321, 37.5828114], [25.2016979, 37.5827349], [25.2016872, 37.582703], [25.2016041, 37.5825882], [25.2015343, 37.5824607], [25.2014485, 37.5823268], [25.2013871, 37.5822097], [25.2013573, 37.5820759], [25.2013372, 37.581993]]}}, {"type": "Feature", "properties": {"category": "carian_trail", "name": "M1 Steni-Karya-Xompourgo-Steni", "ref": "M1", "relation_id": 14045351, "role": ""}, "geometry": {"type": "LineString", "coordinates": [[25.2013734, 37.581756], [25.2013627, 37.5819452], [25.2013533, 37.5819718], [25.2013372, 37.581993]]}}, {"type": "Feature", "properties": {"category": "carian_trail", "name": "M1 Steni-Karya-Xompourgo-Steni", "ref": "M1", "relation_id": 14045351, "role": ""}, "geometry": {"type": "LineString", "coordinates": [[25.2010254, 37.5817964], [25.2013312, 37.5817661], [25.2013734, 37.581756]]}}, {"type": "Feature", "properties": {"category": "carian_trail", "name": "M1 Steni-Karya-Xompourgo-Steni", "ref": "M1", "relation_id": 14045351, "role": ""}, "geometry": {"type": "LineString", "coordinates": [[25.1984787, 37.5775722], [25.1984792, 37.5777587], [25.1983987, 37.577899], [25.1983625, 37.5780034], [25.1983612, 37.5780733], [25.1984363, 37.5781158], [25.1985449, 37.5782287], [25.1985596, 37.5783411], [25.1986736, 37.578403], [25.1988654, 37.5784262], [25.1989513, 37.578524], [25.199017, 37.5787261], [25.1990371, 37.5788556], [25.1990545, 37.5789769], [25.1993429, 37.5793147], [25.1995628, 37.5794423], [25.1996982, 37.5795381], [25.1997465, 37.5797082], [25.1997559, 37.5798589], [25.1999075, 37.579993], [25.2000939, 37.5800672], [25.200181, 37.5801716], [25.2002293, 37.5803119], [25.200287, 37.5804243], [25.2003514, 37.5805859], [25.2004546, 37.5807072], [25.2005941, 37.5808178], [25.2006531, 37.5809666], [25.2007014, 37.5811409], [25.2007215, 37.5812746], [25.2007698, 37.5814744], [25.2008663, 37.5816062], [25.2009696, 37.5817233], [25.2010254, 37.5817964]]}}, {"type": "Feature", "properties": {"category": "carian_trail", "name": "M1 Steni-Karya-Xompourgo-Steni", "ref": "M1", "relation_id": 14045351, "role": ""}, "geometry": {"type": "LineString", "coordinates": [[25.1987354, 37.5774027], [25.1986179, 37.5774761], [25.1985151, 37.5775638], [25.1984787, 37.5775722]]}}, {"type": "Feature", "properties": {"category": "carian_trail", "name": "M1 Steni-Karya-Xompourgo-Steni", "ref": "M1", "relation_id": 14045351, "role": ""}, "geometry": {"type": "LineString", "coordinates": [[25.1987354, 37.5774027], [25.1986744, 37.5773623], [25.1986657, 37.5773538], [25.1986583, 37.5773362], [25.1986503, 37.5773139], [25.1986402, 37.5772868], [25.1986013, 37.5772496]]}}, {"type": "Feature", "properties": {"category": "carian_trail", "name": "M1 Steni-Karya-Xompourgo-Steni", "ref": "M1", "relation_id": 14045351, "role": ""}, "geometry": {"type": "LineString", "coordinates": [[25.1986013, 37.5772496], [25.1983575, 37.577134], [25.1982893, 37.5771016], [25.1982282, 37.5770727], [25.19815, 37.5770356], [25.19755, 37.576751], [25.1972705, 37.5766185]]}}, {"type": "Feature", "properties": {"category": "carian_trail", "name": "M1 Steni-Karya-Xompourgo-Steni", "ref": "M1", "relation_id": 14045351, "role": ""}, "geometry": {"type": "LineString", "coordinates": [[25.1972705, 37.5766185], [25.1972152, 37.5765665], [25.1971729, 37.5765169], [25.1971365, 37.5764799], [25.1971248, 37.5764556], [25.1971029, 37.5764337], [25.1971102, 37.5764037], [25.1971204, 37.5763782], [25.1971102, 37.5763551], [25.1970752, 37.576332], [25.1970388, 37.5762916], [25.1969995, 37.5762766], [25.1969747, 37.5762396], [25.1969572, 37.5762154], [25.1968318, 37.5762419], [25.1967225, 37.5762616], [25.1966482, 37.5762824], [25.1965302, 37.5763182], [25.1964267, 37.5763528], [25.1963465, 37.5763863], [25.1962168, 37.5764372], [25.1961111, 37.5764583], [25.1960084, 37.5764603], [25.1959457, 37.5764556], [25.1959182, 37.5764516], [25.1958335, 37.5764395], [25.1957945, 37.5764358], [25.1957475, 37.5764314], [25.1956222, 37.5764152], [25.195459, 37.5763886], [25.1953292, 37.5763667], [25.1952126, 37.5763401], [25.1951802, 37.5763026]]}}, {"type": "Feature", "properties": {"category": "carian_trail", "name": "M1 Steni-Karya-Xompourgo-Steni", "ref": "M1", "relation_id": 14045351, "role": ""}, "geometry": {"type": "LineString", "coordinates": [[25.1948087, 37.576386], [25.1949415, 37.5763664], [25.1950648, 37.5763398], [25.1951802, 37.5763026]]}}, {"type": "Feature", "properties": {"category": "carian_trail", "name": "M1 Steni-Karya-Xompourgo-Steni", "ref": "M1", "relation_id": 14045351, "role": ""}, "geometry": {"type": "LineString", "coordinates": [[25.1948087, 37.576386], [25.1947255, 37.5763505], [25.1947211, 37.5762805], [25.1947387, 37.576249], [25.1947387, 37.5761685], [25.1947564, 37.5761299], [25.1947652, 37.5761124]]}}, {"type": "Feature", "properties": {"category": "carian_trail", "name": "M1 Steni-Karya-Xompourgo-Steni", "ref": "M1", "relation_id": 14045351, "role": ""}, "geometry": {"type": "LineString", "coordinates": [[25.1946076, 37.5756543], [25.1946142, 37.5757339], [25.1946115, 37.5758636], [25.1947041, 37.5759827], [25.1947652, 37.5761124]]}}, {"type": "Feature", "properties": {"category": "carian_trail", "name": "M1 Steni-Karya-Xompourgo-Steni", "ref": "M1", "relation_id": 14045351, "role": ""}, "geometry": {"type": "LineString", "coordinates": [[25.1946076, 37.5756543], [25.1945311, 37.5755628], [25.1943941, 37.5754436], [25.1943192, 37.5754013], [25.194224, 37.5753385], [25.1940295, 37.5752546], [25.1939008, 37.5752057], [25.1938096, 37.5751706], [25.1937157, 37.5751387], [25.1936258, 37.5750813], [25.1935695, 37.5750399], [25.193532, 37.5750059], [25.1935159, 37.574958], [25.1935145, 37.5748953], [25.1935051, 37.5747699], [25.1934837, 37.5746806], [25.1934515, 37.574602], [25.1934059, 37.5744946], [25.1933791, 37.5743979], [25.1933375, 37.5743118], [25.1933073, 37.5742006], [25.1932719, 37.5740955], [25.1932499, 37.5740255], [25.1932121, 37.5739323], [25.1931759, 37.5738824], [25.1931068, 37.5738037], [25.193019, 37.5736868]]}}, {"type": "Feature", "properties": {"category": "carian_trail", "name": "M1 Steni-Karya-Xompourgo-Steni", "ref": "M1", "relation_id": 14045351, "role": ""}, "geometry": {"type": "LineString", "coordinates": [[25.1917835, 37.5735616], [25.1920849, 37.5735199], [25.1922036, 37.5735231], [25.1923645, 37.5735417], [25.1924933, 37.5735646], [25.1927602, 37.5736076], [25.1928379, 37.573632], [25.193019, 37.5736868]]}}, {"type": "Feature", "properties": {"category": "carian_trail", "name": "M1 Steni-Karya-Xompourgo-Steni", "ref": "M1", "relation_id": 14045351, "role": ""}, "geometry": {"type": "LineString", "coordinates": [[25.1917835, 37.5735616], [25.1917242, 37.5735274], [25.1916638, 37.5734955], [25.1916046, 37.5734896], [25.1915002, 37.5734859], [25.1914345, 37.5734785], [25.1913822, 37.5734774], [25.191295, 37.5734646], [25.1912172, 37.5734668], [25.1911327, 37.5734838], [25.1909597, 37.5735199], [25.19078, 37.5735826], [25.1906875, 37.5736039], [25.1905091, 37.5735816], [25.1904313, 37.5735709], [25.1903254, 37.5734529], [25.1902932, 37.5734338], [25.1902892, 37.5733817], [25.1902208, 37.5733552], [25.1902181, 37.5733105], [25.1901725, 37.5732765], [25.1900826, 37.5732531], [25.1900746, 37.5732234], [25.190025, 37.5731904], [25.1899417, 37.5731538]]}}, {"type": "Feature", "properties": {"category": "carian_trail", "name": "M1 Steni-Karya-Xompourgo-Steni", "ref": "M1", "relation_id": 14045351, "role": ""}, "geometry": {"type": "LineString", "coordinates": [[25.1899417, 37.5731538], [25.1894854, 37.5730144], [25.1893519, 37.5730425]]}}, {"type": "Feature", "properties": {"category": "carian_trail", "name": "M1 Steni-Karya-Xompourgo-Steni", "ref": "M1", "relation_id": 14045351, "role": ""}, "geometry": {"type": "LineString", "coordinates": [[25.1893519, 37.5730425], [25.189235, 37.5731235], [25.1890832, 37.5732063], [25.1888405, 37.5733005], [25.1884794, 37.573402], [25.1884221, 37.5734201], [25.1883663, 37.5734452], [25.1881587, 37.5735521], [25.1878019, 37.5736775], [25.1877319, 37.5737102], [25.1875977, 37.5737962], [25.1874945, 37.5738651], [25.187364, 37.5739274], [25.1870509, 37.5739748]]}}, {"type": "Feature", "properties": {"category": "carian_trail", "name": "M1 Steni-Karya-Xompourgo-Steni", "ref": "M1", "relation_id": 14045351, "role": ""}, "geometry": {"type": "LineString", "coordinates": [[25.1869608, 37.5735219], [25.1869763, 37.5736012], [25.1870434, 37.5738406], [25.1870517, 37.5738805], [25.1870532, 37.5739268], [25.1870509, 37.5739748]]}}, {"type": "Feature", "properties": {"category": "carian_trail", "name": "M1 Steni-Karya-Xompourgo-Steni", "ref": "M1", "relation_id": 14045351, "role": ""}, "geometry": {"type": "LineString", "coordinates": [[25.1869608, 37.5735219], [25.1867464, 37.5735245], [25.1864155, 37.5734311], [25.1862967, 37.5734179], [25.1861862, 37.5734504]]}}, {"type": "Feature", "properties": {"category": "carian_trail", "name": "M1 Steni-Karya-Xompourgo-Steni", "ref": "M1", "relation_id": 14045351, "role": ""}, "geometry": {"type": "LineString", "coordinates": [[25.1861862, 37.5734504], [25.1861706, 37.5733307], [25.1861706, 37.5732584], [25.1860821, 37.5732159], [25.1859909, 37.5731925], [25.1858645, 37.57318]]}}, {"type": "Feature", "properties": {"category": "carian_trail", "name": "M1 Steni-Karya-Xompourgo-Steni", "ref": "M1", "relation_id": 14045351, "role": ""}, "geometry": {"type": "LineString", "coordinates": [[25.1858645, 37.57318], [25.1858755, 37.5732685]]}}, {"type": "Feature", "properties": {"category": "carian_trail", "name": "M1 Steni-Karya-Xompourgo-Steni", "ref": "M1", "relation_id": 14045351, "role": ""}, "geometry": {"type": "LineString", "coordinates": [[25.1858755, 37.5732685], [25.1858103, 37.5732989], [25.1855766, 37.5733217]]}}, {"type": "Feature", "properties": {"category": "carian_trail", "name": "M1 Steni-Karya-Xompourgo-Steni", "ref": "M1", "relation_id": 14045351, "role": ""}, "geometry": {"type": "LineString", "coordinates": [[25.1855766, 37.5733217], [25.1854291, 37.5733462], [25.1850985, 37.5733444], [25.1850173, 37.5732946], [25.1848912, 37.5733137], [25.1848738, 37.573378], [25.1840678, 37.5735008], [25.1837137, 37.5735773], [25.1834725, 37.5736949], [25.1832199, 37.5738901], [25.1831585, 37.5739578], [25.1830159, 37.5739751], [25.1829171, 37.5739132], [25.182732, 37.5738898], [25.1826472, 37.5739156], [25.1825424, 37.5739259], [25.1824263, 37.5738834], [25.1823357, 37.5737752], [25.1820372, 37.5736375], [25.181842, 37.5736489], [25.1816082, 37.5736113], [25.1815572, 37.5734689], [25.1814819, 37.5733006], [25.1812729, 37.5731373], [25.1810382, 37.5730519], [25.1809108, 37.5728949], [25.1808089, 37.5727206], [25.1808349, 37.5725755]]}}, {"type": "Feature", "properties": {"category": "carian_trail", "name": "M1 Steni-Karya-Xompourgo-Steni", "ref": "M1", "relation_id": 14045351, "role": ""}, "geometry": {"type": "LineString", "coordinates": [[25.1808349, 37.5725755], [25.1806757, 37.5724878], [25.1806047, 37.5724705]]}}, {"type": "Feature", "properties": {"category": "carian_trail", "name": "M1 Steni-Karya-Xompourgo-Steni", "ref": "M1", "relation_id": 14045351, "role": ""}, "geometry": {"type": "LineString", "coordinates": [[25.1806047, 37.5724705], [25.1805688, 37.5724804], [25.1805112, 37.5725123], [25.1804522, 37.5725378], [25.180369, 37.5725346]]}}, {"type": "Feature", "properties": {"category": "carian_trail", "name": "M1 Steni-Karya-Xompourgo-Steni", "ref": "M1", "relation_id": 14045351, "role": ""}, "geometry": {"type": "LineString", "coordinates": [[25.180369, 37.5725346], [25.180352, 37.5726281], [25.1803661, 37.5727668], [25.1803898, 37.5728433], [25.180214, 37.5729917], [25.1801316, 37.5730187]]}}, {"type": "Feature", "properties": {"category": "carian_trail", "name": "M1 Steni-Karya-Xompourgo-Steni", "ref": "M1", "relation_id": 14045351, "role": ""}, "geometry": {"type": "LineString", "coordinates": [[25.1801316, 37.5730187], [25.1800347, 37.5731981], [25.1797087, 37.5738809], [25.1795951, 37.5741541], [25.1795023, 37.5742853]]}}, {"type": "Feature", "properties": {"category": "carian_trail", "name": "M1 Steni-Karya-Xompourgo-Steni", "ref": "M1", "relation_id": 14045351, "role": ""}, "geometry": {"type": "LineString", "coordinates": [[25.1795023, 37.5742853], [25.1789484, 37.5746249], [25.1786154, 37.574935], [25.1781102, 37.5751417], [25.1776279, 37.5754402], [25.177226, 37.5760143], [25.1769734, 37.5764621], [25.1768158, 37.5769302], [25.1768439, 37.5770477]]}}, {"type": "Feature", "properties": {"category": "carian_trail", "name": "M1 Steni-Karya-Xompourgo-Steni", "ref": "M1", "relation_id": 14045351, "role": ""}, "geometry": {"type": "LineString", "coordinates": [[25.1748114, 37.5782798], [25.1751236, 37.5782154], [25.1760502, 37.5780804], [25.176141, 37.5777726], [25.1762546, 37.5776826], [25.1763613, 37.5775188], [25.1764895, 37.5773983], [25.1765798, 37.5772199], [25.1767452, 37.5771056], [25.1768087, 37.5770706], [25.1768439, 37.5770477]]}}, {"type": "Feature", "properties": {"category": "carian_trail", "name": "M1 Steni-Karya-Xompourgo-Steni", "ref": "M1", "relation_id": 14045351, "role": ""}, "geometry": {"type": "LineString", "coordinates": [[25.1736206, 37.5782689], [25.1746999, 37.5782649], [25.1748114, 37.5782798]]}}, {"type": "Feature", "properties": {"category": "carian_trail", "name": "M1 Steni-Karya-Xompourgo-Steni", "ref": "M1", "relation_id": 14045351, "role": ""}, "geometry": {"type": "LineString", "coordinates": [[25.1736206, 37.5782689], [25.1733725, 37.5782072], [25.1731499, 37.5781552], [25.1728763, 37.578118], [25.1725329, 37.5780988], [25.1718235, 37.5780701], [25.1716612, 37.5780988], [25.1715687, 37.578102], [25.1713313, 37.5781042]]}}, {"type": "Feature", "properties": {"category": "carian_trail", "name": "M1 Steni-Karya-Xompourgo-Steni", "ref": "M1", "relation_id": 14045351, "role": ""}, "geometry": {"type": "LineString", "coordinates": [[25.1713313, 37.5781042], [25.1712133, 37.5781148], [25.1710819, 37.5781328], [25.1709343, 37.5781318], [25.1707721, 37.5781158], [25.1706648, 37.5781031], [25.1706071, 37.5780999]]}}, {"type": "Feature", "properties": {"category": "carian_trail", "name": "M1 Steni-Karya-Xompourgo-Steni", "ref": "M1", "relation_id": 14045351, "role": ""}, "geometry": {"type": "LineString", "coordinates": [[25.1706071, 37.5780999], [25.1705665, 37.5781548], [25.1705387, 37.5782731], [25.1705401, 37.5783433], [25.1705803, 37.5784103], [25.1707157, 37.5785112]]}}, {"type": "Feature", "properties": {"category": "carian_trail", "name": "M1 Steni-Karya-Xompourgo-Steni", "ref": "M1", "relation_id": 14045351, "role": ""}, "geometry": {"type": "LineString", "coordinates": [[25.1707157, 37.5785112], [25.1706621, 37.578659], [25.1706111, 37.5787238], [25.1703547, 37.5788887], [25.1702812, 37.5789576], [25.1702528, 37.579029], [25.1702759, 37.5791617], [25.170344, 37.5793074], [25.1705532, 37.5794541], [25.1708053, 37.5796454], [25.1711567, 37.5798899], [25.1712586, 37.579977], [25.1714694, 37.580098], [25.1715097, 37.5802266], [25.1715345, 37.5803457]]}}, {"type": "Feature", "properties": {"category": "carian_trail", "name": "M1 Steni-Karya-Xompourgo-Steni", "ref": "M1", "relation_id": 14045351, "role": ""}, "geometry": {"type": "LineString", "coordinates": [[25.1715345, 37.5803457], [25.1715144, 37.5803659], [25.1715137, 37.5803818], [25.1715673, 37.5804573], [25.1716197, 37.5805699], [25.1715271, 37.5808601], [25.1715405, 37.5809557], [25.1714855, 37.5810684], [25.1714547, 37.5811917], [25.1713569, 37.5813474], [25.1713407, 37.581468], [25.1712981, 37.581582], [25.1711884, 37.5817558], [25.1710939, 37.5818389], [25.1709337, 37.5820196], [25.1708579, 37.5821737], [25.1708566, 37.5823268], [25.170878, 37.5824458], [25.1708421, 37.5824728], [25.1708183, 37.582572], [25.1708349, 37.5827041], [25.1708871, 37.5828326], [25.1709491, 37.5829226], [25.1709357, 37.5829591]]}}, {"type": "Feature", "properties": {"category": "carian_trail", "name": "M1 Steni-Karya-Xompourgo-Steni", "ref": "M1", "relation_id": 14045351, "role": ""}, "geometry": {"type": "LineString", "coordinates": [[25.1709357, 37.5829591], [25.1710245, 37.5830941], [25.1710463, 37.583131], [25.1710846, 37.583275], [25.171247, 37.5834691], [25.1712473, 37.5834924]]}}, {"type": "Feature", "properties": {"category": "carian_trail", "name": "Karya - Gefiri Karias", "ref": "A16", "relation_id": 20230454, "role": ""}, "geometry": {"type": "LineString", "coordinates": [[21.4819291, 39.3108048], [21.481974, 39.3107643], [21.4819843, 39.3107555]]}}, {"type": "Feature", "properties": {"category": "carian_trail", "name": "Karya - Gefiri Karias", "ref": "A16", "relation_id": 20230454, "role": ""}, "geometry": {"type": "LineString", "coordinates": [[21.4819843, 39.3107555], [21.4820933, 39.3106615]]}}, {"type": "Feature", "properties": {"category": "carian_trail", "name": "Karya - Gefiri Karias", "ref": "A16", "relation_id": 20230454, "role": ""}, "geometry": {"type": "LineString", "coordinates": [[21.4820933, 39.3106615], [21.4821146, 39.3106432], [21.4821911, 39.3105826], [21.482232, 39.3105675], [21.4822783, 39.3105895], [21.4823299, 39.3105922], [21.4824189, 39.3105826], [21.4825221, 39.3105936], [21.4826822, 39.3106212], [21.4827676, 39.3106459], [21.4828904, 39.3106721], [21.4830185, 39.3107285], [21.4831235, 39.3107602], [21.4832605, 39.3107767], [21.4833833, 39.3107988], [21.4835096, 39.3108029], [21.4836342, 39.3107905], [21.4837089, 39.3107877], [21.4837499, 39.3108277], [21.483805, 39.3108951], [21.4838531, 39.3109117], [21.483926, 39.3109172], [21.4840012, 39.3109114], [21.4840506, 39.3109337], [21.4840755, 39.310986], [21.484031, 39.3110535], [21.4840328, 39.3111099], [21.4840132, 39.3111953], [21.4840061, 39.3112614], [21.4840257, 39.311344], [21.4840239, 39.3114059], [21.4840061, 39.3114968], [21.4840061, 39.3115753], [21.4840149, 39.3116012], [21.4840257, 39.3116579], [21.4840542, 39.311735], [21.4840808, 39.3118011], [21.4841324, 39.3118768], [21.4841556, 39.3118988], [21.4841324, 39.3119332], [21.4841253, 39.3119787], [21.4841396, 39.3120516], [21.4840926, 39.3120878], [21.4840454, 39.3121244], [21.4840336, 39.3121828], [21.4840478, 39.3122669], [21.4840714, 39.3123363], [21.4840808, 39.3124276], [21.4840856, 39.3125062], [21.4840808, 39.3125829], [21.4840856, 39.3126687], [21.4840879, 39.3127436], [21.48408, 39.3127821], [21.4840785, 39.3128258], [21.4841068, 39.3128679], [21.48418, 39.3128733], [21.4842839, 39.3128861], [21.4843854, 39.3128843], [21.4844633, 39.3128898], [21.4845271, 39.3129519], [21.484579, 39.3129957], [21.4846664, 39.3130469], [21.4847655, 39.3130724], [21.4848623, 39.3130907], [21.4849898, 39.31314], [21.4850323, 39.3131656], [21.4851339, 39.3131674], [21.4852566, 39.3131656], [21.4853983, 39.3131528], [21.4855329, 39.3131638], [21.4856344, 39.3131894], [21.4857265, 39.3132332], [21.4857997, 39.3132569], [21.4858233, 39.313277], [21.4857288, 39.3133063], [21.4856911, 39.3133154], [21.4855777, 39.3133647], [21.4856155, 39.3133812], [21.4855565, 39.3133976], [21.485488, 39.3134287], [21.4854219, 39.3134889], [21.485377, 39.3135675], [21.4853322, 39.3136479], [21.4852968, 39.3137374], [21.4852968, 39.3137629], [21.4853629, 39.3137228], [21.4854361, 39.3136753], [21.4855659, 39.3136058], [21.4857076, 39.3135657], [21.4858304, 39.3135419], [21.4859248, 39.3135456], [21.4859484, 39.3135547], [21.4858894, 39.313604], [21.4858327, 39.3136406], [21.4859036, 39.3136406], [21.4859767, 39.3136442], [21.4860688, 39.3136789], [21.486142, 39.3136935], [21.4862553, 39.3137575], [21.4863427, 39.3137977], [21.4864324, 39.313805], [21.4865906, 39.3138104], [21.4867063, 39.3138196], [21.4868314, 39.3138305], [21.4869353, 39.3138342], [21.4871337, 39.3138177], [21.4872895, 39.3138013], [21.4874571, 39.3137721], [21.4875846, 39.313783], [21.4876838, 39.3137977], [21.4877617, 39.3138196], [21.4877877, 39.3138561], [21.4877522, 39.3139127], [21.4876909, 39.3139584], [21.4875893, 39.3139949], [21.4874524, 39.3140552], [21.4873863, 39.314121], [21.487332, 39.3141721], [21.48728, 39.3142233], [21.4872682, 39.3142744], [21.4872116, 39.3143457], [21.4871195, 39.3144041], [21.487077, 39.3144571], [21.4870605, 39.3145028], [21.4871242, 39.3145265], [21.4872116, 39.314532], [21.4873178, 39.314532], [21.4873721, 39.3145064], [21.4874146, 39.3144845], [21.4874736, 39.3144936], [21.4875232, 39.3145393], [21.4875728, 39.3145411], [21.4876389, 39.3145119], [21.4876909, 39.3144973], [21.487705, 39.3145119], [21.4877168, 39.3145375], [21.487764, 39.3145484], [21.4877829, 39.3145265], [21.4878184, 39.3144936], [21.4878703, 39.3145229], [21.487934, 39.3145429], [21.4880025, 39.3145046], [21.4880379, 39.3144845], [21.4880899, 39.3144991], [21.4881229, 39.3145503], [21.4882008, 39.3145448], [21.4882575, 39.3145302], [21.4883189, 39.3144644], [21.4883803, 39.3145009], [21.4884251, 39.3145484], [21.4884936, 39.3145649], [21.4885574, 39.314585], [21.4886589, 39.3146032], [21.488725, 39.3146306], [21.4887344, 39.3145777], [21.4887722, 39.3145886], [21.4887415, 39.3145448], [21.4887462, 39.3145082], [21.4888147, 39.3145028], [21.4888761, 39.3145137], [21.4889139, 39.3144881], [21.4889823, 39.3144863], [21.4890154, 39.314448], [21.4890673, 39.3144169], [21.4891264, 39.3144005], [21.4891523, 39.3144516], [21.4891783, 39.3144991], [21.489235, 39.3145229], [21.4893223, 39.3145229], [21.4894687, 39.3145082], [21.4895868, 39.3145137], [21.4897913, 39.314505]]}}, {"type": "Feature", "properties": {"category": "st_paul_trail", "name": "Kritzendorf/Herzogenburger Gasse - Bohrstelle St. Paula-Kapelle", "ref": "", "relation_id": 1320373, "role": ""}, "geometry": {"type": "LineString", "coordinates": [[16.2934527, 48.3420432], [16.292999, 48.3419068], [16.2928821, 48.3419477], [16.2926024, 48.3422197], [16.2923801, 48.3425016], [16.2921285, 48.3426206], [16.2918647, 48.3427098], [16.2916435, 48.3426181], [16.2915542, 48.3425811]]}}, {"type": "Feature", "properties": {"category": "st_paul_trail", "name": "Kritzendorf/Herzogenburger Gasse - Bohrstelle St. Paula-Kapelle", "ref": "", "relation_id": 1320373, "role": ""}, "geometry": {"type": "LineString", "coordinates": [[16.2915542, 48.3425811], [16.2913992, 48.3425113], [16.2912686, 48.3424979], [16.2911903, 48.3425236], [16.2910458, 48.3426123]]}}, {"type": "Feature", "properties": {"category": "st_paul_trail", "name": "Kritzendorf/Herzogenburger Gasse - Bohrstelle St. Paula-Kapelle", "ref": "", "relation_id": 1320373, "role": ""}, "geometry": {"type": "LineString", "coordinates": [[16.2910458, 48.3426123], [16.2908928, 48.3426348], [16.2907925, 48.3426126], [16.2906109, 48.3425617], [16.2902067, 48.342515], [16.2900922, 48.3425551], [16.2900742, 48.3426869], [16.2900025, 48.3428115], [16.2896355, 48.3429827], [16.2891758, 48.3430772], [16.2888543, 48.3430765], [16.2887599, 48.343034]]}}, {"type": "Feature", "properties": {"category": "st_paul_trail", "name": "Kritzendorf/Herzogenburger Gasse - Bohrstelle St. Paula-Kapelle", "ref": "", "relation_id": 1320373, "role": ""}, "geometry": {"type": "LineString", "coordinates": [[16.2887599, 48.343034], [16.2885369, 48.3430643], [16.2883554, 48.3431829], [16.288047, 48.343621]]}}, {"type": "Feature", "properties": {"category": "st_paul_trail", "name": "Kritzendorf/Herzogenburger Gasse - Bohrstelle St. Paula-Kapelle", "ref": "", "relation_id": 1320373, "role": ""}, "geometry": {"type": "LineString", "coordinates": [[16.286242, 48.3427861], [16.2864728, 48.3429505], [16.2872228, 48.3432857], [16.2874915, 48.3433902], [16.287845, 48.343549], [16.288047, 48.343621]]}}, {"type": "Feature", "properties": {"category": "st_paul_trail", "name": "Kritzendorf/Herzogenburger Gasse - Bohrstelle St. Paula-Kapelle", "ref": "", "relation_id": 1320373, "role": ""}, "geometry": {"type": "LineString", "coordinates": [[16.2832169, 48.3419051], [16.283156, 48.3419332], [16.2831475, 48.3419826], [16.2832068, 48.3420265], [16.2833504, 48.3420569], [16.2836456, 48.3421554], [16.2838989, 48.3421948], [16.2839794, 48.342218], [16.2840491, 48.3422626], [16.2841677, 48.3424007], [16.2842502, 48.3424698], [16.2843569, 48.342514], [16.284837, 48.3426185], [16.2850328, 48.3426951], [16.2852423, 48.3427773], [16.2854236, 48.3428488], [16.2856055, 48.3428741], [16.2857924, 48.3428656], [16.2859899, 48.3428454], [16.286242, 48.3427861]]}}, {"type": "Feature", "properties": {"category": "st_paul_trail", "name": "Kritzendorf/Herzogenburger Gasse - Bohrstelle St. Paula-Kapelle", "ref": "", "relation_id": 1320373, "role": ""}, "geometry": {"type": "LineString", "coordinates": [[16.2855974, 48.3399642], [16.2859784, 48.3402531], [16.2862625, 48.3405326], [16.2865684, 48.3408438], [16.2867072, 48.3409428], [16.2870985, 48.3410801], [16.2871859, 48.3411195], [16.287212, 48.3411794], [16.2871815, 48.3412408], [16.2870988, 48.3412845], [16.286493, 48.3414134], [16.2859136, 48.341606], [16.2857459, 48.3416518], [16.2855413, 48.3417479], [16.2853363, 48.3418363], [16.2849554, 48.3419588], [16.2848502, 48.3419735], [16.2847154, 48.3419997], [16.2845966, 48.3420065], [16.2844647, 48.3419833], [16.284217, 48.3419215], [16.2840751, 48.3419213], [16.283651, 48.3419509], [16.2835086, 48.3419432], [16.2832963, 48.3419031], [16.2832169, 48.3419051]]}}, {"type": "Feature", "properties": {"category": "st_paul_trail", "name": "Kritzendorf/Herzogenburger Gasse - Bohrstelle St. Paula-Kapelle", "ref": "", "relation_id": 1320373, "role": ""}, "geometry": {"type": "LineString", "coordinates": [[16.2845394, 48.3395999], [16.2850139, 48.3397451], [16.2851935, 48.3397979], [16.2853873, 48.3398607], [16.2855974, 48.3399642]]}}, {"type": "Feature", "properties": {"category": "st_paul_trail", "name": "Kritzendorf/Thomas-Brunner-Weg - Bohrstelle St. Paula-Kapelle", "ref": "", "relation_id": 1320375, "role": ""}, "geometry": {"type": "LineString", "coordinates": [[16.2848801, 48.3395433], [16.2856611, 48.3396376], [16.2861746, 48.3397807], [16.2863154, 48.3398181], [16.2863963, 48.3398477], [16.2864842, 48.3398855], [16.2865364, 48.3399136], [16.2866061, 48.3399364], [16.2866615, 48.3399431], [16.2867259, 48.3399183], [16.2868047, 48.3399029], [16.2869637, 48.3399009], [16.2871034, 48.3399123]]}}, {"type": "Feature", "properties": {"category": "st_paul_trail", "name": "Kritzendorf/Thomas-Brunner-Weg - Bohrstelle St. Paula-Kapelle", "ref": "", "relation_id": 1320375, "role": ""}, "geometry": {"type": "LineString", "coordinates": [[16.2871034, 48.3399123], [16.2873492, 48.3398884], [16.2875707, 48.3398896], [16.2878947, 48.339902], [16.2883503, 48.3398995], [16.2887625, 48.3399071], [16.2890621, 48.3398956], [16.2892237, 48.3398522], [16.2893239, 48.3397927]]}}, {"type": "Feature", "properties": {"category": "st_paul_trail", "name": "Kritzendorf/Thomas-Brunner-Weg - Bohrstelle St. Paula-Kapelle", "ref": "", "relation_id": 1320375, "role": ""}, "geometry": {"type": "LineString", "coordinates": [[16.2893239, 48.3397927], [16.2893613, 48.3398065], [16.2894392, 48.3398086], [16.2894783, 48.3397515], [16.2894941, 48.339716], [16.2895544, 48.3396334], [16.2895755, 48.3396229], [16.2896009, 48.3396308], [16.2895852, 48.339681], [16.289551, 48.3397657], [16.289599, 48.3397739], [16.289691, 48.3397676], [16.2897631, 48.3397909], [16.2898396, 48.3398176], [16.2898469, 48.3398258], [16.2899143, 48.3397557], [16.2899521, 48.3397764], [16.289981, 48.3397668], [16.2900157, 48.3397655], [16.2900437, 48.3398437], [16.2900847, 48.3397912], [16.2902134, 48.3398251], [16.2906662, 48.3398439], [16.2907681, 48.3399001], [16.2907806, 48.339953], [16.2906243, 48.3400588], [16.2908243, 48.3400994], [16.2911179, 48.340132], [16.2913989, 48.3401622], [16.2917315, 48.3401712], [16.2918022, 48.3401582], [16.2920167, 48.3402262]]}}, {"type": "Feature", "properties": {"category": "st_paul_trail", "name": "Kritzendorf/Thomas-Brunner-Weg - Bohrstelle St. Paula-Kapelle", "ref": "", "relation_id": 1320375, "role": ""}, "geometry": {"type": "LineString", "coordinates": [[16.2920167, 48.3402262], [16.2924997, 48.3403105]]}}, {"type": "Feature", "properties": {"category": "st_paul_trail", "name": "Kritzendorf/Thomas-Brunner-Weg - Bohrstelle St. Paula-Kapelle", "ref": "", "relation_id": 1320375, "role": ""}, "geometry": {"type": "LineString", "coordinates": [[16.2924997, 48.3403105], [16.2929619, 48.3404195], [16.2938335, 48.3406198], [16.2941877, 48.3406978]]}}, {"type": "Feature", "properties": {"category": "st_paul_trail", "name": "D\u00f6rferrunde (Vill => St. Pauls => Nauders => Gifen)", "ref": "", "relation_id": 11792683, "role": ""}, "geometry": {"type": "LineString", "coordinates": [[11.6903832, 46.7781843], [11.6903778, 46.7780369], [11.6903511, 46.7778618], [11.6903511, 46.7777705], [11.6903684, 46.7776686], [11.6904047, 46.777538], [11.6904152, 46.7775004], [11.6904498, 46.7773701], [11.6904723, 46.7772243], [11.690474, 46.7770857], [11.6904688, 46.7769731], [11.6904626, 46.7769198], [11.6904434, 46.7768508]]}}, {"type": "Feature", "properties": {"category": "st_paul_trail", "name": "D\u00f6rferrunde (Vill => St. Pauls => Nauders => Gifen)", "ref": "", "relation_id": 11792683, "role": ""}, "geometry": {"type": "LineString", "coordinates": [[11.6903188, 46.7787596], [11.6903383, 46.7785402], [11.6903699, 46.7783373], [11.6903832, 46.7781843]]}}, {"type": "Feature", "properties": {"category": "st_paul_trail", "name": "D\u00f6rferrunde (Vill => St. Pauls => Nauders => Gifen)", "ref": "", "relation_id": 11792683, "role": ""}, "geometry": {"type": "LineString", "coordinates": [[11.6899823, 46.7801333], [11.6900242, 46.7800561], [11.6900435, 46.7799988], [11.6900692, 46.779893], [11.6901207, 46.779774], [11.6901632, 46.7796747], [11.6902077, 46.7795602], [11.6902237, 46.7794918], [11.6902504, 46.7794072], [11.6902766, 46.779275], [11.6903188, 46.7787596]]}}, {"type": "Feature", "properties": {"category": "st_paul_trail", "name": "D\u00f6rferrunde (Vill => St. Pauls => Nauders => Gifen)", "ref": "", "relation_id": 11792683, "role": ""}, "geometry": {"type": "LineString", "coordinates": [[11.6864312, 46.781749], [11.6867378, 46.7817248], [11.6870402, 46.7816962], [11.6873524, 46.7816675], [11.6875971, 46.7816455], [11.6876775, 46.7816388], [11.6877805, 46.7816212], [11.6878739, 46.781597], [11.6879511, 46.7815683], [11.6880413, 46.7815198], [11.6882569, 46.7814052], [11.6884984, 46.7812729], [11.6888059, 46.7811044], [11.6889072, 46.7810569], [11.6889587, 46.7810393], [11.6890166, 46.781026], [11.6891252, 46.7810077], [11.6892161, 46.7809933], [11.6892895, 46.7809717], [11.6893442, 46.7809503], [11.6893923, 46.7809241], [11.6894585, 46.7808831], [11.6894996, 46.7808488], [11.6895372, 46.7808035], [11.6895479, 46.7807642], [11.6895497, 46.7807177], [11.6895478, 46.7806359], [11.6895574, 46.7805698], [11.6895735, 46.7805102], [11.6896089, 46.7804551], [11.6896411, 46.7804177], [11.6896733, 46.780389], [11.6897345, 46.7803427], [11.6897795, 46.7803118], [11.6898173, 46.7802838], [11.6898954, 46.7802237], [11.6899373, 46.780184], [11.6899823, 46.7801333]]}}, {"type": "Feature", "properties": {"category": "st_paul_trail", "name": "D\u00f6rferrunde (Vill => St. Pauls => Nauders => Gifen)", "ref": "", "relation_id": 11792683, "role": ""}, "geometry": {"type": "LineString", "coordinates": [[11.6864312, 46.781749], [11.6863995, 46.7817036], [11.6862837, 46.7817067], [11.6860704, 46.7817046], [11.6857995, 46.7817121], [11.6856587, 46.7817083], [11.6854992, 46.7817484], [11.6853631, 46.7817943], [11.6852608, 46.7818372], [11.6850932, 46.7818905], [11.6849404, 46.7819527], [11.6847807, 46.7820295], [11.6846001, 46.7821065], [11.6844797, 46.7821605], [11.6842736, 46.7822762], [11.6841139, 46.7823888], [11.6839471, 46.7824919], [11.6837573, 46.7825822], [11.6835535, 46.7826932], [11.6833937, 46.7827947], [11.6832478, 46.7828914], [11.6830765, 46.7829739], [11.6829028, 46.7830563], [11.6827523, 46.7831245], [11.6825694, 46.7832228], [11.6824188, 46.7832847], [11.682273, 46.7833101], [11.6821664, 46.7833132], [11.6820457, 46.7833017], [11.6818565, 46.7832579], [11.6816068, 46.7832035], [11.6815078, 46.7831923], [11.6813781, 46.7831927]]}}, {"type": "Feature", "properties": {"category": "st_paul_trail", "name": "D\u00f6rferrunde (Vill => St. Pauls => Nauders => Gifen)", "ref": "", "relation_id": 11792683, "role": ""}, "geometry": {"type": "LineString", "coordinates": [[11.6779949, 46.7849692], [11.6780702, 46.7847802], [11.6780977, 46.7846241], [11.6780885, 46.7844369], [11.6780647, 46.7843011], [11.6780775, 46.7841817], [11.6782831, 46.7839376], [11.6783896, 46.7837412], [11.6784997, 46.7835668], [11.6785933, 46.7834291], [11.6786888, 46.7834053], [11.6788558, 46.7834236], [11.6790596, 46.7835007], [11.679223, 46.78362], [11.6793203, 46.7837504], [11.67939, 46.7838642], [11.6795167, 46.7839284], [11.6796837, 46.7839211], [11.6804437, 46.7837485], [11.6806419, 46.7836439], [11.681068, 46.7833457], [11.6811686, 46.7832673], [11.6813781, 46.7831927]]}}, {"type": "Feature", "properties": {"category": "st_paul_trail", "name": "D\u00f6rferrunde (Vill => St. Pauls => Nauders => Gifen)", "ref": "", "relation_id": 11792683, "role": ""}, "geometry": {"type": "LineString", "coordinates": [[11.6779949, 46.7849692], [11.678011, 46.785062], [11.6780573, 46.785277], [11.6780862, 46.7854076], [11.6781324, 46.785562], [11.6781343, 46.7856213], [11.6781189, 46.7856741], [11.6781054, 46.7857216], [11.6781025, 46.7857671], [11.6781016, 46.7857809], [11.6781054, 46.7859063], [11.6781112, 46.7859709], [11.6781228, 46.7860092], [11.678142, 46.7860461], [11.6782056, 46.7861147], [11.6783058, 46.7862057], [11.6784561, 46.7863416], [11.6785216, 46.7864181], [11.6785428, 46.7864709], [11.6785447, 46.7865236], [11.6785346, 46.7865883], [11.6785088, 46.7866971], [11.6784715, 46.7867967], [11.6784413, 46.7868633], [11.6784163, 46.7869408], [11.67843, 46.7869721], [11.6784571, 46.7869887], [11.6785099, 46.7870078]]}}, {"type": "Feature", "properties": {"category": "st_paul_trail", "name": "D\u00f6rferrunde (Vill => St. Pauls => Nauders => Gifen)", "ref": "", "relation_id": 11792683, "role": ""}, "geometry": {"type": "LineString", "coordinates": [[11.6786525, 46.7882429], [11.6785943, 46.7881157], [11.6785593, 46.7880216], [11.6785389, 46.7879392], [11.6785288, 46.7878531], [11.678526, 46.78774], [11.6785188, 46.7876362], [11.6785099, 46.7875086], [11.6785099, 46.7874803], [11.6784988, 46.7871411], [11.6785059, 46.7870361], [11.6785099, 46.7870078]]}}, {"type": "Feature", "properties": {"category": "st_paul_trail", "name": "D\u00f6rferrunde (Vill => St. Pauls => Nauders => Gifen)", "ref": "", "relation_id": 11792683, "role": ""}, "geometry": {"type": "LineString", "coordinates": [[11.6789103, 46.7890507], [11.6789054, 46.7889669], [11.6788852, 46.7888645], [11.6788463, 46.7887369], [11.6787004, 46.7883548], [11.6786525, 46.7882429]]}}, {"type": "Feature", "properties": {"category": "st_paul_trail", "name": "D\u00f6rferrunde (Vill => St. Pauls => Nauders => Gifen)", "ref": "", "relation_id": 11792683, "role": ""}, "geometry": {"type": "LineString", "coordinates": [[11.6799543, 46.7890377], [11.6798429, 46.7889966], [11.6797572, 46.7889849], [11.6796175, 46.7889949], [11.6795021, 46.7890271], [11.6793707, 46.7890803], [11.6792581, 46.7891042], [11.6791343, 46.789118], [11.6790257, 46.7890776], [11.6789103, 46.7890507]]}}, {"type": "Feature", "properties": {"category": "st_paul_trail", "name": "D\u00f6rferrunde (Vill => St. Pauls => Nauders => Gifen)", "ref": "", "relation_id": 11792683, "role": ""}, "geometry": {"type": "LineString", "coordinates": [[11.6826725, 46.7888912], [11.6823661, 46.7888292], [11.6822668, 46.7887911], [11.6820952, 46.7887658], [11.6818122, 46.788786], [11.6817029, 46.7888149], [11.6815641, 46.7889531], [11.6814876, 46.7889729], [11.6813703, 46.7889591], [11.6812335, 46.7889701], [11.6810592, 46.7890087], [11.6807722, 46.7890877], [11.6806595, 46.789084], [11.680567, 46.7890978], [11.6804597, 46.7891271], [11.6802545, 46.7890867], [11.6799543, 46.7890377]]}}, {"type": "Feature", "properties": {"category": "st_paul_trail", "name": "D\u00f6rferrunde (Vill => St. Pauls => Nauders => Gifen)", "ref": "", "relation_id": 11792683, "role": ""}, "geometry": {"type": "LineString", "coordinates": [[11.6864732, 46.7881781], [11.686272, 46.7882204], [11.6861393, 46.7882856], [11.6859931, 46.7884228], [11.6858382, 46.7884403], [11.685641, 46.7884995], [11.685513, 46.7885055], [11.6853413, 46.7885633], [11.6852669, 46.7886171], [11.6852273, 46.7886836], [11.6851448, 46.788752], [11.6849712, 46.788724], [11.6848773, 46.7886965], [11.6848008, 46.7887148], [11.6846882, 46.7887681], [11.6845393, 46.7887341], [11.684369, 46.7887002], [11.6841839, 46.7886047], [11.6835536, 46.7887167], [11.6833176, 46.7887984], [11.6831271, 46.7888177], [11.6826725, 46.7888912]]}}, {"type": "Feature", "properties": {"category": "st_paul_trail", "name": "D\u00f6rferrunde (Vill => St. Pauls => Nauders => Gifen)", "ref": "", "relation_id": 11792683, "role": ""}, "geometry": {"type": "LineString", "coordinates": [[11.686914, 46.7867584], [11.6867748, 46.7868727], [11.6866208, 46.7870828], [11.6865602, 46.7872043], [11.6865016, 46.7873574], [11.6864734, 46.7874956], [11.6864807, 46.78765], [11.6865087, 46.787888], [11.6864947, 46.7881191], [11.6864732, 46.7881781]]}}, {"type": "Feature", "properties": {"category": "st_paul_trail", "name": "D\u00f6rferrunde (Vill => St. Pauls => Nauders => Gifen)", "ref": "", "relation_id": 11792683, "role": ""}, "geometry": {"type": "LineString", "coordinates": [[11.6871271, 46.7865057], [11.6871203, 46.7865696], [11.6871072, 46.7866098], [11.6870769, 46.7866469], [11.686914, 46.7867584]]}}, {"type": "Feature", "properties": {"category": "st_paul_trail", "name": "D\u00f6rferrunde (Vill => St. Pauls => Nauders => Gifen)", "ref": "", "relation_id": 11792683, "role": ""}, "geometry": {"type": "LineString", "coordinates": [[11.6871271, 46.7865057], [11.6871842, 46.7865084], [11.6873905, 46.7865259], [11.6876879, 46.7865383], [11.6879152, 46.7865693], [11.6882917, 46.7866592], [11.688359, 46.7866818], [11.688672, 46.7868226], [11.6888877, 46.7869161], [11.6889426, 46.7869399], [11.689081, 46.7869906], [11.6891905, 46.7870215], [11.6893476, 46.787052], [11.6893772, 46.7870578], [11.6895191, 46.787106], [11.6899052, 46.7872491]]}}, {"type": "Feature", "properties": {"category": "st_paul_trail", "name": "D\u00f6rferrunde (Vill => St. Pauls => Nauders => Gifen)", "ref": "", "relation_id": 11792683, "role": ""}, "geometry": {"type": "LineString", "coordinates": [[11.6899052, 46.7872491], [11.6903268, 46.7873867], [11.6904277, 46.7874274], [11.6905337, 46.7874825], [11.6907034, 46.7875829], [11.6909233, 46.7877603]]}}, {"type": "Feature", "properties": {"category": "st_paul_trail", "name": "D\u00f6rferrunde (Vill => St. Pauls => Nauders => Gifen)", "ref": "", "relation_id": 11792683, "role": ""}, "geometry": {"type": "LineString", "coordinates": [[11.6909233, 46.7877603], [11.6909922, 46.7878156], [11.6910216, 46.7878384], [11.6911423, 46.7879198], [11.6912585, 46.7879897], [11.6913781, 46.788047], [11.6914138, 46.7880623], [11.6916247, 46.7881529], [11.6917616, 46.7882112], [11.6919166, 46.7882771], [11.6921804, 46.7883894], [11.6922622, 46.7884355], [11.6924473, 46.7885381], [11.6925052, 46.7885702], [11.6925961, 46.788645], [11.6926711, 46.7887225], [11.6927298, 46.7887852], [11.6928131, 46.7888572], [11.6928699, 46.788906], [11.6929337, 46.7889453], [11.6930187, 46.7889856]]}}, {"type": "Feature", "properties": {"category": "st_paul_trail", "name": "D\u00f6rferrunde (Vill => St. Pauls => Nauders => Gifen)", "ref": "", "relation_id": 11792683, "role": ""}, "geometry": {"type": "LineString", "coordinates": [[11.6930187, 46.7889856], [11.6931369, 46.7890117], [11.6932721, 46.7890227], [11.6933977, 46.7890249], [11.69352, 46.7890161], [11.6936487, 46.7889853], [11.6937421, 46.788939], [11.6938322, 46.7888751], [11.6939159, 46.7888045], [11.6939867, 46.7887186], [11.6940245, 46.7886539], [11.694064, 46.7885863], [11.694138, 46.7884607], [11.6942958, 46.7882425]]}}, {"type": "Feature", "properties": {"category": "st_paul_trail", "name": "D\u00f6rferrunde (Vill => St. Pauls => Nauders => Gifen)", "ref": "", "relation_id": 11792683, "role": ""}, "geometry": {"type": "LineString", "coordinates": [[11.6942958, 46.7882425], [11.6945501, 46.7879009], [11.6947576, 46.7876109], [11.6949439, 46.7873601], [11.6949777, 46.7873221]]}}, {"type": "Feature", "properties": {"category": "st_paul_trail", "name": "D\u00f6rferrunde (Vill => St. Pauls => Nauders => Gifen)", "ref": "", "relation_id": 11792683, "role": ""}, "geometry": {"type": "LineString", "coordinates": [[11.6949777, 46.7873221], [11.6950701, 46.7872462], [11.6951655, 46.7871893], [11.6953934, 46.787086], [11.6956718, 46.7869624], [11.6960061, 46.786814], [11.6964018, 46.7866357], [11.69671, 46.7864969], [11.6973828, 46.7862038], [11.6980491, 46.7859084], [11.6985448, 46.7856682], [11.6986584, 46.7855894]]}}, {"type": "Feature", "properties": {"category": "st_paul_trail", "name": "D\u00f6rferrunde (Vill => St. Pauls => Nauders => Gifen)", "ref": "", "relation_id": 11792683, "role": ""}, "geometry": {"type": "LineString", "coordinates": [[11.6986584, 46.7855894], [11.6986933, 46.7855608], [11.6988403, 46.7853994], [11.6994102, 46.7847047], [11.6997005, 46.7843232], [11.6998526, 46.7841783]]}}, {"type": "Feature", "properties": {"category": "st_paul_trail", "name": "D\u00f6rferrunde (Vill => St. Pauls => Nauders => Gifen)", "ref": "", "relation_id": 11792683, "role": ""}, "geometry": {"type": "LineString", "coordinates": [[11.6993481, 46.7841374], [11.6994212, 46.7841195], [11.6995101, 46.7841129], [11.6996284, 46.7841303], [11.6997582, 46.7841985], [11.6998111, 46.7841636], [11.6998526, 46.7841783]]}}, {"type": "Feature", "properties": {"category": "st_paul_trail", "name": "D\u00f6rferrunde (Vill => St. Pauls => Nauders => Gifen)", "ref": "", "relation_id": 11792683, "role": ""}, "geometry": {"type": "LineString", "coordinates": [[11.6991282, 46.7845596], [11.6992335, 46.7844247], [11.6993729, 46.7842621], [11.6993977, 46.7841909], [11.6993481, 46.7841374]]}}, {"type": "Feature", "properties": {"category": "st_paul_trail", "name": "D\u00f6rferrunde (Vill => St. Pauls => Nauders => Gifen)", "ref": "", "relation_id": 11792683, "role": ""}, "geometry": {"type": "LineString", "coordinates": [[11.6967558, 46.7830527], [11.6968337, 46.7830787], [11.6968907, 46.7831071], [11.6969798, 46.7831722], [11.6970961, 46.783264], [11.697157, 46.7834284], [11.6971849, 46.7835029], [11.6972418, 46.7835929], [11.6973149, 46.7836833], [11.6974765, 46.783815], [11.6975634, 46.7839821], [11.6976082, 46.7841461], [11.6976569, 46.7842543], [11.6977032, 46.7842949], [11.6977519, 46.7843225], [11.6978587, 46.7843038], [11.6980261, 46.7842892], [11.6981329, 46.7842925], [11.698254, 46.7843063], [11.6983312, 46.7843461], [11.6984076, 46.7844183], [11.6984477, 46.7844645], [11.6985658, 46.784584], [11.6986237, 46.7846099], [11.6986987, 46.7846279], [11.6987878, 46.7846426], [11.6988697, 46.7846385], [11.6989492, 46.7846011], [11.6990041, 46.7845649], [11.6990631, 46.7845463], [11.6991282, 46.7845596]]}}, {"type": "Feature", "properties": {"category": "st_paul_trail", "name": "D\u00f6rferrunde (Vill => St. Pauls => Nauders => Gifen)", "ref": "", "relation_id": 11792683, "role": ""}, "geometry": {"type": "LineString", "coordinates": [[11.695919, 46.7811876], [11.695905, 46.7812091], [11.6959311, 46.7812414], [11.6959782, 46.7816153], [11.6960177, 46.7817664], [11.6960827, 46.7819151], [11.6961535, 46.7820423], [11.6962092, 46.7821106], [11.6963311, 46.7822784], [11.6964821, 46.7826235], [11.6966048, 46.782954], [11.6967558, 46.7830527]]}}, {"type": "Feature", "properties": {"category": "st_paul_trail", "name": "D\u00f6rferrunde (Vill => St. Pauls => Nauders => Gifen)", "ref": "", "relation_id": 11792683, "role": ""}, "geometry": {"type": "LineString", "coordinates": [[11.6959643, 46.7811598], [11.695919, 46.7811876]]}}, {"type": "Feature", "properties": {"category": "st_paul_trail", "name": "D\u00f6rferrunde (Vill => St. Pauls => Nauders => Gifen)", "ref": "", "relation_id": 11792683, "role": ""}, "geometry": {"type": "LineString", "coordinates": [[11.6952373, 46.7798979], [11.6953467, 46.7800958], [11.6954104, 46.7803003], [11.6954488, 46.7804259], [11.6955126, 46.7804402], [11.6955289, 46.780476], [11.6955661, 46.7805793], [11.6956388, 46.780694], [11.6959596, 46.7811318], [11.6959643, 46.7811598]]}}, {"type": "Feature", "properties": {"category": "st_paul_trail", "name": "D\u00f6rferrunde (Vill => St. Pauls => Nauders => Gifen)", "ref": "", "relation_id": 11792683, "role": ""}, "geometry": {"type": "LineString", "coordinates": [[11.6950458, 46.7794764], [11.6950881, 46.7795314], [11.6951098, 46.7796582], [11.6951534, 46.7797766], [11.6952373, 46.7798979]]}}, {"type": "Feature", "properties": {"category": "st_paul_trail", "name": "D\u00f6rferrunde (Vill => St. Pauls => Nauders => Gifen)", "ref": "", "relation_id": 11792683, "role": ""}, "geometry": {"type": "LineString", "coordinates": [[11.6956606, 46.7788415], [11.6956091, 46.7788724], [11.695519, 46.7789562], [11.6954514, 46.779073], [11.6953451, 46.7792604], [11.6952936, 46.779364], [11.6952389, 46.7794169], [11.6951971, 46.7794433], [11.6951295, 46.7794632], [11.6950458, 46.7794764]]}}, {"type": "Feature", "properties": {"category": "st_paul_trail", "name": "D\u00f6rferrunde (Vill => St. Pauls => Nauders => Gifen)", "ref": "", "relation_id": 11792683, "role": ""}, "geometry": {"type": "LineString", "coordinates": [[11.6981284, 46.775717], [11.697826, 46.7757917], [11.6975997, 46.7758505], [11.6973651, 46.7759275], [11.6971503, 46.7760044], [11.6969851, 46.776061], [11.696767, 46.77613], [11.6965522, 46.77619], [11.6962482, 46.7762895], [11.6961342, 46.7763235], [11.6960235, 46.7763495], [11.6958798, 46.7763721], [11.69547, 46.7764321], [11.6950983, 46.7764853], [11.6948885, 46.7765136], [11.6947959, 46.7765283], [11.6947332, 46.7765475], [11.694677, 46.7765781], [11.694639, 46.7766256], [11.6945993, 46.7766867], [11.6945696, 46.7767444], [11.6945597, 46.7768032], [11.694563, 46.7768632], [11.6945746, 46.7769288], [11.6946059, 46.7769956], [11.6946572, 46.7770748], [11.6950228, 46.7774376], [11.6951345, 46.7775762], [11.6951949, 46.7776754], [11.6952311, 46.7777416], [11.6952855, 46.777845], [11.6953187, 46.777938], [11.6953307, 46.7780518], [11.6953187, 46.7783226], [11.6953549, 46.7784943], [11.6953688, 46.7785298], [11.6954002, 46.77861], [11.6954274, 46.7786576], [11.6954636, 46.7786617], [11.6955119, 46.7786597], [11.6955421, 46.7786514], [11.6955814, 46.7786597], [11.6956055, 46.7786886], [11.6956115, 46.7787238], [11.6956085, 46.7787506], [11.6956176, 46.778792], [11.6956606, 46.7788415]]}}, {"type": "Feature", "properties": {"category": "st_paul_trail", "name": "D\u00f6rferrunde (Vill => St. Pauls => Nauders => Gifen)", "ref": "", "relation_id": 11792683, "role": ""}, "geometry": {"type": "LineString", "coordinates": [[11.695305, 46.7752393], [11.6954529, 46.7752453], [11.6955412, 46.7752392], [11.6956356, 46.7752223], [11.695767, 46.7752155], [11.6958589, 46.7752357], [11.6959132, 46.7752435], [11.6959635, 46.7752765], [11.6959964, 46.7753096], [11.6960755, 46.7753633], [11.6961895, 46.7753941], [11.6962767, 46.7753978], [11.696341, 46.7754194], [11.6964369, 46.7754079], [11.6965932, 46.7753142], [11.6966964, 46.7752954], [11.6970599, 46.775299], [11.6973221, 46.7752664], [11.6975306, 46.7752958], [11.6977445, 46.7752343], [11.6979495, 46.7751208], [11.6980362, 46.7751438], [11.6980543, 46.7752265], [11.6981173, 46.7753087], [11.6983058, 46.7754106], [11.6984566, 46.7754905], [11.6985505, 46.7755732], [11.698529, 46.7756315], [11.698348, 46.7756903], [11.6981284, 46.775717]]}}, {"type": "Feature", "properties": {"category": "st_paul_trail", "name": "D\u00f6rferrunde (Vill => St. Pauls => Nauders => Gifen)", "ref": "", "relation_id": 11792683, "role": ""}, "geometry": {"type": "LineString", "coordinates": [[11.6924722, 46.7761049], [11.6924846, 46.7760889], [11.6925208, 46.7759651], [11.6925397, 46.7758363], [11.6925744, 46.7757476], [11.6926124, 46.7756559], [11.6927195, 46.7755565], [11.6928479, 46.7754756], [11.6929796, 46.7754039], [11.6930538, 46.7753583], [11.6931053, 46.7753131], [11.6931301, 46.7752608], [11.6931328, 46.7751874], [11.6931244, 46.7750827], [11.6931229, 46.7750028], [11.6931383, 46.7749624], [11.6931573, 46.774945], [11.6931868, 46.7749307], [11.6932417, 46.7749238], [11.6933297, 46.7749208], [11.6936798, 46.7750091], [11.6937473, 46.7750097], [11.6938022, 46.7749997], [11.6939109, 46.7749853], [11.6939878, 46.774999], [11.6940504, 46.7750276], [11.6941352, 46.7750731], [11.6942727, 46.7751018], [11.6945122, 46.7750629], [11.6948356, 46.7751032], [11.694959, 46.7751383], [11.6950887, 46.7751909], [11.6952006, 46.7752231], [11.695305, 46.7752393]]}}, {"type": "Feature", "properties": {"category": "st_paul_trail", "name": "D\u00f6rferrunde (Vill => St. Pauls => Nauders => Gifen)", "ref": "", "relation_id": 11792683, "role": ""}, "geometry": {"type": "LineString", "coordinates": [[11.6924248, 46.7761187], [11.6924722, 46.7761049]]}}, {"type": "Feature", "properties": {"category": "st_paul_trail", "name": "D\u00f6rferrunde (Vill => St. Pauls => Nauders => Gifen)", "ref": "", "relation_id": 11792683, "role": ""}, "geometry": {"type": "LineString", "coordinates": [[11.691837, 46.7766284], [11.6918971, 46.7766428], [11.6919841, 46.7766406], [11.692097, 46.7765862], [11.6921139, 46.7765324], [11.692138, 46.7765271], [11.6921802, 46.7765549], [11.6922156, 46.7765461], [11.6922366, 46.7765226], [11.6922353, 46.7764692], [11.6922187, 46.7763964], [11.6922243, 46.776334], [11.6922588, 46.7763027], [11.6923165, 46.7762924], [11.6923376, 46.7763075], [11.6923503, 46.7763097], [11.6923611, 46.7763016], [11.6923667, 46.7762703], [11.6923661, 46.7762086], [11.6924248, 46.7761187]]}}, {"type": "Feature", "properties": {"category": "st_paul_trail", "name": "D\u00f6rferrunde (Vill => St. Pauls => Nauders => Gifen)", "ref": "", "relation_id": 11792683, "role": ""}, "geometry": {"type": "LineString", "coordinates": [[11.6904434, 46.7768508], [11.6906974, 46.7767931], [11.6911374, 46.7766569], [11.691297, 46.7766085], [11.6913789, 46.7765941], [11.6914503, 46.7765948], [11.6916834, 46.7766453], [11.6917571, 46.7766519], [11.6917982, 46.7766475], [11.691837, 46.7766284]]}}, {"type": "Feature", "properties": {"category": "st_paul_trail", "name": "Saint C\u00e9r\u00e9 - St Paul de Vern", "ref": "C10", "relation_id": 12110706, "role": ""}, "geometry": {"type": "LineString", "coordinates": [[1.8921276, 44.8589786], [1.8921296, 44.8589882], [1.8921295, 44.8589978], [1.8921266, 44.8590074], [1.8921207, 44.859017], [1.8921147, 44.8590232], [1.8921062, 44.8590294], [1.8920958, 44.8590353], [1.8920813, 44.8590401]]}}, {"type": "Feature", "properties": {"category": "st_paul_trail", "name": "Saint C\u00e9r\u00e9 - St Paul de Vern", "ref": "C10", "relation_id": 12110706, "role": ""}, "geometry": {"type": "LineString", "coordinates": [[1.8920523, 44.8589491], [1.8920653, 44.8589493], [1.8920783, 44.8589503], [1.8920877, 44.8589523], [1.892097, 44.858955], [1.8921082, 44.8589599], [1.8921173, 44.8589658], [1.892123, 44.8589722], [1.8921276, 44.8589786]]}}, {"type": "Feature", "properties": {"category": "st_paul_trail", "name": "Saint C\u00e9r\u00e9 - St Paul de Vern", "ref": "C10", "relation_id": 12110706, "role": ""}, "geometry": {"type": "LineString", "coordinates": [[1.892003, 44.8590123], [1.8920009, 44.8590042], [1.8919994, 44.8589952], [1.8920005, 44.8589861], [1.8920041, 44.8589782], [1.8920098, 44.8589703], [1.8920175, 44.8589634], [1.8920277, 44.8589566], [1.892039, 44.8589525], [1.8920523, 44.8589491]]}}, {"type": "Feature", "properties": {"category": "st_paul_trail", "name": "Saint C\u00e9r\u00e9 - St Paul de Vern", "ref": "C10", "relation_id": 12110706, "role": ""}, "geometry": {"type": "LineString", "coordinates": [[1.8920813, 44.8590401], [1.8920674, 44.8590406], [1.8920541, 44.8590393], [1.8920413, 44.8590368], [1.8920285, 44.8590329], [1.8920176, 44.8590271], [1.8920092, 44.8590205], [1.892003, 44.8590123]]}}, {"type": "Feature", "properties": {"category": "st_paul_trail", "name": "Saint C\u00e9r\u00e9 - St Paul de Vern", "ref": "C10", "relation_id": 12110706, "role": ""}, "geometry": {"type": "LineString", "coordinates": [[1.8922206, 44.8590362], [1.89218, 44.8590353], [1.8921414, 44.8590353], [1.8920813, 44.8590401]]}}, {"type": "Feature", "properties": {"category": "st_paul_trail", "name": "Saint C\u00e9r\u00e9 - St Paul de Vern", "ref": "C10", "relation_id": 12110706, "role": ""}, "geometry": {"type": "LineString", "coordinates": [[1.892342, 44.8590445], [1.8922206, 44.8590362]]}}, {"type": "Feature", "properties": {"category": "st_paul_trail", "name": "Saint C\u00e9r\u00e9 - St Paul de Vern", "ref": "C10", "relation_id": 12110706, "role": ""}, "geometry": {"type": "LineString", "coordinates": [[1.8925057, 44.8590548], [1.892342, 44.8590445]]}}, {"type": "Feature", "properties": {"category": "st_paul_trail", "name": "Saint C\u00e9r\u00e9 - St Paul de Vern", "ref": "C10", "relation_id": 12110706, "role": ""}, "geometry": {"type": "LineString", "coordinates": [[1.8929044, 44.8590854], [1.8925889, 44.859061], [1.8925223, 44.859056], [1.8925057, 44.8590548]]}}, {"type": "Feature", "properties": {"category": "st_paul_trail", "name": "Saint C\u00e9r\u00e9 - St Paul de Vern", "ref": "C10", "relation_id": 12110706, "role": ""}, "geometry": {"type": "LineString", "coordinates": [[1.8938401, 44.8591611], [1.8937676, 44.8591543], [1.8933074, 44.8591166], [1.8931981, 44.8591081], [1.8931345, 44.8591032], [1.8929044, 44.8590854]]}}, {"type": "Feature", "properties": {"category": "st_paul_trail", "name": "Saint C\u00e9r\u00e9 - St Paul de Vern", "ref": "C10", "relation_id": 12110706, "role": ""}, "geometry": {"type": "LineString", "coordinates": [[1.8973066, 44.8594731], [1.8971903, 44.8594644], [1.8965942, 44.8594124], [1.8960144, 44.859369], [1.8955179, 44.8593213], [1.8952851, 44.8592989], [1.8950205, 44.8592734], [1.8938401, 44.8591611]]}}, {"type": "Feature", "properties": {"category": "st_paul_trail", "name": "Saint C\u00e9r\u00e9 - St Paul de Vern", "ref": "C10", "relation_id": 12110706, "role": ""}, "geometry": {"type": "LineString", "coordinates": [[1.8973066, 44.8594731], [1.897306, 44.8595123], [1.8972986, 44.8596749], [1.8973174, 44.8597918], [1.8973451, 44.8598548]]}}, {"type": "Feature", "properties": {"category": "st_paul_trail", "name": "Saint C\u00e9r\u00e9 - St Paul de Vern", "ref": "C10", "relation_id": 12110706, "role": ""}, "geometry": {"type": "LineString", "coordinates": [[1.8973451, 44.8598548], [1.8974939, 44.859999], [1.8976069, 44.8600513], [1.8979879, 44.8601835]]}}, {"type": "Feature", "properties": {"category": "st_paul_trail", "name": "Saint C\u00e9r\u00e9 - St Paul de Vern", "ref": "C10", "relation_id": 12110706, "role": ""}, "geometry": {"type": "LineString", "coordinates": [[1.8979879, 44.8601835], [1.8982347, 44.8602975], [1.8986964, 44.8606272], [1.8988427, 44.8606574]]}}, {"type": "Feature", "properties": {"category": "st_paul_trail", "name": "Saint C\u00e9r\u00e9 - St Paul de Vern", "ref": "C10", "relation_id": 12110706, "role": ""}, "geometry": {"type": "LineString", "coordinates": [[1.8988427, 44.8606574], [1.8989294, 44.8606716]]}}, {"type": "Feature", "properties": {"category": "st_paul_trail", "name": "Saint C\u00e9r\u00e9 - St Paul de Vern", "ref": "C10", "relation_id": 12110706, "role": ""}, "geometry": {"type": "LineString", "coordinates": [[1.8989294, 44.8606716], [1.8995302, 44.860731], [1.899793, 44.8607785]]}}, {"type": "Feature", "properties": {"category": "st_paul_trail", "name": "Saint C\u00e9r\u00e9 - St Paul de Vern", "ref": "C10", "relation_id": 12110706, "role": ""}, "geometry": {"type": "LineString", "coordinates": [[1.9003478, 44.8608064], [1.9000072, 44.8607646], [1.899793, 44.8607785]]}}, {"type": "Feature", "properties": {"category": "st_paul_trail", "name": "Saint C\u00e9r\u00e9 - St Paul de Vern", "ref": "C10", "relation_id": 12110706, "role": ""}, "geometry": {"type": "LineString", "coordinates": [[1.9019651, 44.860238], [1.9011122, 44.86047], [1.900683, 44.8607399], [1.9003478, 44.8608064]]}}, {"type": "Feature", "properties": {"category": "st_paul_trail", "name": "Saint C\u00e9r\u00e9 - St Paul de Vern", "ref": "C10", "relation_id": 12110706, "role": ""}, "geometry": {"type": "LineString", "coordinates": [[1.9078392, 44.8632875], [1.9071847, 44.8631506], [1.9061655, 44.8626829], [1.9050336, 44.8622913], [1.904127, 44.861873], [1.9030595, 44.8616449], [1.9027644, 44.8613597], [1.9025391, 44.86093], [1.9020188, 44.8603369], [1.9019651, 44.860238]]}}, {"type": "Feature", "properties": {"category": "st_paul_trail", "name": "Saint C\u00e9r\u00e9 - St Paul de Vern", "ref": "C10", "relation_id": 12110706, "role": ""}, "geometry": {"type": "LineString", "coordinates": [[1.9095791, 44.8639748], [1.9094431, 44.8639567], [1.9078392, 44.8632875]]}}, {"type": "Feature", "properties": {"category": "st_paul_trail", "name": "Saint C\u00e9r\u00e9 - St Paul de Vern", "ref": "C10", "relation_id": 12110706, "role": ""}, "geometry": {"type": "LineString", "coordinates": [[1.9133368, 44.8679613], [1.9132407, 44.867733], [1.9131431, 44.8676659], [1.9129742, 44.8676184], [1.912663, 44.8676032], [1.9124941, 44.8675785], [1.9124462, 44.8675658], [1.9123224, 44.8674682], [1.9122366, 44.8673161], [1.9120408, 44.8670633], [1.9119281, 44.8668542], [1.9118396, 44.8664835], [1.911743, 44.8662763], [1.9115982, 44.8660101], [1.9114212, 44.8658029], [1.9113904, 44.8655851], [1.9113341, 44.8654089], [1.9110098, 44.865109], [1.9109005, 44.8649171], [1.9107885, 44.8646465], [1.9106399, 44.8645134], [1.9103871, 44.8643686], [1.9098015, 44.864148], [1.9096561, 44.8640664], [1.9095791, 44.8639748]]}}, {"type": "Feature", "properties": {"category": "st_paul_trail", "name": "Saint C\u00e9r\u00e9 - St Paul de Vern", "ref": "C10", "relation_id": 12110706, "role": ""}, "geometry": {"type": "LineString", "coordinates": [[1.9133368, 44.8679613], [1.9141853, 44.8672911], [1.9150972, 44.8664623], [1.9164598, 44.8657399], [1.9175327, 44.8653825], [1.9184633, 44.8656669]]}}, {"type": "Feature", "properties": {"category": "st_paul_trail", "name": "Saint C\u00e9r\u00e9 - St Paul de Vern", "ref": "C10", "relation_id": 12110706, "role": ""}, "geometry": {"type": "LineString", "coordinates": [[1.9207078, 44.8571258], [1.9206735, 44.8576789], [1.9203356, 44.8582417], [1.920408, 44.8592532], [1.9206248, 44.8602593], [1.9201315, 44.8611722], [1.9200473, 44.8619247], [1.9200539, 44.8626753], [1.9189516, 44.864095], [1.9184907, 44.864946], [1.9183784, 44.8652423], [1.9184633, 44.8656669]]}}, {"type": "Feature", "properties": {"category": "st_paul_trail", "name": "Saint C\u00e9r\u00e9 - St Paul de Vern", "ref": "C10", "relation_id": 12110706, "role": ""}, "geometry": {"type": "LineString", "coordinates": [[1.9207078, 44.8571258], [1.9213678, 44.8571865]]}}, {"type": "Feature", "properties": {"category": "st_paul_trail", "name": "Saint C\u00e9r\u00e9 - St Paul de Vern", "ref": "C10", "relation_id": 12110706, "role": ""}, "geometry": {"type": "LineString", "coordinates": [[1.9213678, 44.8571865], [1.9213726, 44.8571497], [1.9214099, 44.8569486], [1.9214046, 44.856907], [1.9213625, 44.8568125], [1.9212413, 44.8565751], [1.9212285, 44.8565239], [1.9212413, 44.8562069], [1.9212411, 44.8560439], [1.9212284, 44.8559905]]}}, {"type": "Feature", "properties": {"category": "st_paul_trail", "name": "Saint C\u00e9r\u00e9 - St Paul de Vern", "ref": "C10", "relation_id": 12110706, "role": ""}, "geometry": {"type": "LineString", "coordinates": [[1.9212284, 44.8559905], [1.9211861, 44.8558131]]}}, {"type": "Feature", "properties": {"category": "st_paul_trail", "name": "Saint C\u00e9r\u00e9 - St Paul de Vern", "ref": "C10", "relation_id": 12110706, "role": ""}, "geometry": {"type": "LineString", "coordinates": [[1.9211861, 44.8558131], [1.9211282, 44.8557459], [1.9210705, 44.8557192], [1.9210204, 44.8556987]]}}, {"type": "Feature", "properties": {"category": "st_paul_trail", "name": "Saint C\u00e9r\u00e9 - St Paul de Vern", "ref": "C10", "relation_id": 12110706, "role": ""}, "geometry": {"type": "LineString", "coordinates": [[1.9210204, 44.8556987], [1.9211384, 44.8556341], [1.9220851, 44.8553009], [1.9221731, 44.8552542], [1.9222242, 44.8552075], [1.9224698, 44.8549727], [1.9225035, 44.8549586], [1.9225546, 44.8549466], [1.9233926, 44.8549216], [1.9234274, 44.8549292], [1.9234785, 44.8549455]]}}, {"type": "Feature", "properties": {"category": "st_paul_trail", "name": "Saint C\u00e9r\u00e9 - St Paul de Vern", "ref": "C10", "relation_id": 12110706, "role": ""}, "geometry": {"type": "LineString", "coordinates": [[1.9271447, 44.8547272], [1.9278029, 44.8545017]]}}, {"type": "Feature", "properties": {"category": "st_paul_trail", "name": "Saint C\u00e9r\u00e9 - St Paul de Vern", "ref": "C10", "relation_id": 12110706, "role": ""}, "geometry": {"type": "LineString", "coordinates": [[1.9278029, 44.8545017], [1.9281355, 44.8544276], [1.9285592, 44.8541252], [1.9286048, 44.8538932], [1.9286504, 44.8535814], [1.9286746, 44.8531935], [1.9285914, 44.8528436]]}}, {"type": "Feature", "properties": {"category": "st_paul_trail", "name": "Saint C\u00e9r\u00e9 - St Paul de Vern", "ref": "C10", "relation_id": 12110706, "role": ""}, "geometry": {"type": "LineString", "coordinates": [[1.9362648, 44.8417207], [1.9362719, 44.8417546], [1.9362177, 44.8418329], [1.9358527, 44.842244], [1.9357162, 44.8424584], [1.9355461, 44.8427791], [1.9354434, 44.8430147], [1.9354041, 44.843181], [1.9353902, 44.8432398], [1.9353512, 44.8433319], [1.9352095, 44.8434648], [1.9349764, 44.8437138], [1.9344842, 44.8442236], [1.9340497, 44.844642], [1.933921, 44.8448968], [1.9337815, 44.8452334], [1.9337895, 44.8454959], [1.9341698, 44.8459915], [1.9345657, 44.8466904], [1.9345736, 44.8470381], [1.9344744, 44.8473722], [1.9342859, 44.8474715], [1.9340463, 44.847418], [1.9337816, 44.847239], [1.9328374, 44.8468256], [1.9319897, 44.8463886], [1.931756, 44.8461816], [1.9315675, 44.8468126], [1.9318522, 44.8469247], [1.9321962, 44.8473548], [1.932519, 44.8483389], [1.9325523, 44.848715], [1.9324816, 44.8490088], [1.9320651, 44.8496227], [1.9316269, 44.8498949], [1.9305337, 44.8501949], [1.9304676, 44.8502787], [1.9302305, 44.8508944], [1.9294571, 44.8517413], [1.9291469, 44.8519735], [1.928708, 44.8521307], [1.9286178, 44.8523606], [1.9283659, 44.8525307], [1.9283332, 44.8526045], [1.9285914, 44.8528436]]}}, {"type": "Feature", "properties": {"category": "st_paul_trail", "name": "Saint C\u00e9r\u00e9 - St Paul de Vern", "ref": "C10", "relation_id": 12110706, "role": ""}, "geometry": {"type": "LineString", "coordinates": [[1.9394898, 44.8403232], [1.9394585, 44.8403407], [1.939419, 44.8403535], [1.9393593, 44.8403589], [1.9391982, 44.8403407], [1.939035, 44.8403162], [1.9389421, 44.8403141], [1.9388056, 44.8403301], [1.9386609, 44.840364], [1.9386189, 44.8403738], [1.9384002, 44.8404559], [1.937965, 44.8405935], [1.9378476, 44.8406533], [1.937725, 44.8407344], [1.9372097, 44.8410629], [1.9368662, 44.8412699], [1.9365601, 44.841463], [1.9363574, 44.8416379], [1.9362906, 44.8417131], [1.9362648, 44.8417207]]}}, {"type": "Feature", "properties": {"category": "st_paul_trail", "name": "Saint C\u00e9r\u00e9 - St Paul de Vern", "ref": "C10", "relation_id": 12110706, "role": ""}, "geometry": {"type": "LineString", "coordinates": [[1.9379087, 44.8396766], [1.9380278, 44.8397188], [1.9382038, 44.8398059], [1.9384127, 44.8399433], [1.9384988, 44.839998], [1.9385849, 44.8400402], [1.9386609, 44.840069], [1.9387685, 44.840095], [1.9389053, 44.8401228], [1.939042, 44.840148], [1.9391307, 44.8401767], [1.9394898, 44.8403232]]}}, {"type": "Feature", "properties": {"category": "st_paul_trail", "name": "Saint C\u00e9r\u00e9 - St Paul de Vern", "ref": "C10", "relation_id": 12110706, "role": ""}, "geometry": {"type": "LineString", "coordinates": [[1.9365669, 44.8392606], [1.9369135, 44.8393583], [1.9375526, 44.8395627], [1.9379087, 44.8396766]]}}, {"type": "Feature", "properties": {"category": "st_paul_trail", "name": "Saint C\u00e9r\u00e9 - St Paul de Vern", "ref": "C10", "relation_id": 12110706, "role": ""}, "geometry": {"type": "LineString", "coordinates": [[1.933904, 44.8410713], [1.9339268, 44.8410322], [1.9339866, 44.8409909], [1.9346037, 44.8406204], [1.9348036, 44.8404759], [1.9349611, 44.8403423], [1.935701, 44.8396187], [1.9358368, 44.8395188], [1.9359835, 44.8394492], [1.9361399, 44.8394069], [1.9364246, 44.8393384], [1.9364952, 44.8393167], [1.9365278, 44.8393004], [1.9365669, 44.8392606]]}}, {"type": "Feature", "properties": {"category": "st_paul_trail", "name": "Saint C\u00e9r\u00e9 - St Paul de Vern", "ref": "C10", "relation_id": 12110706, "role": ""}, "geometry": {"type": "LineString", "coordinates": [[1.9294225, 44.8439868], [1.9297559, 44.8435381], [1.9300002, 44.8432339], [1.9302337, 44.8429358], [1.9304995, 44.8426977], [1.9309006, 44.8423489], [1.9312355, 44.8421615], [1.9315474, 44.8420447], [1.9318102, 44.8419464], [1.9321359, 44.841805], [1.9327827, 44.841467], [1.9330639, 44.8413394], [1.9332637, 44.8412642], [1.9337313, 44.841117], [1.933816, 44.8410952], [1.933904, 44.8410713]]}}, {"type": "Feature", "properties": {"category": "st_paul_trail", "name": "Saint C\u00e9r\u00e9 - St Paul de Vern", "ref": "C10", "relation_id": 12110706, "role": ""}, "geometry": {"type": "LineString", "coordinates": [[1.9294225, 44.8439868], [1.9289374, 44.8440106], [1.9284287, 44.8438143], [1.9282986, 44.8444359], [1.9270829, 44.8450132], [1.9255578, 44.8455061], [1.9247578, 44.8459244], [1.9245332, 44.8464372], [1.9236427, 44.8471675], [1.9238041, 44.847809], [1.9228459, 44.8478585], [1.9225538, 44.8481601], [1.9219616, 44.8487629], [1.9215399, 44.8486964], [1.9206524, 44.8486476], [1.9200804, 44.8485572], [1.9202159, 44.8484616], [1.9208372, 44.8484187], [1.9209157, 44.8483014]]}}, {"type": "Feature", "properties": {"category": "st_paul_trail", "name": "Saint C\u00e9r\u00e9 - St Paul de Vern", "ref": "C10", "relation_id": 12110706, "role": ""}, "geometry": {"type": "LineString", "coordinates": [[1.9161591, 44.8500977], [1.9161855, 44.8501064], [1.9162366, 44.8501049], [1.9163396, 44.8500594], [1.9165476, 44.8499529], [1.9167529, 44.8498279], [1.9169614, 44.8496967], [1.9174339, 44.8492315], [1.9177226, 44.8490011], [1.9181673, 44.8487313], [1.9185086, 44.8485782], [1.9196602, 44.8481935], [1.9198774, 44.848157], [1.9200889, 44.8481672], [1.9202785, 44.8482066], [1.9206138, 44.8483028], [1.9207568, 44.8483189], [1.9209157, 44.8483014]]}}, {"type": "Feature", "properties": {"category": "st_paul_trail", "name": "Saint C\u00e9r\u00e9 - St Paul de Vern", "ref": "C10", "relation_id": 12110706, "role": ""}, "geometry": {"type": "LineString", "coordinates": [[1.9111875, 44.8528635], [1.9115379, 44.8528113], [1.9124017, 44.8526435], [1.9127417, 44.8525639], [1.9130176, 44.8524593], [1.9132041, 44.8522921], [1.9135218, 44.8520672], [1.9140622, 44.8517156], [1.9144631, 44.8514351], [1.914963, 44.8510163], [1.9156202, 44.8505181], [1.9161591, 44.8500977]]}}, {"type": "Feature", "properties": {"category": "st_paul_trail", "name": "Saint C\u00e9r\u00e9 - St Paul de Vern", "ref": "C10", "relation_id": 12110706, "role": ""}, "geometry": {"type": "LineString", "coordinates": [[1.9110342, 44.8528854], [1.9111875, 44.8528635]]}}, {"type": "Feature", "properties": {"category": "st_paul_trail", "name": "Saint C\u00e9r\u00e9 - St Paul de Vern", "ref": "C10", "relation_id": 12110706, "role": ""}, "geometry": {"type": "LineString", "coordinates": [[1.9039356, 44.8534606], [1.9045589, 44.8532862], [1.9052804, 44.8531056], [1.9058919, 44.8528432], [1.9065376, 44.852499], [1.9069175, 44.8524147], [1.907199, 44.8524393], [1.9074051, 44.8524929], [1.9081584, 44.8527919], [1.9090166, 44.8530699], [1.9096064, 44.8533167], [1.9097356, 44.8533265], [1.9098428, 44.8533053], [1.9100224, 44.8532202], [1.910245, 44.853049], [1.9105322, 44.8529611], [1.9110342, 44.8528854]]}}, {"type": "Feature", "properties": {"category": "st_paul_trail", "name": "Saint C\u00e9r\u00e9 - St Paul de Vern", "ref": "C10", "relation_id": 12110706, "role": ""}, "geometry": {"type": "LineString", "coordinates": [[1.9018299, 44.8538428], [1.902102, 44.8538167], [1.9028691, 44.8537274], [1.903107, 44.8536848], [1.9035051, 44.8536008], [1.9039356, 44.8534606]]}}, {"type": "Feature", "properties": {"category": "st_paul_trail", "name": "Saint C\u00e9r\u00e9 - St Paul de Vern", "ref": "C10", "relation_id": 12110706, "role": ""}, "geometry": {"type": "LineString", "coordinates": [[1.8994902, 44.8543119], [1.8995581, 44.8543049], [1.89961, 44.8542918], [1.8997204, 44.8542692], [1.8999485, 44.8542185], [1.9007072, 44.8540373], [1.9013283, 44.8538908], [1.9018299, 44.8538428]]}}, {"type": "Feature", "properties": {"category": "st_paul_trail", "name": "Saint C\u00e9r\u00e9 - St Paul de Vern", "ref": "C10", "relation_id": 12110706, "role": ""}, "geometry": {"type": "LineString", "coordinates": [[1.8990783, 44.8546694], [1.8993565, 44.8543888], [1.8994216, 44.8543211], [1.8994902, 44.8543119]]}}, {"type": "Feature", "properties": {"category": "st_paul_trail", "name": "Saint C\u00e9r\u00e9 - St Paul de Vern", "ref": "C10", "relation_id": 12110706, "role": ""}, "geometry": {"type": "LineString", "coordinates": [[1.8990297, 44.8547194], [1.8990783, 44.8546694]]}}, {"type": "Feature", "properties": {"category": "st_paul_trail", "name": "Saint C\u00e9r\u00e9 - St Paul de Vern", "ref": "C10", "relation_id": 12110706, "role": ""}, "geometry": {"type": "LineString", "coordinates": [[1.8934652, 44.8579818], [1.8935101, 44.857961], [1.8935723, 44.8579333], [1.8936483, 44.8578975], [1.8945001, 44.8574155], [1.8945454, 44.8573905], [1.8946761, 44.8573198], [1.8948608, 44.8572123], [1.8950057, 44.8571298], [1.8950795, 44.857079], [1.8951838, 44.8570115], [1.895613, 44.8567648], [1.8956469, 44.8567451], [1.8957177, 44.8567041], [1.8958451, 44.8566345], [1.8958981, 44.8566048], [1.8959726, 44.8565631], [1.896291, 44.8563845], [1.8966582, 44.8561756], [1.897054, 44.8559538], [1.897076, 44.8559417], [1.8974717, 44.8557237], [1.8975834, 44.855666], [1.8976811, 44.8556183], [1.897931, 44.8554707], [1.8984175, 44.8551933], [1.8986565, 44.8550266], [1.8988674, 44.8548578], [1.8989573, 44.8547866], [1.8990297, 44.8547194]]}}, {"type": "Feature", "properties": {"category": "st_paul_trail", "name": "Saint C\u00e9r\u00e9 - St Paul de Vern", "ref": "C10", "relation_id": 12110706, "role": ""}, "geometry": {"type": "LineString", "coordinates": [[1.8934652, 44.8579818], [1.8934671, 44.8580605], [1.8934663, 44.8581097], [1.8934661, 44.8581226]]}}, {"type": "Feature", "properties": {"category": "st_paul_trail", "name": "Saint C\u00e9r\u00e9 - St Paul de Vern", "ref": "C10", "relation_id": 12110706, "role": ""}, "geometry": {"type": "LineString", "coordinates": [[1.893456, 44.8583326], [1.8934661, 44.8581226]]}}, {"type": "Feature", "properties": {"category": "st_paul_trail", "name": "Saint C\u00e9r\u00e9 - St Paul de Vern", "ref": "C10", "relation_id": 12110706, "role": ""}, "geometry": {"type": "LineString", "coordinates": [[1.892703, 44.8586263], [1.8930611, 44.8585518], [1.8931712, 44.8585286], [1.8932676, 44.8585081], [1.8933054, 44.8584963], [1.8933418, 44.8584835], [1.8933914, 44.8584594], [1.8934253, 44.8584318], [1.8934424, 44.8584056], [1.8934532, 44.8583691], [1.893456, 44.8583326]]}}, {"type": "Feature", "properties": {"category": "st_paul_trail", "name": "Saint C\u00e9r\u00e9 - St Paul de Vern", "ref": "C10", "relation_id": 12110706, "role": ""}, "geometry": {"type": "LineString", "coordinates": [[1.8922722, 44.8588078], [1.892246, 44.8588328], [1.89222, 44.8588617], [1.8921953, 44.8588945], [1.8921276, 44.8589786]]}}, {"type": "Feature", "properties": {"category": "spur", "name": "Spur to Pinara"}, "geometry": {"type": "LineString", "coordinates": [[29.2437635, 36.401888], [29.2569, 36.4869]]}}, {"type": "Feature", "properties": {"category": "spur", "name": "Spur to Tlos"}, "geometry": {"type": "LineString", "coordinates": [[29.352776, 36.3637576], [29.4267, 36.5567]]}}, {"type": "Feature", "properties": {"category": "spur", "name": "Spur to Xanthos"}, "geometry": {"type": "LineString", "coordinates": [[29.3190965, 36.3559145], [29.3214, 36.3567]]}}, {"type": "Feature", "properties": {"category": "spur", "name": "Spur to Phellos"}, "geometry": {"type": "LineString", "coordinates": [[29.6323282, 36.2485275], [29.63, 36.2375]]}}, {"type": "Feature", "properties": {"category": "spur", "name": "Spur to Termessos"}, "geometry": {"type": "LineString", "coordinates": [[30.5280972, 36.9197977], [30.4664, 36.9842]]}}, {"type": "Feature", "properties": {"category": "spur", "name": "Spur to Sagalassos"}, "geometry": {"type": "LineString", "coordinates": [[30.573629, 36.9338475], [30.5217, 37.6789]]}}, {"type": "Feature", "properties": {"category": "day_hike", "name": "Tahtal\u0131 summit ascent"}, "geometry": {"type": "LineString", "coordinates": [[30.461, 36.523], [30.469, 36.554]]}}, {"type": "Feature", "properties": {"category": "day_hike", "name": "Chimaera flame walk"}, "geometry": {"type": "LineString", "coordinates": [[30.467, 36.42], [30.476, 36.434]]}}, {"type": "Feature", "properties": {"category": "day_hike", "name": "Saklikent gorge"}, "geometry": {"type": "LineString", "coordinates": [[29.346, 36.491], [29.351, 36.486]]}}, {"type": "Feature", "properties": {"category": "day_hike", "name": "Babada\u011f summit (paragliding)"}, "geometry": {"type": "LineString", "coordinates": [[29.157, 36.578], [29.142, 36.616]]}}]}